{"name": "Matern52", "best parameters": {"variance": 9.575594505909528, "lengthscale": 1.1325492488396605, "a": 0.3, "mean_utility": 2.6751772362697492}, "policy-diff": -2.8691801595396007}