number,group,order,batch,played_pitch,velocity,start_time,end_time
par1,I,0,0,74,55,7.323,8.128
par1,I,1,0,76,30,7.913,8.296
par1,I,2,0,76,60,8.477,8.857
par1,I,3,0,77,68,9.176,9.543
par1,I,4,0,72,65,9.814,10.281
par1,I,5,0,74,72,10.4,10.784
par1,I,6,0,76,68,10.987,11.306
par1,I,7,0,72,79,11.528,11.881
par1,I,8,0,74,67,12.147,12.407
par1,I,9,0,76,80,12.71,13.043
par1,I,10,0,77,63,13.328,13.606
par1,I,11,0,79,75,13.894,14.19
par1,I,12,0,79,68,14.471,14.865
par1,I,13,0,76,68,15.162,15.294
par1,I,14,0,77,55,15.162,15.384
par1,I,15,0,77,57,16.064,16.357
par1,I,16,0,76,65,16.522,16.747
par1,I,17,0,74,70,16.966,17.187
par1,I,18,0,72,78,17.436,17.777
par1,I,19,0,72,54,17.985,18.376
par1,I,20,0,74,67,18.522,18.757
par1,I,21,0,72,67,18.946,19.338
par1,I,22,0,74,62,19.489,19.865
par1,I,23,0,76,63,20.067,20.369
par1,I,24,0,77,63,20.629,20.981
par1,I,25,0,79,58,21.197,21.466
par1,I,26,0,79,60,21.745,22.171
par1,I,27,0,77,34,22.378,22.602
par1,I,28,0,77,84,22.805,23.061
par1,I,29,0,76,72,23.237,23.545
par1,I,30,0,74,69,23.748,23.994
par1,I,31,0,72,69,24.282,24.636
par1,I,32,0,72,55,24.853,25.169
par1,I,33,0,72,64,25.409,25.969
par1,I,34,0,74,62,25.961,26.312
par1,I,35,0,76,56,26.459,26.791
par1,I,36,0,77,61,26.979,27.232
par1,I,37,0,77,49,27.552,27.821
par1,I,38,0,79,41,28.076,28.307
par1,I,39,0,79,40,28.545,28.826
par1,I,40,0,79,64,29.068,29.371
par1,I,41,0,79,64,29.53,29.8
par1,I,42,0,77,64,30.03,30.264
par1,I,43,0,76,50,30.545,30.777
par1,I,44,0,74,59,30.997,31.2
par1,I,45,0,76,62,31.434,31.642
par1,I,46,0,77,68,31.885,32.102
par1,I,47,0,74,1,32.51,32.699
par1,I,48,0,74,66,32.856,33.084
par1,I,49,0,72,52,33.294,33.526
par1,I,50,0,74,67,33.774,34.013
par1,I,51,0,76,30,33.918,34.029
par1,I,52,0,77,72,34.265,34.54
par1,I,53,0,79,57,34.912,35.183
par1,I,54,0,79,64,35.364,35.659
par1,I,55,0,77,46,35.891,36.127
par1,I,56,0,76,65,36.303,36.537
par1,I,57,0,74,34,36.788,37.069
par1,I,58,0,72,70,37.264,37.523
par1,I,59,0,72,72,37.698,38.022
par1,I,60,0,74,70,38.262,38.52
par1,I,61,0,76,64,38.742,38.996
par1,I,62,0,77,56,39.228,39.51
par1,I,63,0,79,59,39.711,39.942
par1,I,64,0,79,53,40.191,40.577
par1,I,65,0,77,8,40.669,40.937
par1,I,66,0,76,51,41.167,41.409
par1,I,67,0,74,63,41.614,41.831
par1,I,68,0,72,69,42.067,42.282
par1,I,69,0,72,48,42.518,42.734
par1,I,70,0,72,67,42.92,43.178
par1,I,71,0,72,63,43.358,43.621
par1,I,72,0,72,59,43.814,44.036
par1,I,73,0,72,60,44.255,44.452
par1,I,74,0,76,65,44.696,44.868
par1,I,75,0,71,46,45.157,45.322
par1,I,76,0,72,46,45.155,45.399
par1,I,77,0,77,73,45.619,45.811
par1,I,78,0,76,57,46.104,46.274
par1,I,79,0,74,37,46.096,46.358
par1,I,80,0,74,69,47.056,47.246
par1,I,81,0,76,70,47.526,47.693
par1,I,82,0,77,75,47.916,48.105
par1,I,83,0,72,80,48.796,48.97
par1,I,84,0,74,37,49.234,49.324
par1,I,85,0,74,55,49.698,49.879
par1,I,86,0,76,72,50.073,50.247
par1,I,87,0,72,67,50.452,50.95
par1,I,88,0,74,66,50.795,50.968
par1,I,89,0,76,73,51.168,51.388
par1,I,90,0,72,60,51.516,51.758
par1,I,91,0,74,54,51.887,52.041
par1,I,92,0,77,69,52.211,52.41
par1,I,93,0,79,68,52.739,53.003
par1,I,94,0,79,77,53.179,53.442
par1,I,95,0,76,70,53.715,53.919
par1,I,96,0,77,60,54.139,54.323
par1,I,97,0,76,72,54.775,54.98
par1,I,98,0,74,55,55.363,55.594
par1,I,99,0,72,72,55.755,55.994
par1,I,100,0,74,63,56.203,56.397
par1,I,101,0,76,60,56.611,56.852
par1,I,102,0,77,64,57.041,57.257
par1,I,103,0,79,50,57.49,57.722
par1,I,104,0,72,73,57.987,58.323
par1,I,105,0,74,77,58.554,58.803
par1,I,106,0,76,62,59.006,59.273
par1,I,107,0,72,73,59.615,59.853
par1,I,108,0,74,70,60.046,60.315
par1,I,109,0,76,59,60.591,60.77
par1,I,110,0,77,66,60.959,61.203
par1,I,111,0,77,65,61.433,61.67
par1,I,112,0,77,57,61.914,62.146
par1,I,113,0,79,75,62.388,62.669
par1,I,114,0,79,45,62.916,63.141
par1,I,115,0,79,62,63.328,63.615
par1,I,116,0,77,70,63.825,63.991
par1,I,117,0,76,70,64.241,64.446
par1,I,118,0,76,38,64.711,64.934
par1,I,119,0,72,63,65.418,65.664
par1,I,120,0,74,57,65.885,66.116
par1,I,121,0,76,47,66.339,66.562
par1,I,122,0,76,17,66.858,66.97
par1,I,123,0,77,46,66.771,67.031
par1,I,124,0,79,71,67.2,67.519
par1,I,125,0,79,50,67.642,67.873
par1,I,126,0,77,60,68.08,68.327
par1,I,127,0,76,64,68.474,68.721
par1,I,128,0,74,57,68.988,69.172
par1,I,129,0,74,57,69.384,69.647
par1,I,130,0,76,50,69.755,70.028
par1,I,131,0,77,61,70.173,70.388
par1,I,132,0,77,48,70.56,70.822
par1,I,133,0,79,35,70.978,71.204
par1,I,134,0,72,73,71.417,71.61
par1,I,135,0,74,69,71.807,72.023
par1,I,136,0,72,65,72.282,72.526
par1,I,137,0,74,64,72.692,72.906
par1,I,138,0,77,60,73.096,73.343
par1,I,139,0,72,66,73.508,73.949
par1,I,140,0,74,54,73.94,74.091
par1,I,141,0,76,54,74.307,74.501
par1,I,142,0,79,52,74.718,74.926
par1,I,143,0,77,49,75.106,75.302
par1,I,144,0,76,64,75.535,75.873
par1,I,145,0,74,44,75.879,76.11
par1,I,146,0,72,46,76.256,76.47
par1,I,147,0,72,39,76.734,76.978
par1,I,148,0,74,43,77.237,77.449
par1,I,149,0,76,45,77.728,77.953
par1,I,150,0,77,51,78.119,78.358
par1,I,151,0,79,62,78.585,78.79
par1,I,152,0,79,60,78.99,79.205
par1,I,153,0,79,57,79.405,79.604
par1,I,154,0,77,59,79.809,80.011
par1,I,155,0,76,39,80.288,80.47
par1,I,156,0,74,48,80.666,80.871
par1,I,157,0,72,38,81.096,81.296
par1,I,158,0,72,58,81.524,81.738
par1,I,159,0,74,41,81.949,82.099
par1,I,160,0,76,57,82.328,82.564
par1,I,161,0,77,55,82.72,82.93
par1,I,162,0,79,42,83.221,83.457
par1,I,163,0,79,52,83.673,83.982
par1,I,164,0,77,57,84.133,84.366
par1,I,165,0,76,38,84.585,84.853
par1,I,166,0,74,51,85.023,85.284
par1,I,167,0,72,58,85.401,85.641
par1,I,168,0,72,54,85.856,86.057
par1,I,169,0,72,61,86.271,86.474
par1,I,170,0,72,51,86.657,86.893
par1,I,171,0,72,45,87.015,87.266
par1,I,172,0,79,65,87.452,87.687
par1,I,173,0,72,57,87.806,88.022
par1,I,174,0,72,56,88.208,88.367
par1,I,175,0,77,59,88.571,88.785
par1,I,176,0,72,49,88.881,89.109
par1,I,177,0,72,54,89.281,89.508
par1,I,178,0,76,55,89.629,89.867
par1,I,179,0,72,63,90.018,90.249
par1,I,180,0,72,65,90.413,90.568
par1,I,181,0,72,59,90.767,90.93
par1,I,182,0,74,70,91.084,91.29
par1,I,183,0,72,53,91.425,91.609
par1,I,184,0,76,43,91.835,92.127
par1,I,185,0,72,53,92.275,92.437
par1,I,186,0,77,51,92.667,92.726
par1,I,187,0,79,53,92.643,92.896
par1,I,188,0,79,75,93.083,93.273
par1,I,189,0,79,68,93.468,93.687
par1,I,190,0,79,73,94.257,94.462
par1,I,191,0,77,51,94.746,95.007
par1,I,192,0,76,38,95.109,95.322
par1,I,193,0,74,62,95.443,95.666
par1,I,194,0,72,52,95.703,95.922
par1,I,195,0,72,44,96.116,96.24
par1,I,196,0,79,56,96.593,96.815
par1,I,197,0,72,51,96.925,97.132
par1,I,198,0,79,47,97.286,97.524
par1,I,199,0,72,58,97.655,97.835
par1,I,200,0,79,71,97.96,98.188
par1,I,201,0,76,68,98.374,98.663
par1,I,202,0,72,49,98.72,98.966
par1,I,203,0,79,47,99.065,99.284
par1,I,204,0,72,47,99.342,99.662
par1,I,205,0,79,46,99.693,99.924
par1,I,206,0,72,23,100.134,100.363
par1,I,207,0,79,39,100.464,100.669
par1,I,208,0,76,67,100.794,101.045
par1,I,209,0,72,52,101.052,101.39
par1,I,210,0,77,23,101.708,101.768
par1,I,211,0,79,59,101.365,101.785
par1,I,212,0,76,65,101.741,102.066
par1,I,213,0,72,60,102.468,102.773
par1,I,214,0,74,52,102.723,102.963
par1,I,215,0,76,44,103.022,103.387
par1,I,216,0,77,52,103.246,103.592
par1,I,217,0,79,65,103.557,103.713
par1,I,218,0,79,51,104.053,104.352
par1,I,219,0,77,26,104.326,104.558
par1,I,220,0,76,9,104.611,104.942
par1,I,221,0,74,56,104.831,105.135
par1,I,222,0,72,56,105.101,105.264
par1,I,223,0,72,47,105.51,105.701
par1,I,224,0,74,64,105.706,105.953
par1,I,225,0,76,39,105.911,106.142
par1,I,226,0,77,1,106.18,106.527
par1,I,227,0,79,50,106.397,106.618
par1,I,228,0,79,51,106.838,107.021
par1,I,229,0,79,53,107.212,107.577
par1,I,230,0,72,64,107.673,107.868
par1,I,231,0,72,59,108.058,108.269
par1,I,232,0,72,62,108.46,108.645
par1,I,233,0,74,35,108.96,109.029
par1,I,234,0,76,39,108.946,109.082
par1,I,235,0,76,64,109.302,109.456
par1,I,236,0,76,62,109.686,109.828
par1,I,237,0,74,66,110.015,110.157
par1,I,238,0,77,69,110.369,110.534
par1,I,239,0,74,49,110.789,110.966
par1,I,240,0,72,45,110.785,111.033
par1,I,241,0,72,54,111.248,111.434
par1,I,242,0,72,66,111.676,111.91
par1,I,243,0,72,65,112.106,112.341
par1,I,244,0,74,59,112.517,112.741
par1,I,245,0,74,56,112.975,113.154
par1,I,246,0,74,56,113.425,113.611
par1,I,247,0,76,56,113.793,114.006
par1,I,248,0,76,52,114.225,114.437
par1,I,249,0,76,58,114.615,114.805
par1,I,250,0,77,53,115.001,115.185
par1,I,251,0,77,40,115.449,115.657
par1,I,252,0,77,42,115.819,116.006
par1,I,253,0,77,52,116.265,116.465
par1,I,254,0,79,46,116.264,116.472
par1,I,255,0,77,44,116.641,116.84
par1,I,256,0,77,52,116.997,117.176
par1,I,257,0,71,72,117.343,117.569
par1,I,258,0,72,67,117.682,117.861
par1,I,259,0,71,64,118.293,118.488
par1,I,260,0,74,72,118.663,118.836
par1,I,261,0,71,58,118.979,119.205
par1,I,262,0,76,23,119.443,119.683
par1,I,263,0,76,84,119.847,120.051
par1,I,264,0,77,73,120.305,120.47
par1,I,265,0,72,23,120.775,120.861
par1,I,266,0,71,72,121.178,121.363
par1,I,267,0,72,69,121.537,121.732
par1,I,268,0,74,59,121.945,122.143
par1,I,269,0,71,58,122.359,122.574
par1,I,270,0,77,70,123.249,123.467
par1,I,271,0,76,72,123.62,123.824
par1,I,272,0,74,54,123.99,124.192
par1,I,273,0,72,55,124.348,124.564
par1,I,274,0,71,57,124.756,124.975
par1,I,275,0,71,50,125.182,125.369
par1,I,276,0,71,62,125.647,125.832
par1,I,277,0,71,59,126.041,126.266
par1,I,278,0,72,61,126.414,126.639
par1,I,279,0,71,28,126.813,126.957
par1,I,280,0,74,39,127.59,127.646
par1,I,281,0,76,44,127.563,127.749
par1,I,282,0,74,57,127.929,128.14
par1,I,283,0,72,58,128.312,128.541
par1,I,284,0,77,41,126.782,128.548
par1,I,285,0,71,44,128.711,128.988
par1,I,286,0,72,62,129.086,129.351
par1,I,287,0,74,41,129.52,129.865
par1,I,288,0,72,64,130.063,130.477
par1,I,289,0,74,47,130.464,130.864
par1,I,290,0,72,52,130.803,130.95
par1,I,291,0,71,53,130.899,131.537
par1,I,292,0,76,54,131.514,132.085
par1,I,293,0,74,44,131.969,132.479
par1,I,294,0,72,70,132.329,132.695
par1,I,295,0,71,48,132.62,133.276
par1,I,296,0,77,65,133.39,133.768
par1,I,297,0,76,52,133.807,134.516
par1,I,298,0,74,60,134.13,134.536
par1,I,299,0,72,66,134.45,134.743
par1,I,300,0,71,53,134.776,135.083
par1,I,301,0,71,46,135.287,135.508
par1,I,302,0,74,59,137.652,137.914
par1,I,303,0,72,65,137.335,138.103
par1,I,304,0,76,42,138.021,138.234
par1,I,305,0,72,56,138.354,138.826
par1,I,306,0,74,65,138.714,138.918
par1,I,307,0,76,38,139.144,139.423
par1,I,308,0,72,50,139.589,139.861
par1,I,309,0,74,60,139.943,140.232
par1,I,310,0,76,49,140.332,140.564
par1,I,311,0,79,51,140.698,140.945
par1,I,312,0,77,51,141.495,141.685
par1,I,313,0,79,55,141.114,141.943
par1,I,314,0,76,41,141.749,142.204
par1,I,315,0,74,55,142.009,142.295
par1,I,316,0,72,53,142.3,142.516
par1,I,317,0,72,58,142.721,142.941
par1,I,318,0,74,66,143.104,143.312
par1,I,319,0,76,46,143.463,143.666
par1,I,320,0,72,53,143.796,144.087
par1,I,321,0,74,51,144.173,144.393
par1,I,322,0,72,57,144.557,144.818
par1,I,323,0,72,40,144.956,145.167
par1,I,324,0,74,52,145.321,145.538
par1,I,325,0,76,64,145.635,145.855
par1,I,326,0,77,67,145.992,146.209
par1,I,327,0,79,71,146.321,146.549
par1,I,328,0,79,60,146.699,146.988
par1,I,329,0,77,75,147.038,147.265
par1,I,330,0,76,67,147.35,147.607
par1,I,331,0,74,67,147.723,147.945
par1,I,332,0,72,58,148.131,148.331
par1,I,333,0,72,49,148.555,148.8
par1,I,334,0,72,66,148.894,149.217
par1,I,335,0,72,48,149.356,149.603
par1,I,336,0,72,13,149.791,149.935
par1,I,337,0,79,67,149.708,150.044
par1,I,338,0,72,55,150.119,150.337
par1,I,339,0,72,54,150.513,150.942
par1,I,340,0,79,51,150.767,151.036
par1,I,341,0,72,52,151.255,151.749
par1,I,342,0,76,64,152.167,152.347
par1,I,343,0,72,63,151.895,152.453
par1,I,344,0,79,26,152.718,152.833
par1,I,345,0,72,72,152.7,152.852
par1,I,346,0,72,60,153.016,153.25
par1,I,347,0,77,67,153.289,153.429
par1,I,348,0,77,57,153.723,153.965
par1,I,349,0,77,59,154.124,154.257
par1,I,350,0,77,20,154.419,154.627
par1,I,351,0,74,51,154.511,154.711
par1,I,352,0,74,54,154.824,155.008
par1,I,353,0,77,73,155.175,155.328
par1,I,354,0,77,61,155.481,155.629
par1,I,355,0,74,49,155.79,155.936
par1,I,356,0,74,61,156.088,156.229
par1,I,357,0,77,59,156.344,156.465
par1,I,358,0,79,49,156.461,156.782
par1,I,359,0,79,39,156.917,157.093
par1,I,360,0,79,53,157.211,157.339
par1,I,361,0,79,43,157.532,158.006
par1,I,362,0,77,44,157.871,158.016
par1,I,363,0,76,64,158.128,158.31
par1,I,364,0,74,52,158.416,158.64
par1,I,365,0,72,56,158.728,158.895
par1,I,366,0,72,55,159.358,159.542
par1,I,367,0,72,51,159.702,159.938
par1,I,368,0,74,63,159.992,160.207
par1,I,369,0,76,46,160.354,160.57
par1,I,370,0,77,65,160.672,160.856
par1,I,371,0,79,64,160.946,161.223
par1,I,372,0,79,56,161.389,161.609
par1,I,373,0,79,54,161.739,161.9
par1,I,374,0,79,47,162.071,162.384
par1,I,375,0,77,69,162.334,162.573
par1,I,376,0,76,13,162.577,162.826
par1,I,377,0,76,61,162.99,163.184
par1,I,378,0,76,46,163.288,163.497
par1,I,379,0,76,57,163.624,163.891
par1,I,380,0,72,59,164.226,164.404
par1,I,381,0,72,61,164.537,164.722
par1,I,382,0,79,64,163.872,165.033
par1,I,383,0,72,54,164.858,165.08
par1,I,384,0,76,67,165.131,165.33
par1,I,385,0,79,74,165.392,165.61
par1,I,386,0,79,60,165.727,165.918
par1,I,387,0,79,19,165.972,166.185
par1,I,388,0,79,49,166.343,166.509
par1,I,389,0,76,61,166.903,167.046
par1,I,390,0,74,28,167.246,167.473
par1,I,391,0,72,30,167.603,167.808
par1,I,392,0,72,40,168.174,168.416
par1,I,393,0,72,40,168.536,168.699
par1,I,394,0,72,38,168.839,169.013
par1,I,395,0,72,65,169.121,169.326
par1,I,396,0,72,73,169.445,169.64
par1,I,397,0,79,61,166.64,170.053
par1,I,398,0,72,48,170.198,170.378
par1,I,399,0,72,55,170.5,170.658
par1,I,400,0,72,58,170.8,171.209
par1,I,401,0,77,26,171.178,171.276
par1,I,402,0,76,79,171.178,171.449
par1,I,403,0,76,60,171.548,171.808
par1,I,404,0,76,71,171.916,172.084
par1,I,405,0,76,46,172.197,172.565
par1,I,406,0,77,67,172.444,172.622
par1,I,407,0,77,58,172.779,172.963
par1,I,408,0,77,54,173.096,173.225
par1,I,409,0,77,55,173.349,173.571
par1,I,410,0,72,51,173.625,173.8
par1,I,411,0,74,42,173.624,173.802
par1,I,412,0,74,38,173.974,174.087
par1,I,413,0,74,54,174.211,174.366
par1,I,414,0,74,46,174.509,174.667
par1,I,415,0,74,31,174.828,174.936
par1,I,416,0,72,27,175.16,175.261
par1,I,417,0,72,63,175.436,175.597
par1,I,418,0,72,65,175.713,175.828
par1,I,419,0,72,54,176.002,176.133
par1,I,420,0,72,65,176.293,176.429
par1,I,421,0,76,65,176.565,176.736
par1,I,422,0,76,50,176.87,177.042
par1,I,423,0,76,22,177.193,177.339
par1,I,424,0,76,28,177.471,177.638
par1,I,425,0,77,51,177.823,177.93
par1,I,426,0,79,61,177.83,177.933
par1,I,427,0,79,47,178.063,178.229
par1,I,428,0,79,48,178.352,178.515
par1,I,429,0,79,55,178.7,178.925
par1,I,430,0,77,38,179.223,179.324
par1,I,431,0,72,32,179.814,180.045
par1,I,432,0,72,23,180.143,180.332
par1,I,433,0,72,69,180.472,180.654
par1,I,434,0,72,59,180.79,180.974
par1,I,435,0,72,56,181.121,181.336
par1,I,436,0,74,32,181.488,181.61
par1,I,437,0,74,30,181.746,181.857
par1,I,438,0,74,25,182.038,182.146
par1,I,439,0,74,50,182.308,182.453
par1,I,440,0,76,57,182.586,182.727
par1,I,441,0,76,35,182.881,183.005
par1,I,442,0,76,27,183.148,183.276
par1,I,443,0,77,46,183.514,183.697
par1,I,444,0,77,15,183.933,184.062
par1,I,445,0,79,26,183.93,184.441
par1,I,446,0,72,45,184.905,185.292
par1,I,447,0,74,11,185.247,185.448
par1,I,448,0,79,35,184.663,186.077
par1,I,449,0,76,32,185.624,186.087
par1,I,450,0,77,50,185.884,186.16
par1,I,451,0,79,61,186.312,186.577
par1,I,452,0,77,43,186.763,186.961
par1,I,453,0,76,43,187.044,187.307
par1,I,454,0,74,49,187.183,187.42
par1,I,455,0,79,27,186.691,187.5
par1,I,456,0,72,50,187.364,187.536
par1,I,457,0,72,48,187.7,187.866
par1,I,458,0,72,53,188.018,188.176
par1,I,459,0,74,32,188.314,188.474
par1,I,460,0,72,66,188.74,188.969
par1,I,461,0,74,50,189.028,189.286
par1,I,462,0,72,55,189.288,189.598
par1,I,463,0,74,55,189.599,189.9
par1,I,464,0,72,61,189.866,190.199
par1,I,465,0,77,69,190.173,190.429
par1,I,466,0,72,60,190.437,190.75
par1,I,467,0,74,58,190.738,190.976
par1,I,468,0,76,34,191.127,191.333
par1,I,469,0,76,48,191.515,191.738
par1,I,470,0,76,51,191.855,192.037
par1,I,471,0,79,51,192.178,192.636
par1,I,472,0,79,50,192.728,192.899
par1,I,473,0,79,65,193.013,193.305
par1,I,474,0,77,66,193.266,193.429
par1,I,475,0,77,42,193.56,193.716
par1,I,476,0,77,53,193.846,193.994
par1,I,477,0,77,46,194.133,194.314
par1,I,478,0,76,51,194.392,194.576
par1,I,0,1,72,73,1.905,2.227
par1,I,1,1,74,70,2.486,2.844
par1,I,2,1,76,52,3.041,3.359
par1,I,3,1,77,58,3.585,3.873
par1,I,4,1,79,54,4.095,4.34
par1,I,5,1,72,54,4.555,4.804
par1,I,6,1,74,60,5.008,5.228
par1,I,7,1,74,54,5.445,5.868
par1,I,8,1,72,59,5.884,6.326
par1,I,9,1,76,63,6.344,6.71
par1,I,10,1,77,59,6.788,7.052
par1,I,11,1,79,66,7.182,7.446
par1,I,12,1,79,62,7.64,7.953
par1,I,13,1,77,61,8.077,8.29
par1,I,14,1,76,62,8.449,8.663
par1,I,15,1,74,67,8.849,9.068
par1,I,16,1,72,55,9.204,9.413
par1,I,17,1,72,52,9.571,9.779
par1,I,18,1,72,56,9.93,10.16
par1,I,19,1,79,53,10.238,10.685
par1,I,20,1,77,59,10.638,10.892
par1,I,21,1,76,47,10.994,11.255
par1,I,22,1,74,70,11.329,11.545
par1,I,23,1,76,49,11.72,11.907
par1,I,24,1,77,54,11.996,12.202
par1,I,25,1,79,60,12.322,12.586
par1,I,26,1,79,55,12.844,13.572
par1,I,27,1,79,44,13.929,14.202
par1,I,28,1,76,47,14.52,14.803
par1,I,29,1,74,45,14.841,15.102
par1,I,30,1,72,57,15.136,15.585
par1,I,31,1,72,66,15.767,16.113
par1,I,32,1,74,41,16.953,17.184
par1,I,33,1,72,61,16.393,17.226
par1,I,34,1,76,39,17.21,17.682
par1,I,35,1,77,53,17.515,17.793
par1,I,36,1,79,48,17.87,18.146
par1,I,37,1,77,55,18.178,18.401
par1,I,38,1,76,38,18.407,18.783
par1,I,39,1,74,51,18.697,18.943
par1,I,40,1,76,59,19.232,19.483
par1,I,41,1,77,68,19.422,19.65
par1,I,42,1,77,52,19.844,20.085
par1,I,43,1,76,58,19.994,20.294
par1,I,44,1,74,42,20.507,20.689
par1,I,45,1,76,48,20.77,20.934
par1,I,46,1,77,58,20.896,21.032
par1,I,47,1,79,9,21.215,21.518
par1,I,48,1,72,52,21.622,21.873
par1,I,49,1,74,54,21.994,22.22
par1,I,50,1,76,63,22.344,22.558
par1,I,51,1,77,63,22.718,22.861
par1,I,52,1,77,55,23.062,23.245
par1,I,53,1,79,66,23.383,23.73
par1,I,54,1,72,68,23.718,24.005
par1,I,55,1,74,56,24.029,24.234
par1,I,56,1,76,60,24.403,24.644
par1,I,57,1,72,56,24.711,25.04
par1,I,58,1,74,73,25.024,25.285
par1,I,59,1,77,58,25.649,25.956
par1,I,60,1,79,53,26.176,26.688
par1,I,61,1,74,54,26.845,26.996
par1,I,62,1,72,59,26.524,27.179
par1,I,63,1,76,40,27.221,27.44
par1,I,64,1,77,61,27.539,27.727
par1,I,65,1,79,49,27.83,28.366
par1,I,66,1,79,58,28.465,28.702
par1,I,67,1,79,55,28.842,29.034
par1,I,68,1,79,48,29.202,29.495
par1,I,69,1,72,62,29.505,29.747
par1,I,70,1,74,38,29.843,29.991
par1,I,71,1,76,42,30.144,30.316
par1,I,72,1,76,30,30.518,30.683
par1,I,73,1,76,40,30.827,30.986
par1,I,74,1,76,52,31.156,31.342
par1,I,75,1,76,47,31.51,31.715
par1,I,76,1,76,47,31.825,32.035
par1,I,77,1,77,74,32.131,32.345
par1,I,78,1,79,71,32.401,32.691
par1,I,79,1,72,56,32.71,33.0
par1,I,80,1,74,64,33.009,33.176
par1,I,81,1,74,28,33.304,33.458
par1,I,82,1,74,39,33.606,33.745
par1,I,83,1,74,45,33.909,34.029
par1,I,84,1,74,35,34.217,34.367
par1,I,85,1,79,69,34.474,34.766
par1,I,86,1,76,73,34.764,35.034
par1,I,87,1,77,63,35.037,35.257
par1,I,88,1,72,72,35.351,35.612
par1,I,89,1,74,68,35.611,35.77
par1,I,90,1,74,52,35.886,36.042
par1,I,91,1,74,41,36.201,36.344
par1,I,92,1,74,35,36.485,36.664
par1,I,93,1,76,53,36.736,36.965
par1,I,94,1,77,61,37.019,37.232
par1,I,95,1,72,36,37.592,37.863
par1,I,96,1,74,51,37.861,38.124
par1,I,97,1,79,66,37.256,38.23
par1,I,98,1,76,49,38.177,38.435
par1,I,99,1,77,68,38.422,38.707
par1,I,100,1,79,39,38.736,39.08
par1,I,101,1,79,68,39.285,39.608
par1,I,102,1,79,55,39.832,40.085
par1,I,103,1,76,51,40.612,40.836
par1,I,104,1,79,52,40.29,40.984
par1,I,105,1,72,67,40.857,41.128
par1,I,106,1,74,54,41.13,41.296
par1,I,107,1,77,60,41.39,41.584
par1,I,108,1,79,60,41.827,42.315
par1,I,109,1,76,46,42.077,42.35
par1,I,110,1,72,34,42.392,42.698
par1,I,111,1,74,50,42.69,42.881
par1,I,112,1,76,48,42.867,43.009
par1,I,113,1,77,50,43.017,43.264
par1,I,114,1,79,33,42.989,43.399
par1,I,115,1,79,31,43.487,43.757
par1,I,116,1,72,34,44.311,44.445
par1,I,117,1,79,39,43.892,44.468
par1,I,118,1,76,59,44.683,44.903
par1,I,119,1,72,64,45.08,45.327
par1,I,120,1,74,68,45.421,45.625
par1,I,121,1,76,62,45.78,46.024
par1,I,122,1,77,68,46.104,46.31
par1,I,123,1,79,71,46.435,46.624
par1,I,124,1,72,74,46.724,46.961
par1,I,125,1,74,85,47.002,47.232
par1,I,126,1,76,50,47.294,47.482
par1,I,127,1,74,86,47.83,48.057
par1,I,128,1,72,76,47.55,48.125
par1,I,129,1,76,63,48.092,48.302
par1,I,130,1,74,79,48.608,48.921
par1,I,131,1,72,62,48.315,48.94
par1,I,132,1,76,66,48.832,49.091
par1,I,133,1,77,66,49.078,49.353
par1,I,134,1,79,80,49.324,49.542
par1,I,135,1,72,60,49.522,49.809
par1,I,136,1,74,71,49.798,50.211
par1,I,137,1,76,68,50.06,50.739
par1,I,138,1,77,46,50.446,50.81
par1,I,139,1,79,61,50.894,51.204
par1,I,140,1,79,49,51.341,51.609
par1,I,141,1,77,33,51.844,51.997
par1,I,142,1,79,14,51.799,52.188
par1,I,143,1,77,61,52.197,52.528
par1,I,144,1,76,45,52.435,52.697
par1,I,145,1,74,47,52.867,53.04
par1,I,146,1,72,56,53.21,53.452
par1,I,147,1,72,51,53.62,53.867
par1,I,148,1,72,10,53.969,54.192
par1,I,149,1,72,61,54.32,54.588
par1,I,150,1,76,56,54.624,54.881
par1,I,151,1,79,53,54.884,55.177
par1,I,152,1,79,55,55.41,55.802
par1,I,153,1,77,60,55.661,55.967
par1,I,154,1,76,47,55.895,56.176
par1,I,155,1,79,58,56.423,56.882
par1,I,156,1,77,63,56.786,57.058
par1,I,157,1,76,53,57.165,57.374
par1,I,158,1,74,68,57.464,57.752
par1,I,159,1,72,69,57.769,57.988
par1,I,160,1,72,70,58.264,58.496
par1,I,161,1,76,65,58.804,59.049
par1,I,162,1,79,60,59.257,59.561
par1,I,163,1,79,76,59.737,60.038
par1,I,164,1,76,31,60.269,60.406
par1,I,165,1,76,67,60.596,60.811
par1,I,166,1,72,66,60.959,61.237
par1,I,167,1,74,42,61.372,61.449
par1,I,168,1,72,55,61.435,61.613
par1,I,169,1,72,57,61.84,62.11
par1,I,170,1,74,65,62.254,62.452
par1,I,171,1,72,70,62.615,62.982
par1,I,172,1,74,53,63.127,63.268
par1,I,173,1,77,44,63.49,63.637
par1,I,174,1,74,62,63.818,64.071
par1,I,175,1,77,67,64.186,64.379
par1,I,176,1,79,55,64.504,64.727
par1,I,177,1,79,44,64.896,65.313
par1,I,178,1,77,58,65.235,65.426
par1,I,179,1,74,65,65.552,65.72
par1,I,180,1,72,65,65.853,66.033
par1,I,181,1,74,60,66.189,66.463
par1,I,182,1,74,72,66.9,67.096
par1,I,183,1,77,46,67.234,67.4
par1,I,184,1,74,68,67.85,68.055
par1,I,185,1,79,53,68.23,68.544
par1,I,186,1,76,57,68.825,69.074
par1,I,187,1,72,71,69.174,69.36
par1,I,188,1,77,55,69.548,69.767
par1,I,189,1,74,54,69.919,70.092
par1,I,190,1,79,39,70.226,70.435
par1,I,191,1,72,71,70.552,70.8
par1,I,192,1,77,59,71.285,71.563
par1,I,193,1,74,58,71.724,72.043
par1,I,194,1,77,53,72.197,72.46
par1,I,195,1,76,65,72.592,72.842
par1,I,196,1,74,54,72.968,73.152
par1,I,197,1,72,28,73.364,73.636
par1,I,198,1,74,41,73.768,73.995
par1,I,199,1,76,38,74.187,74.469
par1,I,200,1,72,42,74.56,74.851
par1,I,201,1,74,46,74.973,75.179
par1,I,202,1,76,48,75.378,75.604
par1,I,203,1,79,21,75.806,76.008
par1,I,204,1,79,59,76.159,76.401
par1,I,205,1,79,51,76.573,76.786
par1,I,206,1,76,36,77.166,77.411
par1,I,207,1,74,37,77.549,77.759
par1,I,208,1,72,55,77.89,78.074
par1,I,209,1,72,57,78.233,78.46
par1,I,210,1,72,46,78.657,78.809
par1,I,211,1,72,58,79.006,79.233
par1,I,212,1,74,60,79.344,79.555
par1,I,213,1,76,60,79.719,79.958
par1,I,214,1,77,67,80.086,80.276
par1,I,215,1,77,62,80.462,80.64
par1,I,216,1,77,40,80.843,80.999
par1,I,217,1,77,36,81.203,81.398
par1,I,218,1,79,62,81.526,81.819
par1,I,219,1,77,58,81.959,82.215
par1,I,220,1,76,68,82.272,82.511
par1,I,221,1,74,51,82.601,82.782
par1,I,222,1,72,63,82.888,83.094
par1,I,223,1,72,60,83.296,83.497
par1,I,224,1,72,67,83.782,83.961
par1,I,225,1,72,72,84.244,84.459
par1,I,226,1,79,72,84.66,84.937
par1,I,227,1,79,72,85.111,85.354
par1,I,228,1,79,52,85.509,85.808
par1,I,229,1,72,62,85.866,86.076
par1,I,230,1,72,44,86.479,86.604
par1,I,231,1,79,1,86.451,87.136
par1,I,232,1,79,55,87.315,87.523
par1,I,233,1,79,43,87.705,87.89
par1,I,234,1,72,74,88.021,88.189
par1,I,235,1,76,68,88.311,88.506
par1,I,236,1,72,71,88.657,88.822
par1,I,237,1,74,75,88.991,89.172
par1,I,238,1,77,62,89.505,89.715
par1,I,239,1,77,65,89.979,90.12
par1,I,240,1,79,27,90.7,90.989
par1,I,241,1,79,48,91.096,91.368
par1,I,242,1,79,46,91.47,91.665
par1,I,243,1,76,52,92.202,92.353
par1,I,244,1,79,70,91.808,92.368
par1,I,245,1,76,30,92.505,92.705
par1,I,246,1,76,51,92.87,93.028
par1,I,247,1,76,51,93.162,93.4
par1,I,248,1,74,49,93.478,93.648
par1,I,249,1,74,60,93.762,93.973
par1,I,250,1,72,56,93.988,94.193
par1,I,251,1,74,65,94.301,94.637
par1,I,252,1,76,65,94.586,95.272
par1,I,253,1,77,64,94.85,95.315
par1,I,254,1,77,62,95.515,95.888
par1,I,255,1,76,42,95.778,96.028
par1,I,256,1,76,44,96.217,96.501
par1,I,257,1,77,39,96.457,96.663
par1,I,258,1,77,61,96.898,97.197
par1,I,259,1,76,49,97.134,97.394
par1,I,260,1,76,69,97.615,97.98
par1,I,261,1,77,66,97.865,98.149
par1,I,262,1,72,60,98.307,98.534
par1,I,263,1,74,54,98.559,98.772
par1,I,264,1,74,58,99.074,99.282
par1,I,265,1,76,49,99.439,99.752
par1,I,266,1,77,46,99.751,100.028
par1,I,267,1,79,46,100.032,100.263
par1,I,268,1,79,56,100.428,100.83
par1,I,269,1,72,52,100.724,100.913
par1,I,270,1,74,37,101.302,101.482
par1,I,271,1,74,53,101.592,101.754
par1,I,272,1,74,51,101.912,102.138
par1,I,273,1,72,59,102.179,102.651
par1,I,274,1,74,52,102.636,102.763
par1,I,275,1,74,40,102.891,103.018
par1,I,276,1,74,37,103.186,103.304
par1,I,277,1,74,34,103.44,103.688
par1,I,278,1,72,56,103.716,103.956
par1,I,279,1,76,54,104.206,104.377
par1,I,280,1,77,1,104.56,104.71
par1,I,281,1,77,48,104.896,105.05
par1,I,282,1,77,45,105.172,105.338
par1,I,283,1,77,57,105.477,105.652
par1,I,284,1,79,42,105.778,106.021
par1,I,285,1,79,35,106.155,106.315
par1,I,286,1,79,54,106.426,106.627
par1,I,287,1,79,45,106.735,106.9
par1,I,288,1,74,70,107.378,107.56
par1,I,289,1,79,43,107.023,107.781
par1,I,290,1,74,38,107.683,107.807
par1,I,291,1,74,24,108.045,108.13
par1,I,292,1,74,37,108.275,108.417
par1,I,293,1,74,48,108.55,108.704
par1,I,294,1,76,62,108.85,109.022
par1,I,295,1,76,37,109.152,109.314
par1,I,296,1,76,43,109.437,109.603
par1,I,297,1,76,52,109.719,109.925
par1,I,298,1,72,72,109.992,110.396
par1,I,299,1,72,54,110.533,110.693
par1,I,300,1,72,51,110.819,110.959
par1,I,301,1,74,62,111.091,111.224
par1,I,302,1,74,33,111.36,111.482
par1,I,303,1,74,39,111.642,111.771
par1,I,304,1,74,38,111.916,112.07
par1,I,305,1,77,59,112.181,112.367
par1,I,306,1,77,41,112.476,112.627
par1,I,307,1,77,61,112.735,112.895
par1,I,308,1,77,46,113.025,113.163
par1,I,309,1,79,69,113.258,113.59
par1,I,310,1,72,62,113.514,113.75
par1,I,311,1,74,51,113.814,113.975
par1,I,312,1,76,59,114.094,114.246
par1,I,313,1,77,64,114.385,114.687
par1,I,314,1,79,22,114.425,114.696
par1,I,315,1,77,67,114.887,115.172
par1,I,316,1,77,68,115.387,115.64
par1,I,317,1,79,54,115.778,116.336
par1,I,318,1,77,68,116.213,116.533
par1,I,319,1,76,67,116.553,116.863
par1,I,320,1,74,57,116.875,117.225
par1,I,321,1,72,86,117.132,117.399
par1,I,322,1,72,61,117.558,117.802
par1,I,323,1,74,1,118.059,118.27
par1,I,324,1,72,65,118.319,118.511
par1,I,325,1,72,63,118.668,118.829
par1,I,326,1,72,58,119.036,119.326
par1,I,327,1,76,50,119.528,119.71
par1,I,328,1,76,49,119.842,120.014
par1,I,329,1,76,49,120.128,120.335
par1,I,330,1,79,71,120.372,120.857
par1,I,331,1,79,70,120.94,121.162
par1,I,332,1,77,70,121.204,121.36
par1,I,333,1,77,43,121.489,121.641
par1,I,334,1,77,51,121.737,121.832
par1,I,335,1,74,51,122.011,122.149
par1,I,336,1,74,55,122.264,122.401
par1,I,337,1,74,60,122.504,122.614
par1,I,338,1,72,50,122.763,122.871
par1,I,339,1,72,50,123.008,123.141
par1,I,340,1,72,37,123.253,123.416
par1,I,341,1,72,35,123.49,123.607
par1,I,342,1,72,51,123.728,123.898
par1,I,343,1,72,62,124.019,124.437
par1,I,344,1,72,49,124.647,124.972
par1,I,345,1,74,62,125.107,125.323
par1,I,346,1,76,73,125.518,125.747
par1,I,347,1,72,54,125.966,126.201
par1,I,348,1,74,50,126.332,126.522
par1,I,349,1,76,61,126.675,126.864
par1,I,350,1,77,64,126.961,127.176
par1,I,351,1,77,66,127.313,127.516
par1,I,352,1,77,66,127.635,128.001
par1,I,353,1,76,68,127.927,128.181
par1,I,354,1,74,72,128.224,128.428
par1,I,355,1,72,40,128.481,128.783
par1,I,356,1,79,52,128.824,129.068
par1,I,357,1,72,36,129.13,129.413
par1,I,358,1,74,58,129.412,129.623
par1,I,359,1,76,60,129.678,129.898
par1,I,360,1,77,44,129.944,130.151
par1,I,361,1,79,32,130.333,130.511
par1,I,362,1,72,39,130.577,130.834
par1,I,363,1,74,64,130.856,131.026
par1,I,364,1,76,60,131.136,131.303
par1,I,365,1,79,51,131.411,131.751
par1,I,366,1,72,39,131.649,132.142
par1,I,367,1,74,48,131.936,132.151
par1,I,368,1,76,44,132.18,132.368
par1,I,369,1,72,43,132.677,132.981
par1,I,370,1,74,29,132.995,133.109
par1,I,371,1,79,58,132.442,133.177
par1,I,372,1,76,47,133.296,133.465
par1,I,373,1,77,40,133.568,133.725
par1,I,374,1,77,46,133.918,134.038
par1,I,375,1,77,58,134.163,134.429
par1,I,376,1,74,71,134.424,134.669
par1,I,377,1,72,51,134.666,134.93
par1,I,378,1,77,49,134.923,135.277
par1,I,379,1,74,50,135.219,135.489
par1,I,380,1,72,52,135.451,135.731
par1,I,381,1,77,62,135.708,136.065
par1,I,382,1,74,48,135.956,136.239
par1,I,383,1,72,54,136.184,136.698
par1,I,384,1,72,42,136.942,137.204
par1,I,385,1,74,48,137.23,137.443
par1,I,386,1,76,49,137.459,137.732
par1,I,387,1,77,69,137.752,138.014
par1,I,388,1,72,55,138.266,138.53
par1,I,389,1,74,64,138.488,138.681
par1,I,390,1,77,66,138.699,138.934
par1,I,391,1,72,47,138.965,139.243
par1,I,392,1,74,62,139.214,139.452
par1,I,393,1,77,59,139.462,139.739
par1,I,394,1,72,61,139.749,140.043
par1,I,395,1,74,58,139.994,140.219
par1,I,396,1,77,67,140.23,140.434
par1,I,397,1,77,56,140.557,140.931
par1,I,398,1,74,69,140.856,141.122
par1,I,399,1,72,53,141.075,141.665
par1,I,400,1,74,56,141.832,142.168
par1,I,401,1,76,63,142.063,142.451
par1,I,402,1,77,22,142.367,142.505
par1,I,403,1,79,45,142.361,142.586
par1,I,404,1,79,20,142.734,142.891
par1,I,405,1,79,36,143.057,143.22
par1,I,406,1,77,51,143.552,143.923
par1,I,407,1,76,44,143.697,143.934
par1,I,408,1,79,40,143.355,144.065
par1,I,409,1,74,56,144.02,144.247
par1,I,410,1,72,48,144.378,144.527
par1,I,411,1,72,55,144.706,144.974
par1,I,412,1,74,59,144.986,145.177
par1,I,413,1,76,59,145.282,145.477
par1,I,414,1,77,66,145.564,145.814
par1,I,415,1,79,36,145.853,146.135
par1,I,416,1,72,47,146.112,146.33
par1,I,417,1,74,68,146.393,146.598
par1,I,418,1,76,49,146.673,146.914
par1,I,419,1,77,1,146.929,147.135
par1,I,420,1,79,1,147.006,147.289
par1,I,421,1,79,55,147.512,147.707
par1,I,422,1,79,53,147.83,148.015
par1,I,423,1,79,39,148.17,148.507
par1,I,424,1,77,53,148.487,148.645
par1,I,425,1,77,64,148.765,148.971
par1,I,426,1,76,65,149.03,149.227
par1,I,427,1,76,58,149.331,149.547
par1,I,428,1,74,1,149.724,149.931
par1,I,429,1,74,48,150.043,150.183
par1,I,430,1,74,54,150.327,150.509
par1,I,431,1,72,42,150.548,151.014
par1,I,432,1,72,36,151.223,151.31
par1,I,433,1,72,39,151.516,151.646
par1,I,434,1,72,18,151.843,152.045
par1,I,435,1,77,49,152.168,152.406
par1,I,436,1,72,50,152.456,152.669
par1,I,437,1,77,35,152.738,152.934
par1,I,438,1,72,36,152.981,153.206
par1,I,439,1,76,39,153.258,153.51
par1,I,440,1,72,53,153.509,153.816
par1,I,441,1,76,45,153.789,153.957
par1,I,442,1,72,5,153.932,154.275
par1,I,443,1,76,61,154.251,154.56
par1,I,444,1,79,20,154.704,155.218
par1,I,445,1,72,20,154.942,155.257
par1,I,446,1,79,43,155.597,155.86
par1,I,447,1,72,42,155.859,156.064
par1,I,448,1,79,22,156.099,156.354
par1,I,449,1,72,49,156.372,156.644
par1,I,450,1,79,51,156.613,156.867
par1,I,451,1,72,51,156.854,157.17
par1,I,452,1,76,50,157.179,157.431
par1,I,453,1,76,48,157.735,157.911
par1,I,454,1,72,58,157.449,158.148
par1,I,455,1,72,52,158.493,158.736
par1,I,456,1,76,46,158.902,159.151
par1,I,457,1,72,37,159.176,159.454
par1,I,458,1,76,55,159.461,159.76
par1,I,459,1,72,35,159.789,160.081
par1,I,460,1,77,55,160.051,160.269
par1,I,461,1,72,42,160.286,160.563
par1,I,462,1,77,45,160.586,160.841
par1,I,463,1,72,38,160.822,161.116
par1,I,464,1,77,35,161.113,161.37
par1,I,465,1,72,44,161.386,161.632
par1,I,466,1,79,42,161.674,161.988
par1,I,467,1,72,49,161.95,162.187
par1,I,468,1,79,1,162.313,162.479
par1,I,469,1,72,52,162.419,162.576
par1,I,470,1,79,25,162.75,163.056
par1,I,471,1,72,12,163.176,163.309
par1,I,472,1,74,50,163.516,163.725
par1,I,473,1,72,59,163.773,164.081
par1,I,474,1,74,71,164.045,164.375
par1,I,475,1,76,56,164.288,164.582
par1,I,476,1,77,52,164.54,164.872
par1,I,477,1,79,61,164.842,165.029
par1,I,478,1,79,40,165.149,165.47
par1,I,479,1,77,67,165.415,165.76
par1,I,480,1,76,68,165.665,166.004
par1,I,481,1,74,66,165.928,166.236
par1,I,482,1,72,57,166.196,166.382
par1,I,483,1,72,31,166.499,166.748
par1,I,484,1,74,60,166.762,167.021
par1,I,485,1,76,57,166.977,167.27
par1,I,486,1,77,68,167.228,167.477
par1,I,487,1,79,71,167.506,167.746
par1,I,488,1,77,68,167.93,168.146
par1,I,489,1,77,74,168.248,168.468
par1,I,490,1,77,68,168.589,169.113
par1,I,491,1,76,58,169.303,169.484
par1,I,492,1,76,39,169.618,169.795
par1,I,493,1,76,62,169.973,170.156
par1,I,494,1,74,68,170.368,170.532
par1,I,495,1,74,56,170.652,170.821
par1,I,496,1,74,53,170.964,171.12
par1,I,497,1,72,54,171.331,171.457
par1,I,498,1,72,14,171.669,171.806
par1,I,499,1,72,52,171.969,172.099
par1,I,500,1,72,61,172.292,172.451
par1,I,501,1,72,51,172.655,172.811
par1,I,502,1,72,53,172.937,173.121
par1,I,503,1,74,76,173.232,173.424
par1,I,504,1,76,65,173.535,173.734
par1,I,505,1,77,58,173.859,174.055
par1,I,506,1,79,55,174.161,174.378
par1,I,507,1,79,72,174.627,174.814
par1,I,508,1,79,49,174.975,175.422
par1,I,509,1,77,66,175.309,175.559
par1,I,510,1,76,67,175.663,175.878
par1,I,511,1,76,52,176.026,176.225
par1,I,512,1,74,83,176.322,176.585
par1,I,513,1,72,59,176.654,176.82
par1,I,514,1,72,42,177.004,177.174
par1,I,515,1,72,45,177.325,177.462
par1,I,516,1,72,58,177.663,177.859
par1,I,517,1,74,56,177.911,178.083
par1,I,518,1,76,58,178.271,178.422
par1,I,519,1,76,48,178.58,178.719
par1,I,520,1,76,55,178.877,179.03
par1,I,521,1,76,54,179.168,179.319
par1,I,522,1,79,30,179.41,179.622
par1,I,523,1,79,57,179.731,179.87
par1,I,524,1,79,46,180.003,180.203
par1,I,525,1,79,66,180.305,180.526
par1,I,526,1,72,53,180.593,180.762
par1,I,527,1,72,51,180.872,181.057
par1,I,528,1,74,69,181.138,181.32
par1,I,529,1,76,67,181.419,181.609
par1,I,530,1,77,64,181.714,181.911
par1,I,531,1,77,47,182.393,182.473
par1,I,532,1,79,69,182.001,182.495
par1,I,533,1,77,53,182.712,182.919
par1,I,534,1,76,38,183.038,183.249
par1,I,535,1,74,65,183.256,183.416
par1,I,536,1,72,42,183.756,183.891
par1,I,537,1,72,54,184.024,184.203
par1,I,538,1,74,67,184.275,184.448
par1,I,539,1,76,40,184.633,184.779
par1,I,540,1,72,63,184.928,185.161
par1,I,541,1,74,67,185.182,185.42
par1,I,542,1,76,37,185.559,185.766
par1,I,543,1,76,60,186.133,186.296
par1,I,544,1,76,37,186.43,186.638
par1,I,545,1,76,47,186.767,186.906
par1,I,546,1,76,65,187.083,187.235
par1,I,547,1,76,51,187.366,187.536
par1,I,548,1,77,70,187.614,187.788
par1,I,549,1,77,48,187.928,188.063
par1,I,550,1,77,52,188.189,188.374
par1,I,551,1,77,40,188.533,188.653
par1,I,552,1,77,41,188.789,188.939
par1,I,553,1,79,55,189.089,189.299
par1,I,554,1,79,47,189.423,189.608
par1,I,555,1,79,33,189.681,190.459
par1,I,556,1,72,30,190.276,190.498
par1,I,557,1,74,66,190.53,190.695
par1,I,558,1,76,62,190.809,190.981
par1,I,559,1,72,48,191.11,191.391
par1,I,560,1,74,60,191.378,191.563
par1,I,561,1,76,46,191.727,191.886
par1,I,562,1,77,48,192.073,192.242
par1,I,563,1,79,37,192.379,192.595
par1,I,564,1,72,41,192.687,192.917
par1,I,565,1,74,61,192.968,193.118
par1,I,566,1,76,52,193.273,193.451
par1,I,567,1,77,70,193.527,193.835
par1,I,568,1,79,56,193.876,194.177
par1,I,569,1,72,39,194.114,194.421
par2,S,0,0,72,63,7.38,9.16
par2,S,1,0,74,58,7.769,9.183
par2,S,2,0,76,60,8.194,9.213
par2,S,3,0,77,70,8.651,9.295
par2,S,4,0,79,66,9.008,9.349
par2,S,5,0,72,65,9.655,11.253
par2,S,6,0,74,56,10.049,11.255
par2,S,7,0,76,51,10.416,11.361
par2,S,8,0,77,63,10.773,11.394
par2,S,9,0,79,58,11.115,11.448
par2,S,10,0,72,74,11.718,13.171
par2,S,11,0,74,58,12.066,13.252
par2,S,12,0,76,64,12.407,13.363
par2,S,13,0,77,56,12.754,13.416
par2,S,14,0,79,64,13.118,13.474
par2,S,15,0,72,72,14.017,15.197
par2,S,16,0,74,68,14.374,15.751
par2,S,17,0,76,54,14.732,15.8
par2,S,18,0,77,59,15.119,15.87
par2,S,19,0,79,53,15.532,16.159
par2,S,20,0,79,63,16.504,17.63
par2,S,21,0,77,53,16.884,17.879
par2,S,22,0,76,66,17.2,17.974
par2,S,23,0,74,72,17.502,18.118
par2,S,24,0,72,73,17.846,18.186
par2,S,25,0,79,47,18.537,18.669
par2,S,26,0,77,53,18.547,19.965
par2,S,27,0,76,53,19.11,20.027
par2,S,28,0,74,69,19.552,20.039
par2,S,29,0,72,63,19.888,20.06
par2,S,30,0,79,70,20.596,21.515
par2,S,31,0,77,78,20.918,21.857
par2,S,32,0,76,62,21.166,21.92
par2,S,33,0,74,65,21.452,21.949
par2,S,34,0,72,78,21.765,21.998
par2,S,35,0,77,61,22.598,23.33
par2,S,36,0,79,68,22.272,23.373
par2,S,37,0,76,57,22.937,23.831
par2,S,38,0,74,64,23.24,24.098
par2,S,39,0,72,61,23.639,24.236
par2,S,40,0,77,58,25.269,26.62
par2,S,41,0,76,58,25.57,26.809
par2,S,42,0,74,49,25.951,26.862
par2,S,43,0,72,57,26.419,26.966
par2,S,44,0,79,60,24.964,27.001
par2,S,45,0,74,65,28.518,29.871
par2,S,46,0,76,50,29.02,29.956
par2,S,47,0,77,69,29.399,30.252
par2,S,48,0,79,66,29.781,30.545
par2,S,49,0,72,71,30.215,30.718
par2,S,50,0,74,76,31.132,32.15
par2,S,51,0,76,69,31.409,32.207
par2,S,52,0,77,69,31.733,32.511
par2,S,53,0,74,54,32.45,32.703
par2,S,54,0,72,56,32.445,33.076
par2,S,55,0,79,62,32.03,33.13
par2,S,56,0,74,74,33.283,34.024
par2,S,57,0,76,72,33.569,34.302
par2,S,58,0,77,70,33.901,34.588
par2,S,59,0,79,72,34.224,34.691
par2,S,60,0,72,71,34.604,35.341
par2,S,61,0,74,81,35.242,35.633
par2,S,62,0,76,75,35.515,35.939
par2,S,63,0,77,77,35.828,36.257
par2,S,64,0,77,1,36.533,36.757
par2,S,65,0,79,77,36.122,36.867
par2,S,66,0,72,71,36.642,37.348
par2,S,67,0,77,73,39.554,40.33
par2,S,68,0,76,73,39.849,41.323
par2,S,69,0,72,71,40.63,41.365
par2,S,70,0,74,72,40.228,41.366
par2,S,71,0,79,79,41.284,42.109
par2,S,72,0,77,79,42.054,42.706
par2,S,73,0,76,69,42.354,43.156
par2,S,74,0,74,70,42.67,43.61
par2,S,75,0,72,70,43.016,43.69
par2,S,76,0,79,76,43.573,44.784
par2,S,77,0,77,63,44.14,44.815
par2,S,78,0,76,49,44.4,45.116
par2,S,79,0,74,75,44.697,45.234
par2,S,80,0,72,86,45.08,45.728
par2,S,81,0,79,69,45.634,46.441
par2,S,82,0,77,75,46.344,46.783
par2,S,83,0,76,79,46.616,47.018
par2,S,84,0,74,79,46.882,47.962
par2,S,85,0,72,78,47.212,48.004
par2,S,86,0,79,80,47.885,49.739
par2,S,87,0,76,70,50.454,51.316
par2,S,88,0,77,71,50.859,51.769
par2,S,89,0,79,71,51.224,52.073
par2,S,90,0,74,79,51.714,52.127
par2,S,91,0,72,74,52.006,52.922
par2,S,92,0,76,74,52.562,52.923
par2,S,93,0,77,71,52.839,53.279
par2,S,94,0,79,79,53.179,53.995
par2,S,95,0,74,69,53.623,54.077
par2,S,96,0,72,73,53.938,55.489
par2,S,97,0,76,73,54.852,55.511
par2,S,98,0,77,72,55.103,55.541
par2,S,99,0,74,70,55.903,56.284
par2,S,100,0,79,72,55.4,56.342
par2,S,101,0,76,62,56.819,57.234
par2,S,102,0,72,80,56.216,57.367
par2,S,103,0,77,70,57.071,57.465
par2,S,104,0,74,71,57.924,58.409
par2,S,105,0,72,70,58.235,59.134
par2,S,106,0,79,74,57.364,59.217
par2,S,107,0,76,73,60.077,61.346
par2,S,108,0,74,80,60.4,61.392
par2,S,109,0,72,72,60.788,61.769
par2,S,110,0,77,74,61.343,62.094
par2,S,111,0,79,76,61.725,63.172
par2,S,112,0,76,75,62.832,63.205
par2,S,113,0,74,78,63.078,63.566
par2,S,114,0,77,65,63.878,64.347
par2,S,115,0,72,76,63.438,64.555
par2,S,116,0,79,76,64.262,65.521
par2,S,117,0,76,72,65.173,65.586
par2,S,118,0,74,78,65.448,66.156
par2,S,119,0,72,81,65.78,66.653
par2,S,120,0,77,59,66.223,66.733
par2,S,121,0,79,83,66.646,67.508
par2,S,122,0,76,75,67.418,67.743
par2,S,123,0,74,82,67.669,68.088
par2,S,124,0,77,70,68.459,68.999
par2,S,125,0,72,78,67.983,69.335
par2,S,126,0,79,74,68.881,70.553
par2,S,127,0,77,83,70.782,71.429
par2,S,128,0,77,1,71.535,71.819
par2,S,129,0,79,74,71.317,72.791
par2,S,130,0,76,72,72.336,72.797
par2,S,131,0,74,76,72.683,73.193
par2,S,132,0,77,71,73.64,74.077
par2,S,133,0,72,78,73.055,74.131
par2,S,134,0,76,64,74.525,74.907
par2,S,135,0,79,78,74.022,74.999
par2,S,136,0,74,73,74.783,75.187
par2,S,137,0,77,73,75.567,76.051
par2,S,138,0,72,80,75.097,76.119
par2,S,139,0,76,67,76.581,76.946
par2,S,140,0,79,74,75.963,76.989
par2,S,141,0,74,73,76.849,77.517
par2,S,142,0,77,55,77.761,78.282
par2,S,143,0,72,77,77.168,78.423
par2,S,144,0,76,78,78.918,79.41
par2,S,145,0,79,56,78.236,79.431
par2,S,146,0,74,80,79.242,79.675
par2,S,147,0,72,81,79.561,80.85
par2,S,148,0,74,79,81.15,81.666
par2,S,149,0,76,72,82.169,82.535
par2,S,150,0,77,75,82.476,82.836
par2,S,151,0,72,74,81.57,82.891
par2,S,152,0,79,82,82.785,83.778
par2,S,153,0,74,71,83.387,83.803
par2,S,154,0,76,71,84.217,84.725
par2,S,155,0,77,78,84.661,85.035
par2,S,156,0,72,62,83.682,85.06
par2,S,157,0,79,82,84.966,85.981
par2,S,158,0,74,46,85.561,86.106
par2,S,159,0,76,72,86.648,86.947
par2,S,160,0,77,80,86.909,87.243
par2,S,161,0,72,76,86.044,87.315
par2,S,162,0,79,74,87.197,87.901
par2,S,163,0,74,81,87.729,88.157
par2,S,164,0,72,78,88.084,88.982
par2,S,165,0,76,77,88.604,88.998
par2,S,166,0,77,78,88.883,89.281
par2,S,167,0,79,81,89.191,90.739
par2,S,168,0,74,68,99.62,100.397
par2,S,169,0,72,60,99.124,100.505
par2,S,170,0,76,70,99.927,100.679
par2,S,171,0,77,77,100.289,100.737
par2,S,172,0,79,75,100.652,101.237
par2,S,173,0,74,73,101.484,102.146
par2,S,174,0,72,66,101.123,102.154
par2,S,175,0,76,69,101.776,102.491
par2,S,176,0,77,74,102.077,102.594
par2,S,177,0,79,60,102.473,103.218
par2,S,178,0,76,64,103.674,104.013
par2,S,179,0,74,68,103.331,104.038
par2,S,180,0,72,67,102.997,104.078
par2,S,181,0,77,73,103.953,104.277
par2,S,182,0,79,58,104.236,104.894
par2,S,183,0,72,67,104.783,105.487
par2,S,184,0,74,67,105.137,105.532
par2,S,185,0,76,80,105.43,106.127
par2,S,186,0,77,71,105.698,106.271
par2,S,187,0,79,54,106.07,106.421
par2,S,188,0,79,72,106.633,107.372
par2,S,189,0,77,70,106.987,107.605
par2,S,190,0,76,65,107.234,107.944
par2,S,191,0,74,66,107.541,107.985
par2,S,192,0,72,77,107.886,108.52
par2,S,193,0,79,38,108.306,109.311
par2,S,194,0,77,68,108.784,109.322
par2,S,195,0,76,64,109.02,109.547
par2,S,196,0,74,78,109.303,109.658
par2,S,197,0,72,81,109.606,110.388
par2,S,198,0,77,62,110.592,111.235
par2,S,199,0,79,72,110.201,111.273
par2,S,200,0,76,69,110.898,111.447
par2,S,201,0,74,76,111.203,111.601
par2,S,202,0,72,77,111.535,112.53
par2,S,203,0,79,48,112.084,113.166
par2,S,204,0,77,65,112.419,113.244
par2,S,205,0,74,73,113.127,113.877
par2,S,206,0,76,73,112.791,114.008
par2,S,207,0,72,72,113.503,114.052
par2,S,208,0,74,77,114.398,115.042
par2,S,209,0,76,79,114.66,115.319
par2,S,210,0,77,73,114.947,115.407
par2,S,211,0,79,77,115.264,116.385
par2,S,212,0,72,74,115.636,116.56
par2,S,213,0,74,73,116.312,116.735
par2,S,214,0,76,74,116.63,117.075
par2,S,215,0,77,77,116.935,117.394
par2,S,216,0,79,72,117.23,118.396
par2,S,217,0,72,55,117.672,118.402
par2,S,218,0,74,85,118.309,118.916
par2,S,219,0,76,76,118.598,119.047
par2,S,220,0,77,76,118.879,119.311
par2,S,221,0,79,69,119.185,119.735
par2,S,222,0,72,77,119.611,120.338
par2,S,223,0,74,78,120.16,120.458
par2,S,224,0,76,87,120.406,120.81
par2,S,225,0,77,82,120.684,122.122
par2,S,226,0,79,71,121.02,122.179
par2,S,227,0,72,71,121.548,122.738
par2,S,228,0,74,78,123.291,124.134
par2,S,229,0,76,76,123.695,124.528
par2,S,230,0,77,62,124.031,124.966
par2,S,231,0,79,71,124.418,126.423
par2,S,232,0,72,70,124.863,127.169
par2,S,233,0,74,82,128.052,128.851
par2,S,234,0,76,77,128.384,129.45
par2,S,235,0,77,72,128.674,129.854
par2,S,236,0,79,71,129.318,129.978
par2,S,237,0,77,79,135.008,136.015
par2,S,238,0,76,82,135.559,136.366
par2,S,239,0,74,79,135.898,136.37
par2,S,240,0,72,84,136.232,136.754
par2,S,241,0,79,74,136.577,137.464
par2,S,242,0,77,79,137.099,137.715
par2,S,243,0,76,78,137.371,138.091
par2,S,244,0,74,72,137.672,138.177
par2,S,245,0,72,80,138.05,138.606
par2,S,246,0,79,78,138.456,139.157
par2,S,247,0,77,80,139.034,139.583
par2,S,248,0,76,73,139.328,139.818
par2,S,249,0,74,71,139.637,140.074
par2,S,250,0,72,76,139.958,140.509
par2,S,251,0,79,70,140.404,141.358
par2,S,252,0,77,72,140.992,141.582
par2,S,253,0,76,72,141.284,142.03
par2,S,254,0,74,74,141.562,142.064
par2,S,255,0,72,77,141.919,144.04
par2,S,256,0,79,73,142.644,144.096
par2,S,257,0,76,68,145.8,146.669
par2,S,258,0,77,69,146.167,147.043
par2,S,259,0,79,76,146.527,147.102
par2,S,260,0,74,85,146.939,147.373
par2,S,261,0,72,80,147.268,148.21
par2,S,262,0,76,74,147.861,148.234
par2,S,263,0,79,75,148.445,148.963
par2,S,264,0,77,77,148.128,148.991
par2,S,265,0,74,82,148.809,149.166
par2,S,266,0,72,78,149.105,149.958
par2,S,267,0,76,68,149.629,150.03
par2,S,268,0,77,77,149.906,150.486
par2,S,269,0,74,66,150.567,150.982
par2,S,270,0,79,66,150.193,151.027
par2,S,271,0,76,74,151.478,151.797
par2,S,272,0,77,73,151.726,152.121
par2,S,273,0,72,74,150.907,152.143
par2,S,274,0,74,78,152.488,152.924
par2,S,275,0,79,75,152.044,154.705
par2,S,276,0,72,72,152.815,154.754
par2,S,277,0,76,79,155.092,155.77
par2,S,278,0,74,72,155.382,155.786
par2,S,279,0,77,76,156.03,156.368
par2,S,280,0,72,72,155.665,156.417
par2,S,281,0,79,73,156.304,157.231
par2,S,282,0,76,73,156.892,157.236
par2,S,283,0,74,84,157.149,157.597
par2,S,284,0,77,74,158.1,158.433
par2,S,285,0,72,81,157.499,158.499
par2,S,286,0,79,73,158.377,159.315
par2,S,287,0,76,71,159.028,159.401
par2,S,288,0,74,78,159.282,159.696
par2,S,289,0,77,68,160.284,160.584
par2,S,290,0,72,80,159.624,160.647
par2,S,291,0,79,70,160.545,161.481
par2,S,292,0,76,69,161.113,161.487
par2,S,293,0,74,79,161.387,161.703
par2,S,294,0,77,70,162.179,162.572
par2,S,295,0,72,79,161.641,163.952
par2,S,296,0,79,71,162.452,163.953
par2,S,297,0,77,77,164.171,165.425
par2,S,298,0,79,75,164.653,165.706
par2,S,299,0,76,70,165.289,165.99
par2,S,300,0,74,71,165.594,166.035
par2,S,301,0,77,70,166.449,166.894
par2,S,302,0,72,79,165.955,166.897
par2,S,303,0,79,74,166.808,167.654
par2,S,304,0,76,67,167.302,167.724
par2,S,305,0,74,76,167.601,167.94
par2,S,306,0,77,65,168.294,168.744
par2,S,307,0,72,81,167.879,168.801
par2,S,308,0,79,73,168.681,169.348
par2,S,309,0,76,77,169.197,169.599
par2,S,310,0,74,80,169.475,169.837
par2,S,311,0,77,68,170.171,170.621
par2,S,312,0,72,70,169.778,170.624
par2,S,313,0,79,73,170.565,171.452
par2,S,314,0,76,67,171.104,171.524
par2,S,315,0,74,76,171.387,171.827
par2,S,316,0,72,77,171.698,172.72
par2,S,317,0,74,71,172.902,173.976
par2,S,318,0,72,72,173.303,174.352
par2,S,319,0,76,66,173.968,174.427
par2,S,320,0,77,80,174.344,174.892
par2,S,321,0,79,72,174.693,175.42
par2,S,322,0,74,73,175.304,175.687
par2,S,323,0,72,68,175.605,176.297
par2,S,324,0,76,75,175.969,176.328
par2,S,325,0,77,78,176.209,176.593
par2,S,326,0,74,62,176.986,177.382
par2,S,327,0,79,70,176.519,177.418
par2,S,328,0,72,73,177.327,177.804
par2,S,329,0,76,73,177.673,178.091
par2,S,330,0,77,72,177.916,178.359
par2,S,331,0,79,71,178.228,178.94
par2,S,332,0,74,66,178.715,179.134
par2,S,333,0,76,69,179.453,179.833
par2,S,334,0,72,72,179.064,179.852
par2,S,335,0,77,79,179.727,180.127
par2,S,336,0,79,62,180.045,184.604
par2,S,337,0,72,72,185.366,186.639
par2,S,338,0,74,73,185.894,186.73
par2,S,339,0,76,64,186.272,187.063
par2,S,340,0,77,63,186.623,187.104
par2,S,341,0,79,61,187.017,187.987
par2,S,342,0,72,55,187.522,188.633
par2,S,343,0,74,56,187.899,188.658
par2,S,344,0,76,48,188.31,189.222
par2,S,345,0,77,67,188.618,189.275
par2,S,346,0,79,53,189.132,189.769
par2,S,347,0,72,64,189.63,190.432
par2,S,348,0,74,57,190.03,190.576
par2,S,349,0,76,57,190.367,190.967
par2,S,350,0,77,64,190.606,191.015
par2,S,351,0,79,65,190.961,191.585
par2,S,352,0,74,66,191.838,192.398
par2,S,353,0,72,68,191.472,192.518
par2,S,354,0,76,67,192.107,192.657
par2,S,355,0,77,70,192.398,192.856
par2,S,356,0,79,60,192.71,193.06
par2,S,357,0,79,65,193.288,194.003
par2,S,358,0,77,63,193.607,194.216
par2,S,359,0,76,59,193.844,194.522
par2,S,0,1,74,63,2.761,3.852
par2,S,1,1,72,65,2.372,3.873
par2,S,2,1,76,67,3.137,3.901
par2,S,3,1,77,68,3.432,3.903
par2,S,4,1,79,70,3.813,4.335
par2,S,5,1,72,75,4.223,4.962
par2,S,6,1,76,76,4.86,5.24
par2,S,7,1,74,72,4.564,5.285
par2,S,8,1,77,72,5.129,5.626
par2,S,9,1,79,48,5.487,6.095
par2,S,10,1,74,72,6.327,6.933
par2,S,11,1,72,77,6.008,6.984
par2,S,12,1,76,74,6.602,7.264
par2,S,13,1,77,74,6.868,7.381
par2,S,14,1,77,27,7.561,7.716
par2,S,15,1,79,71,7.201,7.771
par2,S,16,1,74,71,8.018,8.812
par2,S,17,1,72,78,7.701,8.926
par2,S,18,1,76,75,8.31,9.026
par2,S,19,1,77,74,8.601,9.061
par2,S,20,1,79,70,8.911,9.189
par2,S,21,1,79,63,9.433,10.145
par2,S,22,1,77,74,9.766,10.452
par2,S,23,1,76,77,10.039,10.699
par2,S,24,1,74,74,10.328,10.769
par2,S,25,1,72,75,10.62,11.752
par2,S,26,1,79,71,11.055,12.309
par2,S,27,1,77,61,11.425,12.339
par2,S,28,1,76,62,11.695,12.379
par2,S,29,1,74,65,12.001,12.402
par2,S,30,1,72,80,12.304,12.92
par2,S,31,1,79,72,12.795,13.796
par2,S,32,1,77,60,13.149,14.083
par2,S,33,1,76,65,13.426,14.152
par2,S,34,1,74,68,13.749,14.178
par2,S,35,1,72,80,14.086,14.709
par2,S,36,1,77,64,14.892,16.292
par2,S,37,1,74,63,15.576,16.325
par2,S,38,1,76,66,15.22,16.525
par2,S,39,1,72,76,15.985,16.629
par2,S,40,1,79,68,14.54,16.756
par2,S,41,1,74,67,16.975,18.036
par2,S,42,1,76,75,17.301,18.288
par2,S,43,1,77,71,17.593,18.367
par2,S,44,1,79,69,17.916,18.9
par2,S,45,1,72,83,18.304,19.182
par2,S,46,1,74,77,18.829,19.46
par2,S,47,1,76,79,19.095,19.806
par2,S,48,1,77,71,19.38,20.237
par2,S,49,1,72,64,20.141,20.706
par2,S,50,1,79,69,19.729,20.731
par2,S,51,1,74,66,20.653,21.261
par2,S,52,1,76,78,20.915,21.566
par2,S,53,1,77,70,21.178,21.627
par2,S,54,1,79,70,21.499,22.094
par2,S,55,1,72,72,21.978,22.898
par2,S,56,1,74,75,22.387,22.97
par2,S,57,1,76,73,22.635,23.304
par2,S,58,1,77,72,22.869,23.786
par2,S,59,1,79,72,23.215,24.409
par2,S,60,1,72,66,23.765,24.508
par2,S,61,1,77,68,24.5,25.911
par2,S,62,1,76,72,24.817,25.92
par2,S,63,1,74,61,25.112,25.933
par2,S,64,1,72,65,25.425,26.048
par2,S,65,1,79,72,25.864,26.936
par2,S,66,1,77,71,26.354,27.246
par2,S,67,1,76,66,26.591,27.537
par2,S,68,1,74,66,26.918,27.562
par2,S,69,1,72,79,27.296,27.902
par2,S,70,1,79,84,27.756,28.652
par2,S,71,1,77,62,28.197,28.899
par2,S,72,1,76,69,28.485,29.17
par2,S,73,1,74,71,28.789,29.199
par2,S,74,1,72,76,29.1,29.597
par2,S,75,1,79,82,29.492,30.557
par2,S,76,1,77,77,29.972,30.615
par2,S,77,1,76,58,30.272,30.963
par2,S,78,1,74,70,30.522,31.531
par2,S,79,1,72,84,30.865,31.84
par2,S,80,1,79,70,31.486,32.156
par2,S,81,1,76,70,32.232,33.553
par2,S,82,1,77,74,32.662,33.783
par2,S,83,1,79,64,33.059,33.795
par2,S,84,1,74,84,33.494,33.888
par2,S,85,1,72,82,33.82,34.539
par2,S,86,1,76,84,34.182,34.854
par2,S,87,1,77,74,34.431,34.902
par2,S,88,1,79,74,34.766,35.609
par2,S,89,1,74,75,35.158,35.64
par2,S,90,1,76,73,35.945,36.284
par2,S,91,1,77,75,36.189,36.526
par2,S,92,1,72,81,35.523,36.641
par2,S,93,1,79,79,36.479,37.326
par2,S,94,1,74,74,36.89,37.38
par2,S,95,1,72,82,37.286,38.045
par2,S,96,1,76,77,37.681,38.139
par2,S,97,1,77,74,37.908,38.261
par2,S,98,1,74,65,38.665,40.176
par2,S,99,1,72,72,39.122,40.432
par2,S,100,1,79,69,38.187,40.61
par2,S,101,1,76,77,40.6,41.388
par2,S,102,1,74,72,40.906,41.415
par2,S,103,1,77,78,41.579,41.896
par2,S,104,1,72,81,41.218,41.979
par2,S,105,1,79,76,41.857,42.656
par2,S,106,1,76,73,42.31,42.733
par2,S,107,1,74,79,42.602,42.974
par2,S,108,1,77,72,43.21,43.554
par2,S,109,1,72,77,42.871,43.781
par2,S,110,1,79,72,43.491,44.287
par2,S,111,1,76,76,44.201,44.869
par2,S,112,1,74,78,44.477,44.884
par2,S,113,1,77,67,45.157,45.465
par2,S,114,1,72,78,44.781,45.621
par2,S,115,1,79,64,45.412,46.101
par2,S,116,1,76,72,45.957,46.587
par2,S,117,1,74,75,46.237,46.622
par2,S,118,1,77,70,46.886,47.275
par2,S,119,1,72,78,46.51,47.654
par2,S,120,1,79,70,47.184,48.056
par2,S,121,1,77,84,48.314,48.803
par2,S,122,1,79,74,48.696,49.227
par2,S,123,1,76,77,49.118,49.813
par2,S,124,1,74,76,49.401,49.834
par2,S,125,1,77,80,50.345,50.717
par2,S,126,1,72,78,49.726,50.895
par2,S,127,1,79,74,50.669,51.446
par2,S,128,1,76,71,51.079,51.557
par2,S,129,1,74,78,51.408,51.868
par2,S,130,1,77,74,52.192,52.542
par2,S,131,1,72,78,51.722,52.721
par2,S,132,1,79,72,52.53,53.069
par2,S,133,1,76,72,52.945,53.572
par2,S,134,1,74,68,53.226,53.613
par2,S,135,1,77,76,53.951,54.404
par2,S,136,1,72,76,53.532,54.424
par2,S,137,1,79,62,54.307,54.97
par2,S,138,1,74,78,55.153,55.945
par2,S,139,1,76,72,54.895,56.029
par2,S,140,1,72,78,55.472,56.128
par2,S,141,1,74,65,56.371,57.274
par2,S,142,1,76,77,57.175,57.532
par2,S,143,1,72,74,56.76,57.547
par2,S,144,1,77,76,57.416,57.779
par2,S,145,1,79,70,57.714,58.321
par2,S,146,1,74,74,58.094,58.873
par2,S,147,1,72,71,58.454,59.099
par2,S,148,1,76,73,58.813,59.181
par2,S,149,1,77,78,59.073,59.46
par2,S,150,1,74,48,59.825,59.982
par2,S,151,1,76,48,59.817,59.984
par2,S,152,1,79,74,59.315,60.283
par2,S,153,1,74,80,60.153,60.609
par2,S,154,1,72,84,60.539,61.271
par2,S,155,1,76,79,60.911,61.288
par2,S,156,1,77,78,61.142,61.482
par2,S,157,1,79,73,61.401,61.951
par2,S,158,1,74,76,61.889,62.247
par2,S,159,1,76,76,62.594,62.96
par2,S,160,1,77,77,62.838,63.237
par2,S,161,1,72,76,62.165,63.267
par2,S,162,1,79,76,63.146,65.104
par2,S,163,1,72,65,66.177,66.65
par2,S,164,1,74,66,66.57,67.013
par2,S,165,1,76,67,66.968,67.406
par2,S,166,1,77,72,67.379,67.903
par2,S,167,1,79,60,67.862,68.362
par2,S,168,1,72,73,68.281,68.779
par2,S,169,1,74,73,68.693,69.034
par2,S,170,1,76,72,68.947,69.376
par2,S,171,1,77,74,69.3,69.754
par2,S,172,1,79,74,69.646,70.274
par2,S,173,1,72,56,70.092,70.519
par2,S,174,1,74,79,70.413,70.837
par2,S,175,1,76,69,70.733,71.108
par2,S,176,1,77,66,71.013,71.432
par2,S,177,1,79,73,71.336,71.847
par2,S,178,1,72,63,71.74,72.711
par2,S,179,1,74,71,72.108,72.758
par2,S,180,1,76,61,72.382,73.174
par2,S,181,1,77,70,72.676,73.227
par2,S,182,1,79,44,73.097,73.356
par2,S,183,1,79,70,73.527,74.378
par2,S,184,1,77,67,73.898,74.653
par2,S,185,1,76,66,74.235,74.906
par2,S,186,1,74,65,74.56,74.922
par2,S,187,1,72,69,74.839,75.311
par2,S,188,1,79,60,75.174,76.57
par2,S,189,1,77,68,75.54,76.644
par2,S,190,1,74,65,76.256,76.65
par2,S,191,1,76,55,75.907,76.658
par2,S,192,1,72,66,76.55,77.371
par2,S,193,1,79,74,76.936,77.985
par2,S,194,1,77,60,77.286,78.325
par2,S,195,1,76,60,77.652,78.389
par2,S,196,1,74,56,77.946,78.397
par2,S,197,1,72,74,78.267,79.213
par2,S,198,1,79,67,78.689,79.779
par2,S,199,1,77,63,79.077,79.856
par2,S,200,1,74,61,79.735,80.274
par2,S,201,1,72,74,80.138,80.606
par2,S,202,1,76,60,79.405,80.632
par2,S,203,1,74,81,81.199,81.943
par2,S,204,1,76,70,81.59,82.366
par2,S,205,1,77,40,81.782,82.661
par2,S,206,1,79,65,82.263,83.076
par2,S,207,1,72,79,82.646,83.129
par2,S,208,1,74,81,83.038,83.445
par2,S,209,1,76,76,83.323,84.053
par2,S,210,1,77,78,83.63,84.166
par2,S,211,1,79,63,84.032,84.7
par2,S,212,1,72,74,84.452,84.96
par2,S,213,1,74,73,84.871,85.544
par2,S,214,1,76,76,85.185,85.896
par2,S,215,1,77,70,85.476,86.236
par2,S,216,1,72,73,86.199,86.724
par2,S,217,1,79,60,85.833,86.734
par2,S,218,1,74,74,86.606,87.301
par2,S,219,1,76,76,86.954,87.627
par2,S,220,1,77,74,87.242,87.761
par2,S,221,1,72,68,87.977,89.111
par2,S,222,1,79,60,87.576,89.159
par2,S,223,1,77,72,89.648,90.247
par2,S,224,1,74,64,90.28,90.782
par2,S,225,1,76,74,89.926,90.787
par2,S,226,1,72,76,90.641,91.141
par2,S,227,1,79,77,91.043,91.56
par2,S,228,1,77,72,91.444,91.946
par2,S,229,1,74,67,92.085,92.49
par2,S,230,1,76,72,91.758,92.5
par2,S,231,1,72,72,92.399,92.906
par2,S,232,1,79,69,92.799,93.347
par2,S,233,1,77,66,93.268,93.826
par2,S,234,1,76,73,93.623,94.053
par2,S,235,1,74,70,93.913,94.356
par2,S,236,1,72,76,94.214,94.773
par2,S,237,1,79,82,94.641,95.489
par2,S,238,1,77,65,95.149,95.796
par2,S,239,1,74,64,95.753,96.344
par2,S,240,1,76,67,95.416,96.372
par2,S,241,1,72,72,96.163,97.382
par2,S,242,1,79,67,96.789,97.73
par2,S,243,1,77,77,98.4,99.589
par2,S,244,1,79,62,98.754,99.602
par2,S,245,1,76,65,98.095,99.603
par2,S,246,1,74,85,99.497,99.959
par2,S,247,1,72,84,99.893,100.659
par2,S,248,1,76,78,100.314,100.699
par2,S,249,1,77,76,100.555,100.987
par2,S,250,1,74,73,101.249,101.658
par2,S,251,1,79,64,100.878,101.737
par2,S,252,1,76,74,101.952,102.429
par2,S,253,1,77,74,102.164,102.569
par2,S,254,1,72,76,101.589,102.593
par2,S,255,1,79,62,102.489,103.295
par2,S,256,1,74,66,102.9,103.356
par2,S,257,1,72,64,103.287,104.114
par2,S,258,1,76,74,103.703,104.209
par2,S,259,1,77,73,103.951,104.283
par2,S,260,1,74,69,104.621,105.208
par2,S,261,1,79,64,104.222,105.67
par2,S,262,1,72,66,105.034,105.714
par2,S,263,1,76,71,105.899,106.734
par2,S,264,1,74,72,106.249,106.939
par2,S,265,1,77,68,106.964,107.34
par2,S,266,1,72,74,106.605,107.572
par2,S,267,1,79,65,107.303,108.246
par2,S,268,1,76,74,108.174,108.804
par2,S,269,1,74,80,108.441,108.841
par2,S,270,1,77,74,109.124,109.461
par2,S,271,1,72,72,108.76,109.476
par2,S,272,1,79,71,109.404,110.18
par2,S,273,1,76,77,110.099,110.532
par2,S,274,1,74,73,110.375,110.742
par2,S,275,1,77,71,111.043,111.403
par2,S,276,1,72,77,110.675,112.01
par2,S,277,1,79,70,111.334,112.034
par2,S,278,1,76,67,111.95,112.574
par2,S,279,1,74,69,112.218,112.62
par2,S,280,1,77,66,113.19,113.617
par2,S,281,1,79,68,113.529,114.3
par2,S,282,1,72,80,112.552,114.343
par2,S,283,1,77,72,114.552,115.063
par2,S,284,1,79,78,114.915,115.734
par2,S,285,1,76,70,115.651,116.252
par2,S,286,1,74,71,115.928,116.292
par2,S,287,1,77,78,116.893,117.263
par2,S,288,1,72,72,116.236,117.462
par2,S,289,1,79,67,117.224,117.772
par2,S,290,1,76,71,117.708,118.276
par2,S,291,1,74,70,117.953,118.335
par2,S,292,1,77,62,118.735,119.227
par2,S,293,1,72,76,118.275,119.232
par2,S,294,1,79,72,119.151,119.707
par2,S,295,1,76,71,119.624,120.25
par2,S,296,1,74,64,119.912,120.263
par2,S,297,1,77,61,120.702,121.138
par2,S,298,1,72,73,120.205,121.213
par2,S,299,1,79,73,121.063,121.702
par2,S,300,1,74,63,121.904,122.394
par2,S,301,1,76,66,121.61,122.423
par2,S,302,1,72,65,122.238,122.698
par2,S,303,1,74,62,122.948,123.829
par2,S,304,1,76,75,123.998,124.334
par2,S,305,1,72,71,123.33,124.393
par2,S,306,1,77,74,124.246,124.66
par2,S,307,1,79,66,124.564,125.573
par2,S,308,1,74,81,125.472,125.933
par2,S,309,1,76,66,126.252,126.615
par2,S,310,1,72,78,125.87,126.628
par2,S,311,1,77,75,126.492,126.807
par2,S,312,1,72,1,126.837,126.899
par2,S,313,1,79,63,126.769,127.274
par2,S,314,1,74,71,127.184,127.549
par2,S,315,1,76,73,127.875,128.136
par2,S,316,1,77,72,128.07,128.388
par2,S,317,1,72,74,127.5,128.479
par2,S,318,1,79,66,128.336,128.871
par2,S,319,1,74,65,128.795,129.239
par2,S,320,1,76,76,129.564,129.848
par2,S,321,1,72,74,129.177,129.959
par2,S,322,1,77,80,129.786,130.128
par2,S,323,1,72,1,130.096,130.158
par2,S,324,1,79,78,130.062,132.338
par2,S,325,1,72,67,132.567,133.621
par2,S,326,1,74,72,133.194,133.697
par2,S,327,1,76,69,133.581,134.021
par2,S,328,1,77,72,133.97,134.462
par2,S,329,1,79,68,134.357,135.312
par2,S,330,1,72,58,134.925,135.447
par2,S,331,1,74,62,135.337,135.833
par2,S,332,1,76,63,135.743,136.263
par2,S,333,1,77,69,136.086,136.529
par2,S,334,1,79,39,136.447,137.398
par2,S,335,1,72,62,136.926,137.836
par2,S,336,1,74,61,137.383,138.11
par2,S,337,1,76,56,137.746,138.414
par2,S,338,1,77,69,138.091,138.42
par2,S,339,1,79,58,138.418,139.038
par2,S,340,1,72,57,138.913,139.656
par2,S,341,1,74,66,139.31,140.045
par2,S,342,1,76,55,139.631,140.365
par2,S,343,1,77,61,139.946,140.406
par2,S,344,1,79,46,140.324,140.493
par2,S,345,1,76,55,141.085,141.388
par2,S,346,1,77,35,141.077,141.407
par2,S,347,1,79,74,140.733,141.75
par2,S,348,1,76,68,141.644,142.033
par2,S,349,1,74,79,141.963,142.377
par2,S,350,1,72,74,142.309,142.763
par2,S,351,1,79,57,142.661,143.142
par2,S,352,1,77,72,143.02,143.517
par2,S,353,1,76,71,143.348,144.04
par2,S,354,1,74,65,143.629,144.087
par2,S,355,1,72,72,143.996,144.615
par2,S,356,1,79,43,144.405,145.385
par2,S,357,1,77,64,144.794,145.518
par2,S,358,1,76,53,145.093,145.753
par2,S,359,1,74,64,145.383,145.764
par2,S,360,1,72,67,145.687,146.71
par2,S,361,1,79,51,146.121,147.273
par2,S,362,1,77,68,146.583,148.141
par2,S,363,1,74,61,147.219,148.169
par2,S,364,1,76,66,146.933,148.254
par2,S,365,1,72,69,147.631,148.318
par2,S,366,1,74,76,148.964,149.61
par2,S,367,1,76,72,149.236,149.945
par2,S,368,1,77,72,149.529,150.08
par2,S,369,1,79,56,149.878,150.66
par2,S,370,1,72,73,150.253,150.707
par2,S,371,1,74,76,150.609,151.009
par2,S,372,1,76,75,150.936,151.55
par2,S,373,1,77,75,151.181,151.611
par2,S,374,1,79,70,151.505,152.003
par2,S,375,1,72,75,151.854,152.311
par2,S,376,1,74,74,152.234,152.88
par2,S,377,1,76,72,152.584,153.171
par2,S,378,1,77,66,152.855,153.26
par2,S,379,1,72,73,153.502,153.918
par2,S,380,1,79,67,153.138,153.982
par2,S,381,1,74,73,153.832,154.531
par2,S,382,1,76,77,154.175,154.624
par2,S,383,1,77,70,154.436,154.854
par2,S,384,1,79,63,154.747,156.261
par2,S,385,1,72,75,155.162,156.345
par2,S,386,1,77,77,156.994,157.78
par2,S,387,1,76,63,157.346,158.221
par2,S,388,1,74,66,157.657,158.238
par2,S,389,1,72,74,158.008,158.895
par2,S,390,1,79,67,158.372,159.143
par2,S,391,1,77,68,158.803,159.438
par2,S,392,1,76,63,159.094,159.834
par2,S,393,1,74,68,159.407,159.858
par2,S,394,1,72,76,159.76,160.298
par2,S,395,1,79,73,160.117,160.744
par2,S,396,1,77,67,160.62,161.256
par2,S,397,1,76,68,160.923,161.605
par2,S,398,1,74,58,161.216,161.634
par2,S,399,1,79,70,161.898,162.488
par2,S,400,1,72,75,161.544,162.553
par2,S,401,1,77,69,162.379,163.126
par2,S,402,1,74,60,163.061,163.462
par2,S,403,1,76,63,162.707,163.517
par2,S,404,1,72,63,163.318,164.686
par2,S,405,1,79,67,163.855,165.209
par2,S,406,1,76,72,165.195,165.954
par2,S,407,1,77,77,165.471,166.635
par2,S,408,1,79,57,165.797,166.647
par2,S,409,1,74,79,166.489,166.918
par2,S,410,1,76,73,167.463,167.852
par2,S,411,1,77,72,167.719,168.061
par2,S,412,1,72,78,166.839,168.068
par2,S,413,1,74,72,168.374,168.8
par2,S,414,1,79,66,167.99,168.824
par2,S,415,1,72,72,168.727,169.402
par2,S,416,1,76,67,169.12,169.6
par2,S,417,1,77,72,169.331,169.691
par2,S,418,1,79,70,169.599,170.419
par2,S,419,1,74,65,169.998,170.46
par2,S,420,1,76,71,170.846,171.135
par2,S,421,1,77,72,171.075,171.427
par2,S,422,1,72,72,170.389,171.676
par2,S,423,1,74,71,171.779,172.42
par2,S,424,1,79,62,171.35,173.155
par2,S,425,1,72,72,172.247,173.175
par2,S,426,1,76,74,173.475,174.134
par2,S,427,1,74,70,173.743,174.159
par2,S,428,1,77,69,174.512,174.871
par2,S,429,1,72,85,174.056,174.991
par2,S,430,1,79,74,174.814,175.355
par2,S,431,1,76,77,175.257,175.625
par2,S,432,1,76,50,175.716,175.9
par2,S,433,1,74,79,175.526,176.199
par2,S,434,1,77,66,176.616,176.919
par2,S,435,1,72,87,176.156,177.021
par2,S,436,1,79,76,176.867,177.466
par2,S,437,1,76,69,177.379,177.928
par2,S,438,1,74,75,177.634,178.018
par2,S,439,1,77,66,178.33,178.706
par2,S,440,1,72,75,177.939,178.778
par2,S,441,1,79,59,178.648,179.239
par2,S,442,1,76,70,179.164,179.753
par2,S,443,1,74,67,179.423,179.775
par2,S,444,1,77,73,180.234,180.631
par2,S,445,1,72,78,179.711,180.976
par2,S,446,1,79,59,180.492,181.022
par2,S,447,1,77,74,181.198,181.606
par2,S,448,1,76,70,182.151,182.483
par2,S,449,1,79,66,181.475,182.499
par2,S,450,1,74,78,182.406,182.82
par2,S,451,1,77,70,183.167,183.508
par2,S,452,1,72,72,182.747,183.606
par2,S,453,1,79,59,183.45,184.195
par2,S,454,1,76,63,183.895,184.484
par2,S,455,1,74,67,184.194,184.546
par2,S,456,1,77,69,184.871,185.216
par2,S,457,1,72,70,184.478,185.294
par2,S,458,1,79,70,185.129,185.783
par2,S,459,1,76,70,185.659,185.996
par2,S,460,1,74,77,185.923,186.254
par2,S,461,1,77,70,186.61,186.912
par2,S,462,1,72,77,186.19,187.407
par2,S,463,1,79,67,186.855,187.724
par2,S,464,1,74,78,187.881,188.681
par2,S,465,1,76,67,187.616,188.8
par2,S,466,1,72,66,188.28,188.942
par2,S,467,1,74,72,189.244,189.727
par2,S,468,1,76,69,190.087,190.36
par2,S,469,1,77,73,190.288,190.638
par2,S,470,1,72,76,189.634,190.67
par2,S,471,1,79,62,190.554,191.107
par2,S,472,1,74,63,190.93,191.384
par2,S,473,1,76,72,191.699,192.04
par2,S,474,1,72,73,191.308,192.077
par2,S,475,1,77,73,191.91,192.232
par2,S,476,1,79,66,192.156,192.826
par2,S,477,1,74,65,192.606,193.105
par2,S,478,1,76,71,193.388,193.683
par2,S,479,1,77,74,193.589,193.927
par2,S,480,1,72,76,193.015,193.943
par2,S,481,1,79,72,193.847,194.368
par3,I,0,0,72,41,1.852,2.457
par3,I,1,0,79,60,2.447,3.107
par3,I,2,0,77,56,3.015,3.685
par3,I,3,0,76,60,3.684,4.366
par3,I,4,0,74,62,4.289,5.04
par3,I,5,0,79,62,4.997,5.575
par3,I,6,0,77,48,5.517,6.117
par3,I,7,0,76,58,6.078,6.84
par3,I,8,0,74,55,6.735,7.378
par3,I,9,0,72,66,7.335,7.993
par3,I,10,0,76,53,7.941,8.636
par3,I,11,0,79,60,8.546,9.382
par3,I,12,0,72,48,10.207,10.779
par3,I,13,0,76,38,10.798,11.369
par3,I,14,0,79,39,11.38,11.756
par3,I,15,0,72,51,12.234,12.747
par3,I,16,0,74,49,12.754,13.317
par3,I,17,0,76,50,13.32,13.946
par3,I,18,0,77,51,13.955,14.69
par3,I,19,0,79,54,14.656,15.259
par3,I,20,0,77,46,15.255,15.88
par3,I,21,0,76,52,15.881,16.519
par3,I,22,0,74,45,16.447,17.154
par3,I,23,0,72,60,17.122,17.777
par3,I,24,0,76,49,17.763,18.401
par3,I,25,0,79,51,18.342,18.997
par3,I,26,0,76,36,18.967,19.583
par3,I,27,0,72,44,19.573,20.248
par3,I,28,0,76,58,20.19,20.837
par3,I,29,0,79,50,20.745,21.361
par3,I,30,0,76,48,21.337,21.945
par3,I,31,0,72,59,21.91,22.557
par3,I,32,0,74,54,22.515,23.268
par3,I,33,0,76,68,23.242,23.852
par3,I,34,0,77,49,23.84,24.471
par3,I,35,0,79,31,24.424,24.715
par3,I,36,0,79,47,25.183,25.46
par3,I,37,0,79,34,25.666,26.235
par3,I,38,0,79,46,26.806,27.493
par3,I,39,0,77,39,27.435,28.036
par3,I,40,0,76,49,28.059,28.699
par3,I,41,0,74,39,28.684,29.392
par3,I,42,0,72,61,29.282,29.586
par3,I,43,0,72,42,29.927,30.179
par3,I,44,0,72,47,30.565,31.151
par3,I,45,0,72,53,31.749,32.334
par3,I,46,0,79,49,32.337,32.887
par3,I,47,0,74,46,32.939,33.537
par3,I,48,0,77,45,33.55,34.127
par3,I,49,0,76,60,34.121,34.765
par3,I,50,0,77,43,34.716,35.395
par3,I,51,0,74,50,35.395,36.007
par3,I,52,0,79,56,36.001,36.684
par3,I,53,0,72,44,36.662,37.215
par3,I,54,0,74,56,37.182,37.804
par3,I,55,0,76,65,37.732,38.356
par3,I,56,0,77,53,38.323,39.005
par3,I,57,0,79,63,38.935,39.436
par3,I,58,0,79,45,39.616,40.055
par3,I,59,0,79,48,40.293,41.047
par3,I,60,0,79,51,41.425,42.064
par3,I,61,0,77,51,42.049,42.744
par3,I,62,0,76,49,42.735,43.416
par3,I,63,0,74,58,43.267,43.915
par3,I,64,0,72,51,43.841,44.216
par3,I,65,0,72,39,44.487,44.749
par3,I,66,0,72,41,45.081,45.929
par3,I,67,0,72,69,46.323,46.928
par3,I,68,0,74,56,46.896,47.464
par3,I,69,0,76,56,47.462,48.081
par3,I,70,0,77,51,48.117,48.777
par3,I,71,0,79,57,48.731,49.433
par3,I,72,0,77,43,49.313,49.961
par3,I,73,0,76,54,49.911,50.618
par3,I,74,0,74,38,50.525,51.244
par3,I,75,0,72,51,51.224,51.816
par3,I,76,0,79,53,51.793,52.397
par3,I,77,0,76,53,52.425,53.048
par3,I,78,0,72,52,53.002,53.684
par3,I,79,0,79,60,53.71,55.418
par3,I,80,0,79,47,55.979,56.502
par3,I,81,0,77,49,56.557,57.155
par3,I,82,0,76,51,57.223,57.888
par3,I,83,0,74,36,57.897,58.419
par3,I,84,0,72,16,58.47,59.024
par3,I,85,0,74,38,59.042,59.645
par3,I,86,0,76,65,59.651,60.321
par3,I,87,0,77,45,60.275,60.953
par3,I,88,0,79,66,60.892,61.532
par3,I,89,0,72,56,61.544,62.165
par3,I,90,0,79,51,62.147,62.779
par3,I,91,0,72,49,62.778,63.351
par3,I,92,0,79,60,63.358,65.808
par3,I,93,0,72,43,65.831,66.45
par3,I,94,0,74,52,66.455,67.074
par3,I,95,0,76,38,67.036,67.695
par3,I,96,0,76,43,68.221,68.801
par3,I,97,0,77,39,68.841,69.493
par3,I,98,0,79,52,69.439,70.24
par3,I,99,0,79,27,70.65,71.189
par3,I,100,0,77,37,71.233,71.885
par3,I,101,0,76,38,71.888,72.504
par3,I,102,0,74,46,72.477,73.114
par3,I,103,0,72,45,73.095,73.358
par3,I,104,0,72,28,73.701,73.97
par3,I,105,0,72,41,74.362,75.013
par3,I,106,0,72,52,75.503,76.101
par3,I,107,0,74,43,76.121,76.717
par3,I,108,0,76,41,76.737,77.328
par3,I,109,0,77,42,77.303,77.987
par3,I,110,0,79,70,77.95,78.517
par3,I,111,0,76,51,78.503,79.202
par3,I,112,0,79,46,79.135,79.864
par3,I,113,0,79,45,80.296,81.051
par3,I,114,0,77,58,80.954,81.502
par3,I,115,0,76,47,81.51,82.286
par3,I,116,0,74,34,82.209,82.793
par3,I,117,0,72,37,82.833,83.386
par3,I,118,0,72,42,83.964,84.741
par3,I,119,0,72,41,85.279,85.838
par3,I,120,0,79,48,85.841,86.398
par3,I,121,0,74,35,86.434,86.993
par3,I,122,0,77,57,87.009,87.665
par3,I,123,0,72,44,87.637,88.272
par3,I,124,0,79,38,88.251,88.915
par3,I,125,0,74,50,88.905,89.498
par3,I,126,0,77,55,89.505,90.172
par3,I,127,0,79,64,90.102,90.778
par3,I,128,0,77,51,90.718,91.333
par3,I,129,0,76,49,91.409,92.011
par3,I,130,0,74,34,91.986,92.597
par3,I,131,0,72,50,92.605,92.876
par3,I,132,0,72,41,93.206,93.478
par3,I,133,0,72,37,93.815,94.519
par3,I,134,0,72,38,95.086,95.653
par3,I,135,0,74,36,95.654,96.22
par3,I,136,0,76,36,96.268,96.849
par3,I,137,0,77,51,96.825,97.511
par3,I,138,0,79,52,97.438,98.109
par3,I,139,0,77,54,98.043,98.681
par3,I,140,0,76,49,98.591,99.389
par3,I,141,0,74,39,99.284,99.942
par3,I,142,0,72,43,99.915,100.525
par3,I,143,0,79,58,100.503,101.163
par3,I,144,0,72,39,101.124,101.719
par3,I,145,0,79,46,101.699,102.316
par3,I,146,0,72,48,102.302,104.116
par3,I,147,0,72,39,104.64,105.366
par3,I,148,0,74,44,105.324,105.913
par3,I,149,0,76,62,105.902,106.545
par3,I,150,0,76,52,107.147,108.272
par3,I,151,0,77,49,107.741,108.292
par3,I,152,0,79,33,108.329,109.027
par3,I,153,0,79,51,109.596,110.162
par3,I,154,0,77,28,110.202,110.763
par3,I,155,0,76,36,110.78,111.446
par3,I,156,0,74,47,111.389,112.057
par3,I,157,0,72,55,112.024,112.228
par3,I,158,0,72,43,112.642,112.919
par3,I,159,0,72,20,113.344,114.04
par3,I,160,0,79,52,114.434,115.135
par3,I,161,0,77,41,115.029,115.626
par3,I,162,0,76,54,115.626,116.417
par3,I,163,0,79,40,116.772,117.546
par3,I,164,0,77,49,117.409,118.109
par3,I,165,0,76,49,118.089,118.762
par3,I,166,0,72,49,119.35,119.942
par3,I,167,0,74,45,119.937,120.504
par3,I,168,0,76,51,120.52,121.109
par3,I,169,0,77,48,121.113,121.831
par3,I,170,0,79,50,121.758,122.324
par3,I,171,0,79,54,122.435,122.705
par3,I,172,0,79,42,122.94,123.636
par3,I,173,0,79,40,124.136,124.415
par3,I,174,0,79,33,124.742,125.08
par3,I,175,0,79,34,125.43,125.708
par3,I,176,0,79,30,126.004,126.293
par3,I,177,0,77,38,126.631,126.897
par3,I,178,0,77,37,127.243,127.489
par3,I,179,0,77,32,127.803,128.11
par3,I,180,0,77,34,128.436,128.685
par3,I,181,0,76,49,129.088,129.391
par3,I,182,0,76,44,129.673,130.002
par3,I,183,0,76,21,130.307,130.56
par3,I,184,0,76,45,130.9,131.15
par3,I,185,0,74,49,131.512,131.736
par3,I,186,0,74,27,132.117,132.337
par3,I,187,0,74,32,132.729,132.927
par3,I,188,0,74,36,133.312,133.492
par3,I,189,0,72,31,133.91,134.182
par3,I,190,0,72,41,134.507,134.782
par3,I,191,0,72,43,135.122,135.903
par3,I,192,0,72,37,136.295,136.557
par3,I,193,0,72,41,136.918,137.145
par3,I,194,0,72,35,137.57,138.28
par3,I,195,0,72,49,138.845,139.457
par3,I,196,0,74,50,139.45,140.023
par3,I,197,0,76,47,140.018,140.646
par3,I,198,0,77,52,140.639,141.325
par3,I,199,0,79,46,141.261,141.89
par3,I,200,0,77,53,141.841,142.369
par3,I,201,0,76,45,142.382,143.031
par3,I,202,0,74,30,142.99,143.587
par3,I,203,0,72,34,143.621,143.866
par3,I,204,0,72,27,144.254,144.49
par3,I,205,0,72,30,144.865,145.536
par3,I,206,0,72,1,146.162,146.48
par3,I,207,0,72,51,146.701,147.024
par3,I,208,0,72,50,147.275,147.928
par3,I,209,0,79,64,148.46,148.762
par3,I,210,0,79,50,149.051,149.305
par3,I,211,0,79,51,149.674,150.546
par3,I,212,0,77,46,150.948,151.294
par3,I,213,0,77,46,151.556,151.844
par3,I,214,0,77,48,152.134,152.772
par3,I,215,0,76,42,153.353,153.667
par3,I,216,0,76,47,153.976,154.258
par3,I,217,0,76,47,154.564,154.866
par3,I,218,0,76,48,155.17,155.511
par3,I,219,0,74,46,155.819,156.041
par3,I,220,0,74,38,156.41,156.592
par3,I,221,0,74,41,157.002,157.188
par3,I,222,0,74,44,157.624,157.844
par3,I,223,0,72,44,158.24,158.454
par3,I,224,0,72,40,158.807,159.035
par3,I,225,0,72,42,159.476,159.662
par3,I,226,0,72,36,160.063,160.276
par3,I,227,0,72,56,160.683,162.485
par3,I,228,0,72,47,163.077,163.385
par3,I,229,0,72,37,163.731,164.068
par3,I,230,0,74,51,164.35,164.565
par3,I,231,0,74,46,164.939,165.171
par3,I,232,0,76,66,165.526,165.813
par3,I,233,0,76,38,166.133,166.473
par3,I,234,0,77,50,166.774,166.991
par3,I,235,0,77,48,167.333,167.579
par3,I,236,0,79,45,168.016,168.223
par3,I,237,0,79,53,168.565,168.816
par3,I,238,0,79,46,169.196,169.511
par3,I,239,0,77,57,169.479,169.766
par3,I,240,0,76,54,169.773,170.068
par3,I,241,0,74,44,170.073,170.377
par3,I,242,0,72,42,170.403,171.852
par3,I,243,0,72,42,172.788,173.485
par3,I,244,0,74,53,173.437,174.054
par3,I,245,0,76,52,174.029,174.604
par3,I,246,0,77,60,174.58,175.34
par3,I,247,0,79,47,175.326,175.869
par3,I,248,0,77,53,175.825,176.44
par3,I,249,0,76,59,176.438,177.036
par3,I,250,0,74,46,177.017,177.753
par3,I,251,0,72,33,177.758,178.056
par3,I,252,0,74,35,178.035,178.348
par3,I,253,0,76,41,178.326,178.791
par3,I,254,0,77,43,178.584,178.852
par3,I,255,0,79,43,178.869,179.221
par3,I,256,0,77,44,179.141,179.432
par3,I,257,0,76,47,179.43,179.728
par3,I,258,0,74,32,179.745,180.145
par3,I,259,0,72,54,180.156,180.807
par3,I,260,0,72,42,182.571,183.177
par3,I,261,0,74,46,183.747,184.494
par3,I,262,0,76,35,184.964,185.597
par3,I,263,0,77,54,186.15,186.908
par3,I,264,0,79,52,187.455,188.055
par3,I,265,0,77,54,188.065,188.624
par3,I,266,0,76,51,188.635,189.279
par3,I,267,0,74,39,189.217,189.831
par3,I,268,0,72,51,189.85,190.53
par3,I,269,0,72,49,192.263,192.849
par3,I,270,0,79,48,192.848,193.533
par3,I,271,0,74,52,193.532,194.146
par3,I,0,1,72,23,2.563,3.133
par3,I,1,1,74,48,3.124,3.698
par3,I,2,1,76,52,3.73,4.355
par3,I,3,1,77,56,4.362,4.976
par3,I,4,1,79,64,4.936,5.655
par3,I,5,1,77,53,5.553,6.128
par3,I,6,1,76,44,6.104,6.788
par3,I,7,1,74,47,6.71,7.383
par3,I,8,1,72,31,7.365,7.879
par3,I,9,1,76,38,7.94,8.534
par3,I,10,1,79,53,8.495,9.087
par3,I,11,1,76,57,9.047,9.835
par3,I,12,1,72,50,9.752,10.371
par3,I,13,1,76,52,10.333,11.095
par3,I,14,1,79,52,11.011,11.614
par3,I,15,1,76,27,11.523,12.263
par3,I,16,1,79,58,12.172,12.913
par3,I,17,1,77,56,12.758,13.42
par3,I,18,1,76,46,13.414,14.135
par3,I,19,1,74,42,14.041,14.72
par3,I,20,1,72,42,14.7,15.322
par3,I,21,1,74,38,15.287,15.88
par3,I,22,1,76,48,15.82,16.536
par3,I,23,1,77,53,16.416,17.11
par3,I,24,1,79,59,17.042,17.726
par3,I,25,1,72,45,17.663,18.378
par3,I,26,1,77,46,18.322,18.955
par3,I,27,1,74,46,18.941,19.535
par3,I,28,1,72,55,19.498,21.927
par3,I,29,1,79,61,21.895,23.091
par3,I,30,1,77,52,22.506,23.137
par3,I,31,1,76,52,23.108,23.738
par3,I,32,1,74,52,23.685,24.427
par3,I,33,1,72,59,24.347,24.993
par3,I,34,1,74,43,24.933,25.635
par3,I,35,1,76,32,25.551,26.28
par3,I,36,1,77,45,26.147,26.889
par3,I,37,1,79,51,26.809,27.484
par3,I,38,1,77,59,27.364,28.049
par3,I,39,1,79,42,27.984,28.753
par3,I,40,1,77,24,28.643,29.302
par3,I,41,1,79,57,29.209,31.92
par3,I,42,1,72,30,31.728,32.891
par3,I,43,1,74,42,32.343,32.958
par3,I,44,1,76,54,32.903,33.511
par3,I,45,1,77,56,33.467,34.274
par3,I,46,1,79,47,34.18,34.855
par3,I,47,1,77,52,34.677,35.354
par3,I,48,1,76,45,35.366,36.007
par3,I,49,1,74,44,35.94,36.601
par3,I,50,1,72,48,36.563,37.16
par3,I,51,1,76,50,37.117,37.845
par3,I,52,1,79,57,37.763,38.405
par3,I,53,1,76,62,38.338,39.048
par3,I,54,1,72,52,38.912,39.356
par3,I,55,1,76,55,39.245,39.586
par3,I,56,1,79,47,39.511,40.069
par3,I,57,1,76,23,39.848,40.455
par3,I,58,1,72,38,40.289,41.099
par3,I,59,1,79,49,41.405,41.894
par3,I,60,1,77,30,41.71,42.012
par3,I,61,1,76,43,42.012,42.414
par3,I,62,1,74,34,42.336,42.654
par3,I,63,1,72,50,42.623,43.008
par3,I,64,1,74,36,42.971,43.48
par3,I,65,1,76,39,43.21,43.632
par3,I,66,1,77,55,43.527,43.93
par3,I,67,1,79,53,43.842,44.586
par3,I,68,1,79,47,44.989,45.832
par3,I,69,1,72,34,46.33,46.837
par3,I,70,1,74,35,46.875,47.421
par3,I,71,1,76,38,47.439,48.569
par3,I,72,1,77,50,48.087,48.684
par3,I,73,1,79,23,48.666,49.008
par3,I,74,1,79,31,49.269,49.46
par3,I,75,1,79,12,49.733,50.677
par3,I,76,1,79,40,51.118,51.912
par3,I,77,1,77,49,51.699,52.358
par3,I,78,1,76,20,52.347,53.116
par3,I,79,1,74,50,53.013,53.687
par3,I,80,1,72,54,53.601,54.368
par3,I,81,1,79,50,54.236,56.18
par3,I,82,1,74,52,56.139,56.721
par3,I,83,1,77,52,56.673,57.313
par3,I,84,1,76,51,57.315,57.918
par3,I,85,1,77,58,57.856,58.506
par3,I,86,1,74,46,58.497,59.239
par3,I,87,1,77,56,59.238,59.79
par3,I,88,1,76,49,59.737,60.428
par3,I,89,1,77,43,60.343,60.968
par3,I,90,1,79,33,60.881,62.115
par3,I,91,1,77,55,61.446,62.38
par3,I,92,1,76,48,62.133,62.806
par3,I,93,1,74,49,62.747,63.534
par3,I,94,1,72,53,63.417,65.163
par3,I,95,1,72,34,65.811,66.363
par3,I,96,1,74,44,66.376,67.004
par3,I,97,1,76,51,66.983,67.673
par3,I,98,1,76,47,68.222,68.787
par3,I,99,1,77,56,68.736,69.477
par3,I,100,1,79,59,69.398,70.001
par3,I,101,1,79,42,70.599,71.349
par3,I,102,1,77,44,71.254,71.931
par3,I,103,1,79,49,71.859,72.544
par3,I,104,1,77,62,72.429,73.096
par3,I,105,1,76,52,73.053,73.789
par3,I,106,1,74,48,73.647,74.38
par3,I,107,1,72,50,74.339,75.062
par3,I,108,1,72,24,75.542,76.12
par3,I,109,1,74,27,76.174,76.731
par3,I,110,1,76,45,76.715,77.354
par3,I,111,1,77,51,77.334,77.964
par3,I,112,1,79,52,77.948,78.596
par3,I,113,1,77,49,78.533,79.211
par3,I,114,1,76,48,79.207,79.813
par3,I,115,1,74,30,79.784,80.479
par3,I,116,1,72,38,80.443,81.074
par3,I,117,1,79,6,81.026,81.628
par3,I,118,1,72,19,81.651,82.173
par3,I,119,1,79,48,82.157,82.753
par3,I,120,1,72,36,82.829,84.003
par3,I,121,1,72,44,85.218,85.499
par3,I,122,1,72,53,85.83,86.15
par3,I,123,1,72,51,86.472,87.257
par3,I,124,1,74,45,87.721,87.985
par3,I,125,1,74,42,88.321,88.588
par3,I,126,1,74,38,88.947,89.771
par3,I,127,1,76,34,90.109,90.399
par3,I,128,1,76,28,90.737,91.006
par3,I,129,1,76,55,91.286,91.999
par3,I,130,1,77,57,92.501,92.793
par3,I,131,1,79,66,93.135,93.369
par3,I,132,1,77,53,93.895,94.332
par3,I,133,1,79,64,94.96,95.203
par3,I,134,1,79,46,95.565,95.823
par3,I,135,1,79,45,96.226,96.945
par3,I,136,1,79,62,97.436,98.083
par3,I,137,1,77,63,97.984,98.666
par3,I,138,1,76,60,98.615,99.385
par3,I,139,1,74,64,99.273,99.913
par3,I,140,1,72,61,99.851,100.196
par3,I,141,1,72,51,100.474,100.737
par3,I,142,1,72,49,101.113,101.773
par3,I,143,1,72,49,102.358,102.621
par3,I,144,1,74,49,102.636,102.967
par3,I,145,1,76,56,102.929,103.29
par3,I,146,1,77,64,103.22,103.602
par3,I,147,1,79,68,103.54,104.116
par3,I,148,1,79,52,104.702,105.034
par3,I,149,1,79,45,105.325,105.613
par3,I,150,1,79,43,105.942,106.896
par3,I,151,1,79,54,107.165,107.547
par3,I,152,1,77,53,107.439,107.75
par3,I,153,1,76,41,107.749,108.075
par3,I,154,1,74,40,108.044,108.369
par3,I,155,1,72,51,108.369,108.916
par3,I,156,1,72,42,109.54,109.789
par3,I,157,1,72,36,110.175,110.414
par3,I,158,1,72,37,110.866,111.564
par3,I,159,1,72,37,112.056,112.653
par3,I,160,1,76,55,112.646,113.316
par3,I,161,1,79,59,113.247,113.895
par3,I,162,1,76,58,113.862,114.544
par3,I,163,1,79,59,114.47,115.154
par3,I,164,1,76,50,115.069,115.802
par3,I,165,1,72,50,115.69,116.329
par3,I,166,1,76,54,116.302,117.019
par3,I,167,1,72,45,116.937,117.548
par3,I,168,1,76,50,117.49,118.142
par3,I,169,1,79,66,118.067,118.812
par3,I,170,1,79,45,119.297,119.929
par3,I,171,1,76,40,119.943,120.619
par3,I,172,1,72,41,120.592,121.197
par3,I,173,1,72,43,121.778,121.966
par3,I,174,1,72,52,122.334,122.611
par3,I,175,1,76,43,122.98,123.307
par3,I,176,1,76,42,123.603,124.073
par3,I,177,1,79,62,124.19,124.524
par3,I,178,1,79,50,124.801,125.061
par3,I,179,1,79,40,125.408,126.103
par3,I,180,1,79,55,126.585,126.826
par3,I,181,1,79,23,127.136,127.531
par3,I,182,1,76,37,127.887,128.139
par3,I,183,1,76,38,128.432,128.724
par3,I,184,1,72,40,129.05,129.289
par3,I,185,1,72,47,129.595,129.829
par3,I,186,1,72,44,130.25,130.962
par3,I,187,1,72,37,131.566,132.068
par3,I,188,1,74,47,132.135,132.665
par3,I,189,1,76,39,132.694,132.989
par3,I,190,1,76,44,133.275,133.537
par3,I,191,1,76,51,133.912,134.562
par3,I,192,1,77,70,134.468,135.216
par3,I,193,1,79,62,135.111,135.332
par3,I,194,1,79,55,135.783,135.963
par3,I,195,1,79,54,136.34,136.529
par3,I,196,1,79,44,136.891,137.098
par3,I,197,1,79,33,137.525,137.726
par3,I,198,1,77,42,138.134,138.367
par3,I,199,1,76,56,138.885,139.166
par3,I,200,1,74,33,139.464,139.676
par3,I,201,1,72,51,139.975,140.706
par3,I,202,1,72,24,141.22,141.602
par3,I,203,1,74,45,141.81,142.159
par3,I,204,1,76,36,142.477,142.821
par3,I,205,1,77,46,143.035,143.764
par3,I,206,1,79,60,143.779,144.327
par3,I,207,1,77,59,144.307,144.888
par3,I,208,1,79,59,144.838,145.464
par3,I,209,1,79,60,146.102,146.875
par3,I,210,1,77,53,146.712,147.383
par3,I,211,1,76,52,147.366,148.023
par3,I,212,1,74,59,147.96,148.652
par3,I,213,1,72,49,148.562,149.189
par3,I,214,1,74,48,149.161,149.819
par3,I,215,1,72,53,149.77,150.715
par3,I,216,1,72,38,151.11,151.693
par3,I,217,1,74,34,151.664,152.207
par3,I,218,1,76,39,152.2,153.046
par3,I,219,1,76,40,153.432,154.013
par3,I,220,1,77,49,154.085,154.709
par3,I,221,1,79,51,154.708,155.391
par3,I,222,1,72,27,155.969,156.231
par3,I,223,1,74,42,156.251,156.513
par3,I,224,1,76,43,156.518,156.893
par3,I,225,1,77,49,156.795,157.159
par3,I,226,1,79,42,157.115,157.689
par3,I,227,1,79,40,158.315,158.668
par3,I,228,1,77,43,158.61,158.878
par3,I,229,1,76,38,158.91,159.187
par3,I,230,1,74,35,159.225,159.505
par3,I,231,1,72,38,159.563,160.083
par3,I,232,1,72,35,160.761,161.261
par3,I,233,1,74,54,161.26,161.888
par3,I,234,1,76,54,161.881,162.563
par3,I,235,1,76,36,163.187,163.779
par3,I,236,1,74,17,163.802,164.373
par3,I,237,1,72,29,164.366,165.037
par3,I,238,1,72,50,165.594,166.268
par3,I,239,1,74,38,166.231,166.8
par3,I,240,1,76,45,166.804,167.527
par3,I,241,1,77,46,167.386,168.055
par3,I,242,1,79,46,168.048,168.718
par3,I,243,1,77,55,168.65,169.297
par3,I,244,1,76,51,169.253,169.933
par3,I,245,1,74,45,169.869,170.511
par3,I,246,1,72,37,170.497,171.585
par3,I,247,1,72,41,172.287,172.548
par3,I,248,1,72,48,172.932,174.244
par3,I,249,1,72,39,175.32,175.619
par3,I,250,1,72,46,175.944,176.208
par3,I,251,1,72,44,176.559,177.223
par3,I,252,1,74,55,177.747,177.972
par3,I,253,1,74,31,178.44,178.654
par3,I,254,1,74,49,179.04,179.331
par3,I,255,1,76,43,180.19,180.45
par3,I,256,1,76,43,180.822,181.087
par3,I,257,1,76,41,181.451,182.232
par3,I,258,1,77,47,182.798,183.115
par3,I,259,1,77,37,183.327,183.601
par3,I,260,1,77,51,183.888,184.561
par3,I,261,1,79,45,185.062,185.726
par3,I,262,1,77,56,185.716,186.323
par3,I,263,1,76,42,186.373,186.908
par3,I,264,1,76,43,187.507,188.049
par3,I,265,1,74,46,188.106,188.696
par3,I,266,1,72,43,188.715,189.588
par3,I,267,1,72,41,190.018,190.714
par3,I,268,1,76,47,190.656,191.175
par3,I,269,1,79,35,191.198,191.739
par3,I,270,1,76,29,191.786,192.342
par3,I,271,1,72,35,192.474,194.303
par4,S,0,0,72,40,5.132,5.361
par4,S,1,0,74,50,5.636,5.888
par4,S,2,0,76,45,6.075,6.32
par4,S,3,0,77,48,6.595,6.869
par4,S,4,0,79,45,7.172,7.459
par4,S,5,0,72,35,8.506,8.756
par4,S,6,0,74,47,9.065,9.298
par4,S,7,0,76,45,9.535,9.724
par4,S,8,0,77,49,10.071,10.288
par4,S,9,0,79,40,10.573,10.826
par4,S,10,0,72,48,11.971,12.178
par4,S,11,0,74,47,12.505,12.749
par4,S,12,0,76,45,12.982,13.199
par4,S,13,0,77,51,13.46,13.615
par4,S,14,0,79,39,13.891,14.162
par4,S,15,0,72,46,15.084,15.342
par4,S,16,0,74,48,15.549,15.7
par4,S,17,0,76,54,15.984,16.156
par4,S,18,0,77,41,16.464,16.63
par4,S,19,0,79,54,17.018,17.324
par4,S,20,0,79,38,19.913,20.165
par4,S,21,0,77,45,20.395,20.551
par4,S,22,0,76,60,20.835,21.026
par4,S,23,0,74,56,21.22,21.418
par4,S,24,0,72,61,21.593,21.764
par4,S,25,0,79,45,22.777,23.077
par4,S,26,0,77,54,23.254,23.406
par4,S,27,0,76,56,23.7,23.898
par4,S,28,0,74,60,24.055,24.246
par4,S,29,0,72,56,24.437,24.698
par4,S,30,0,79,58,25.376,25.674
par4,S,31,0,77,39,25.825,25.941
par4,S,32,0,76,59,26.236,26.468
par4,S,33,0,74,55,26.574,26.81
par4,S,34,0,72,61,26.955,27.3
par4,S,35,0,79,49,28.011,28.275
par4,S,36,0,77,55,28.398,28.6
par4,S,37,0,76,56,28.818,29.217
par4,S,38,0,74,63,29.216,29.434
par4,S,39,0,72,64,29.677,29.973
par4,S,40,0,74,30,36.959,37.188
par4,S,41,0,76,57,37.485,37.767
par4,S,42,0,77,62,38.055,38.259
par4,S,43,0,79,59,38.59,39.166
par4,S,44,0,72,56,39.238,39.391
par4,S,45,0,74,58,40.277,40.472
par4,S,46,0,76,62,40.697,40.908
par4,S,47,0,77,65,41.12,41.326
par4,S,48,0,79,54,41.516,41.694
par4,S,49,0,72,59,42.182,42.364
par4,S,50,0,74,58,43.304,43.488
par4,S,51,0,76,65,43.739,44.025
par4,S,52,0,77,63,44.17,44.371
par4,S,53,0,79,55,44.58,44.799
par4,S,54,0,72,59,45.193,45.39
par4,S,55,0,74,61,46.509,46.74
par4,S,56,0,76,56,46.878,47.062
par4,S,57,0,77,60,47.353,47.822
par4,S,58,0,79,52,47.743,48.057
par4,S,59,0,72,62,48.396,48.654
par4,S,60,0,77,48,57.597,57.829
par4,S,61,0,76,56,58.108,58.362
par4,S,62,0,74,50,58.668,58.993
par4,S,63,0,72,43,59.135,59.403
par4,S,64,0,79,52,59.848,60.071
par4,S,65,0,77,59,61.076,61.273
par4,S,66,0,76,58,61.524,61.743
par4,S,67,0,74,64,61.875,62.178
par4,S,68,0,72,58,62.22,62.497
par4,S,69,0,77,34,62.753,62.896
par4,S,70,0,79,36,62.741,62.919
par4,S,71,0,77,64,64.879,65.031
par4,S,72,0,76,60,65.264,65.501
par4,S,73,0,74,60,65.686,65.928
par4,S,74,0,72,54,66.147,66.304
par4,S,75,0,79,62,66.729,66.998
par4,S,76,0,77,60,67.547,67.727
par4,S,77,0,76,56,67.932,68.227
par4,S,78,0,74,53,68.267,68.563
par4,S,79,0,72,61,68.63,69.267
par4,S,80,0,79,54,69.393,69.562
par4,S,81,0,77,58,70.672,70.848
par4,S,82,0,76,50,71.081,71.366
par4,S,83,0,74,52,71.496,71.679
par4,S,84,0,72,58,71.919,72.243
par4,S,85,0,79,60,72.528,72.795
par4,S,86,0,76,59,83.486,83.669
par4,S,87,0,77,57,83.951,84.135
par4,S,88,0,79,61,84.5,84.719
par4,S,89,0,74,59,85.262,85.517
par4,S,90,0,72,51,85.683,85.879
par4,S,91,0,76,63,86.739,86.943
par4,S,92,0,77,57,87.23,87.405
par4,S,93,0,79,62,87.71,87.911
par4,S,94,0,74,49,88.265,88.494
par4,S,95,0,72,53,88.712,88.876
par4,S,96,0,76,57,89.786,89.969
par4,S,97,0,77,60,90.24,90.379
par4,S,98,0,79,59,90.662,90.883
par4,S,99,0,74,59,91.115,91.323
par4,S,100,0,72,61,91.727,91.923
par4,S,101,0,76,63,92.563,92.733
par4,S,102,0,77,56,93.002,93.194
par4,S,103,0,79,59,93.433,93.633
par4,S,104,0,74,59,93.868,94.093
par4,S,105,0,72,64,94.337,94.587
par4,S,106,0,76,59,97.881,98.075
par4,S,107,0,74,64,98.277,98.485
par4,S,108,0,72,49,98.647,98.8
par4,S,109,0,77,43,99.05,99.226
par4,S,110,0,79,56,99.527,99.757
par4,S,111,0,76,63,100.47,100.661
par4,S,112,0,74,58,100.811,100.964
par4,S,113,0,72,59,101.171,101.367
par4,S,114,0,77,34,101.639,101.801
par4,S,115,0,79,55,102.073,102.336
par4,S,116,0,76,65,103.312,103.582
par4,S,117,0,74,57,103.695,103.846
par4,S,118,0,72,48,104.108,104.309
par4,S,119,0,77,53,104.876,105.033
par4,S,120,0,79,60,105.278,105.447
par4,S,121,0,76,57,106.033,106.231
par4,S,122,0,74,64,106.39,106.568
par4,S,123,0,72,57,106.762,106.999
par4,S,124,0,77,41,107.166,107.337
par4,S,125,0,79,55,107.6,107.807
par4,S,126,0,76,55,108.655,108.858
par4,S,127,0,74,55,109.037,109.218
par4,S,128,0,72,56,109.421,109.593
par4,S,129,0,77,54,109.857,110.02
par4,S,130,0,79,57,110.306,110.547
par4,S,131,0,77,46,113.412,113.584
par4,S,132,0,79,58,113.815,114.014
par4,S,133,0,76,59,114.297,114.488
par4,S,134,0,74,56,114.744,114.96
par4,S,135,0,72,55,115.191,115.348
par4,S,136,0,77,52,117.071,117.244
par4,S,137,0,79,60,117.607,117.835
par4,S,138,0,76,64,118.13,118.451
par4,S,139,0,74,60,118.468,118.625
par4,S,140,0,72,65,118.837,119.01
par4,S,141,0,77,54,120.414,120.588
par4,S,142,0,79,57,120.845,121.048
par4,S,143,0,76,48,121.353,121.627
par4,S,144,0,74,56,121.696,121.912
par4,S,145,0,72,61,122.066,122.246
par4,S,146,0,77,64,123.581,123.765
par4,S,147,0,79,47,124.109,124.336
par4,S,148,0,76,67,124.78,125.049
par4,S,149,0,74,61,125.148,125.301
par4,S,150,0,72,64,125.554,125.798
par4,S,151,0,77,68,127.269,127.459
par4,S,152,0,79,58,127.702,127.929
par4,S,153,0,76,62,128.256,128.557
par4,S,154,0,74,60,128.629,128.774
par4,S,155,0,72,49,129.214,129.492
par4,S,156,0,74,54,132.513,132.722
par4,S,157,0,72,54,132.983,133.186
par4,S,158,0,76,64,133.55,133.743
par4,S,159,0,77,53,133.952,134.112
par4,S,160,0,79,56,134.354,134.557
par4,S,161,0,74,55,135.457,135.65
par4,S,162,0,72,56,135.902,136.084
par4,S,163,0,76,63,136.329,136.5
par4,S,164,0,77,62,136.762,136.935
par4,S,165,0,79,51,137.085,137.235
par4,S,166,0,74,62,138.401,138.59
par4,S,167,0,72,59,138.791,138.954
par4,S,168,0,76,64,139.179,139.417
par4,S,169,0,77,60,139.584,139.678
par4,S,170,0,79,66,139.975,140.173
par4,S,171,0,74,61,141.201,141.401
par4,S,172,0,72,55,141.735,141.886
par4,S,173,0,76,65,142.225,142.398
par4,S,174,0,77,55,142.685,142.872
par4,S,175,0,79,66,143.099,143.362
par4,S,176,0,72,49,150.765,150.97
par4,S,177,0,74,54,151.221,151.392
par4,S,178,0,76,58,151.594,151.746
par4,S,179,0,77,60,152.001,152.148
par4,S,180,0,79,66,152.417,152.622
par4,S,181,0,72,60,153.247,153.427
par4,S,182,0,74,56,153.583,153.728
par4,S,183,0,76,62,153.96,154.21
par4,S,184,0,77,58,154.31,154.477
par4,S,185,0,79,65,154.702,154.866
par4,S,186,0,72,59,155.33,155.534
par4,S,187,0,74,61,155.691,155.874
par4,S,188,0,76,57,156.044,156.262
par4,S,189,0,77,63,156.404,156.604
par4,S,190,0,79,53,156.8,157.045
par4,S,191,0,72,61,157.545,157.754
par4,S,192,0,74,57,157.871,158.045
par4,S,193,0,76,62,158.206,158.391
par4,S,194,0,77,54,158.523,158.801
par4,S,195,0,79,47,158.991,159.253
par4,S,196,0,79,56,160.115,160.397
par4,S,197,0,77,54,160.572,160.758
par4,S,198,0,76,39,160.977,161.309
par4,S,199,0,74,60,161.359,161.758
par4,S,200,0,72,64,161.733,161.933
par4,S,201,0,79,65,162.355,162.764
par4,S,202,0,77,53,162.686,162.946
par4,S,203,0,76,39,163.023,163.397
par4,S,204,0,74,72,163.368,163.78
par4,S,205,0,72,60,163.708,163.934
par4,S,206,0,79,58,164.364,164.775
par4,S,207,0,77,51,164.666,165.078
par4,S,208,0,76,53,164.973,165.447
par4,S,209,0,74,69,165.383,165.919
par4,S,210,0,72,62,165.801,166.052
par4,S,211,0,79,64,166.504,167.245
par4,S,212,0,77,30,166.867,167.302
par4,S,213,0,76,49,167.193,167.606
par4,S,214,0,74,67,167.533,168.025
par4,S,215,0,72,63,167.943,168.185
par4,S,216,0,74,46,171.269,171.456
par4,S,217,0,76,60,171.649,171.957
par4,S,218,0,77,58,172.088,172.292
par4,S,219,0,72,59,172.844,172.994
par4,S,220,0,79,50,172.451,173.013
par4,S,221,0,74,57,174.052,174.319
par4,S,222,0,76,64,174.364,174.668
par4,S,223,0,77,63,174.667,175.065
par4,S,224,0,79,54,174.974,175.35
par4,S,225,0,72,29,175.386,175.492
par4,S,226,0,74,60,177.449,177.779
par4,S,227,0,76,61,177.741,178.117
par4,S,228,0,77,54,178.081,178.576
par4,S,229,0,72,57,178.831,179.048
par4,S,230,0,79,54,178.431,179.125
par4,S,231,0,74,64,179.674,180.014
par4,S,232,0,76,61,179.989,180.41
par4,S,233,0,77,61,180.33,180.756
par4,S,234,0,72,55,181.155,181.386
par4,S,235,0,79,43,180.672,181.564
par4,S,236,0,77,49,186.167,186.386
par4,S,237,0,76,59,186.605,186.961
par4,S,238,0,74,56,186.932,187.299
par4,S,239,0,72,58,187.246,187.542
par4,S,240,0,77,35,187.686,187.8
par4,S,241,0,79,39,187.674,187.836
par4,S,242,0,77,57,189.966,190.261
par4,S,243,0,76,60,190.366,190.635
par4,S,244,0,74,53,190.667,191.017
par4,S,245,0,72,58,190.974,191.519
par4,S,246,0,79,56,191.376,191.66
par4,S,247,0,77,55,192.189,192.518
par4,S,248,0,76,62,192.5,192.875
par4,S,249,0,74,62,192.796,193.204
par4,S,250,0,79,45,193.45,193.844
par4,S,251,0,72,55,193.094,193.868
par4,S,0,1,72,52,3.245,3.453
par4,S,1,1,74,50,3.555,3.704
par4,S,2,1,76,52,3.849,4.038
par4,S,3,1,77,47,4.198,4.372
par4,S,4,1,79,55,4.566,4.741
par4,S,5,1,72,51,5.109,5.366
par4,S,6,1,74,61,5.402,5.736
par4,S,7,1,76,56,5.696,6.013
par4,S,8,1,77,59,5.978,6.445
par4,S,9,1,79,49,6.327,6.506
par4,S,10,1,72,49,6.882,7.143
par4,S,11,1,74,62,7.161,7.438
par4,S,12,1,76,55,7.434,7.76
par4,S,13,1,77,59,7.715,8.094
par4,S,14,1,79,52,8.021,8.212
par4,S,15,1,72,56,8.551,8.904
par4,S,16,1,74,59,8.835,9.111
par4,S,17,1,76,62,9.082,9.445
par4,S,18,1,77,51,9.389,9.614
par4,S,19,1,79,49,9.702,9.877
par4,S,20,1,79,62,10.37,10.759
par4,S,21,1,77,54,10.683,11.049
par4,S,22,1,76,59,10.924,11.351
par4,S,23,1,74,58,11.226,11.594
par4,S,24,1,72,65,11.541,11.69
par4,S,25,1,79,58,12.11,12.785
par4,S,26,1,77,62,12.435,13.056
par4,S,27,1,76,53,12.708,13.124
par4,S,28,1,74,47,13.044,13.478
par4,S,29,1,72,62,13.402,13.569
par4,S,30,1,77,56,14.257,14.623
par4,S,31,1,79,62,13.938,14.665
par4,S,32,1,76,51,14.503,14.955
par4,S,33,1,74,60,14.843,15.272
par4,S,34,1,72,68,15.199,15.34
par4,S,35,1,79,57,15.792,16.516
par4,S,36,1,77,65,16.11,16.518
par4,S,37,1,76,47,16.401,16.818
par4,S,38,1,74,64,16.723,17.182
par4,S,39,1,72,62,17.087,17.322
par4,S,40,1,74,50,21.456,21.793
par4,S,41,1,76,60,21.79,22.499
par4,S,42,1,77,50,22.396,22.817
par4,S,43,1,72,64,23.149,23.294
par4,S,44,1,79,60,22.73,23.498
par4,S,45,1,74,55,24.013,24.308
par4,S,46,1,76,63,24.241,24.913
par4,S,47,1,77,53,24.587,25.242
par4,S,48,1,72,39,25.279,25.416
par4,S,49,1,79,48,24.873,25.557
par4,S,50,1,74,64,26.07,26.394
par4,S,51,1,76,63,26.343,26.756
par4,S,52,1,77,63,26.663,27.133
par4,S,53,1,79,44,26.965,27.371
par4,S,54,1,72,67,27.329,27.465
par4,S,55,1,74,55,28.05,28.373
par4,S,56,1,76,71,28.304,28.695
par4,S,57,1,77,62,28.6,29.054
par4,S,58,1,79,49,28.924,29.348
par4,S,59,1,72,66,29.294,29.412
par4,S,60,1,77,51,33.537,33.803
par4,S,61,1,76,67,33.824,34.142
par4,S,62,1,74,62,34.106,34.487
par4,S,63,1,72,58,34.409,34.777
par4,S,64,1,79,69,34.744,34.974
par4,S,65,1,77,68,35.407,35.657
par4,S,66,1,76,60,35.638,35.975
par4,S,67,1,74,67,35.904,36.321
par4,S,68,1,72,63,36.174,36.573
par4,S,69,1,79,59,36.526,36.721
par4,S,70,1,77,64,37.068,37.359
par4,S,71,1,76,70,37.328,37.677
par4,S,72,1,74,68,37.607,38.003
par4,S,73,1,72,60,37.923,38.239
par4,S,74,1,79,56,38.258,38.435
par4,S,75,1,77,69,38.949,39.215
par4,S,76,1,76,53,39.177,39.507
par4,S,77,1,74,75,39.46,39.885
par4,S,78,1,72,61,39.762,40.139
par4,S,79,1,79,73,40.119,40.448
par4,S,80,1,76,61,44.688,45.024
par4,S,81,1,77,63,44.957,45.403
par4,S,82,1,79,53,45.265,45.936
par4,S,83,1,74,72,45.771,46.513
par4,S,84,1,72,66,46.406,46.619
par4,S,85,1,76,67,47.177,47.608
par4,S,86,1,77,55,47.511,47.929
par4,S,87,1,79,59,47.812,48.414
par4,S,88,1,74,65,48.334,48.917
par4,S,89,1,72,62,48.838,49.059
par4,S,90,1,76,66,49.313,49.713
par4,S,91,1,77,67,49.611,50.072
par4,S,92,1,79,49,49.927,50.48
par4,S,93,1,74,60,50.42,51.027
par4,S,94,1,72,73,50.973,51.138
par4,S,95,1,76,69,51.531,51.932
par4,S,96,1,77,62,51.813,52.27
par4,S,97,1,79,46,52.145,52.779
par4,S,98,1,74,63,52.687,53.288
par4,S,99,1,72,66,53.201,53.38
par4,S,100,1,76,65,53.723,54.12
par4,S,101,1,77,63,53.988,54.452
par4,S,102,1,79,51,54.279,54.791
par4,S,103,1,74,66,54.754,55.342
par4,S,104,1,72,64,55.227,55.413
par4,S,105,1,76,62,57.858,58.214
par4,S,106,1,74,67,58.14,58.633
par4,S,107,1,72,66,58.463,58.809
par4,S,108,1,77,68,58.921,59.612
par4,S,109,1,79,27,59.461,59.732
par4,S,110,1,76,72,60.095,60.516
par4,S,111,1,74,67,60.398,60.957
par4,S,112,1,72,54,60.771,61.19
par4,S,113,1,77,72,61.202,61.834
par4,S,114,1,79,49,61.691,62.056
par4,S,115,1,76,65,62.305,62.723
par4,S,116,1,74,65,62.635,63.105
par4,S,117,1,72,72,62.985,63.353
par4,S,118,1,77,46,63.424,64.075
par4,S,119,1,79,56,63.952,64.321
par4,S,120,1,76,58,65.88,66.203
par4,S,121,1,74,66,66.142,66.556
par4,S,122,1,72,74,66.447,66.969
par4,S,123,1,77,65,66.923,67.48
par4,S,124,1,79,50,67.333,67.725
par4,S,125,1,77,60,70.91,71.267
par4,S,126,1,79,60,71.197,71.888
par4,S,127,1,76,60,71.777,72.063
par4,S,128,1,74,72,72.053,72.508
par4,S,129,1,72,68,72.426,72.601
par4,S,130,1,77,65,73.593,73.994
par4,S,131,1,79,65,73.875,74.46
par4,S,132,1,76,58,74.462,74.761
par4,S,133,1,74,72,74.72,75.106
par4,S,134,1,72,74,75.047,75.195
par4,S,135,1,77,69,75.929,76.38
par4,S,136,1,79,56,76.237,76.685
par4,S,137,1,76,57,76.828,77.317
par4,S,138,1,74,55,77.189,77.664
par4,S,139,1,74,1,77.987,78.145
par4,S,140,1,72,66,78.07,78.292
par4,S,141,1,77,65,79.695,80.08
par4,S,142,1,79,64,79.98,80.62
par4,S,143,1,76,56,80.549,80.89
par4,S,144,1,74,67,80.845,81.27
par4,S,145,1,72,75,81.157,81.398
par4,S,146,1,74,62,83.702,84.103
par4,S,147,1,72,63,83.995,84.214
par4,S,148,1,76,62,84.525,84.972
par4,S,149,1,77,61,84.845,85.256
par4,S,150,1,79,65,85.168,85.453
par4,S,151,1,74,68,86.007,86.4
par4,S,152,1,72,68,86.284,86.463
par4,S,153,1,76,64,86.745,87.241
par4,S,154,1,77,51,87.097,87.709
par4,S,155,1,79,1,87.552,87.871
par4,S,156,1,74,52,89.257,89.61
par4,S,157,1,72,73,89.545,89.749
par4,S,158,1,76,62,90.145,90.496
par4,S,159,1,77,66,90.426,90.891
par4,S,160,1,79,66,90.781,91.113
par4,S,161,1,74,61,91.841,92.2
par4,S,162,1,72,69,92.128,92.359
par4,S,163,1,76,60,92.611,92.979
par4,S,164,1,77,68,92.896,93.373
par4,S,165,1,79,64,93.243,93.613
par4,S,166,1,72,59,96.167,96.388
par4,S,167,1,74,70,96.401,96.719
par4,S,168,1,76,66,96.665,97.093
par4,S,169,1,77,50,96.957,97.374
par4,S,170,1,79,60,97.256,97.476
par4,S,171,1,72,62,97.85,98.121
par4,S,172,1,74,65,98.078,98.481
par4,S,173,1,76,59,98.356,98.856
par4,S,174,1,77,48,98.678,99.132
par4,S,175,1,79,56,98.999,99.227
par4,S,176,1,72,61,99.602,100.207
par4,S,177,1,74,48,99.946,100.317
par4,S,178,1,76,51,100.17,100.785
par4,S,179,1,77,60,100.47,100.951
par4,S,180,1,79,55,100.777,101.051
par4,S,181,1,72,54,101.43,101.907
par4,S,182,1,74,78,101.795,102.177
par4,S,183,1,76,60,102.066,102.564
par4,S,184,1,77,51,102.425,102.925
par4,S,185,1,79,61,102.778,103.117
par4,S,186,1,79,66,103.924,104.599
par4,S,187,1,77,48,104.232,104.629
par4,S,188,1,76,59,104.521,104.924
par4,S,189,1,74,68,104.799,105.216
par4,S,190,1,72,61,105.14,105.332
par4,S,191,1,79,58,105.665,106.448
par4,S,192,1,77,57,105.991,106.643
par4,S,193,1,76,60,106.267,106.822
par4,S,194,1,74,66,106.575,107.012
par4,S,195,1,72,72,106.917,107.084
par4,S,196,1,77,54,107.732,108.411
par4,S,197,1,79,63,107.414,108.496
par4,S,198,1,76,54,108.031,108.533
par4,S,199,1,74,57,108.334,108.806
par4,S,200,1,72,69,108.69,108.891
par4,S,201,1,77,50,109.582,110.259
par4,S,202,1,79,67,109.288,110.318
par4,S,203,1,76,56,109.899,110.345
par4,S,204,1,74,67,110.19,110.708
par4,S,205,1,72,73,110.537,110.786
par4,S,206,1,74,53,112.455,113.026
par4,S,207,1,76,76,112.789,113.409
par4,S,208,1,77,65,113.101,113.818
par4,S,209,1,72,72,113.961,114.172
par4,S,210,1,79,62,113.357,114.278
par4,S,211,1,74,67,114.689,115.013
par4,S,212,1,76,71,114.915,115.402
par4,S,213,1,77,66,115.179,115.561
par4,S,214,1,72,61,115.864,116.062
par4,S,215,1,79,61,115.43,116.111
par4,S,216,1,74,59,116.46,116.758
par4,S,217,1,76,67,116.694,117.18
par4,S,218,1,77,66,116.931,117.605
par4,S,219,1,72,81,118.008,118.231
par4,S,220,1,79,51,117.201,118.281
par4,S,221,1,74,62,118.561,118.81
par4,S,222,1,76,73,118.765,119.336
par4,S,223,1,77,64,119.012,119.575
par4,S,224,1,79,31,119.314,119.82
par4,S,225,1,72,74,119.703,119.915
par4,S,226,1,77,56,123.164,123.763
par4,S,227,1,76,69,123.523,123.913
par4,S,228,1,74,65,123.785,124.226
par4,S,229,1,72,70,124.103,124.465
par4,S,230,1,79,62,124.487,124.869
par4,S,231,1,77,67,125.257,125.571
par4,S,232,1,76,59,125.501,125.869
par4,S,233,1,74,64,125.741,126.209
par4,S,234,1,72,70,126.052,126.497
par4,S,235,1,79,66,126.458,126.85
par4,S,236,1,77,64,127.1,127.409
par4,S,237,1,76,68,127.348,127.682
par4,S,238,1,74,70,127.596,127.975
par4,S,239,1,72,78,127.869,128.197
par4,S,240,1,79,67,128.206,128.733
par4,S,241,1,77,72,128.958,129.57
par4,S,242,1,76,63,129.194,129.599
par4,S,243,1,74,72,129.511,130.014
par4,S,244,1,72,64,129.889,130.285
par4,S,245,1,79,67,130.231,130.773
par4,S,246,1,76,65,134.182,134.601
par4,S,247,1,77,59,134.45,134.895
par4,S,248,1,74,57,135.354,135.865
par4,S,249,1,79,57,134.764,135.893
par4,S,250,1,72,70,135.798,136.002
par4,S,251,1,76,67,136.287,136.703
par4,S,252,1,77,63,136.498,137.322
par4,S,253,1,79,39,136.811,137.36
par4,S,254,1,74,72,137.282,137.873
par4,S,255,1,72,69,137.793,137.983
par4,S,256,1,76,70,138.221,138.757
par4,S,257,1,77,66,138.46,138.946
par4,S,258,1,79,54,138.749,139.326
par4,S,259,1,74,64,139.225,139.737
par4,S,260,1,72,67,139.652,139.811
par4,S,261,1,76,68,140.109,140.558
par4,S,262,1,77,62,140.386,141.194
par4,S,263,1,79,40,140.698,141.222
par4,S,264,1,74,72,141.153,141.731
par4,S,265,1,72,65,141.604,141.816
par4,S,266,1,76,52,143.679,143.944
par4,S,267,1,72,70,144.181,144.537
par4,S,268,1,74,73,143.879,144.6
par4,S,269,1,77,55,144.615,145.18
par4,S,270,1,79,59,144.996,145.354
par4,S,271,1,76,61,146.61,146.991
par4,S,272,1,72,72,147.131,147.472
par4,S,273,1,74,72,146.829,147.478
par4,S,274,1,77,45,147.661,148.451
par4,S,275,1,79,64,148.252,148.629
par4,S,276,1,76,67,150.228,150.555
par4,S,277,1,74,69,150.475,150.918
par4,S,278,1,72,71,150.794,151.198
par4,S,279,1,77,66,151.248,151.79
par4,S,280,1,79,56,151.609,151.944
par4,S,281,1,76,58,152.472,152.872
par4,S,282,1,74,71,152.742,153.201
par4,S,283,1,72,58,153.093,153.395
par4,S,284,1,77,46,153.641,154.258
par4,S,285,1,79,60,154.106,154.467
par4,S,286,1,76,63,155.746,156.097
par4,S,287,1,74,70,156.015,156.465
par4,S,288,1,72,68,156.334,156.685
par4,S,289,1,77,67,156.728,157.338
par4,S,290,1,79,51,157.123,157.666
par4,S,291,1,77,68,159.683,160.171
par4,S,292,1,79,70,160.018,160.532
par4,S,293,1,76,61,160.629,160.938
par4,S,294,1,74,72,160.854,161.232
par4,S,295,1,72,74,161.164,161.313
par4,S,296,1,77,66,161.706,163.065
par4,S,297,1,76,49,162.972,163.339
par4,S,298,1,79,38,162.258,163.688
par4,S,299,1,76,54,163.703,164.067
par4,S,300,1,74,65,164.005,164.339
par4,S,301,1,72,70,164.285,164.445
par4,S,302,1,77,64,164.834,165.667
par4,S,303,1,79,58,165.176,165.738
par4,S,304,1,76,1,165.735,166.194
par4,S,305,1,74,64,166.047,166.531
par4,S,306,1,72,59,166.475,166.699
par4,S,307,1,77,68,167.888,168.435
par4,S,308,1,79,59,168.277,168.8
par4,S,309,1,76,55,168.893,169.239
par4,S,310,1,74,65,169.171,169.573
par4,S,311,1,72,64,169.531,169.685
par4,S,312,1,77,65,170.069,170.696
par4,S,313,1,79,56,170.515,170.959
par4,S,314,1,76,58,171.274,171.721
par4,S,315,1,74,68,171.659,172.087
par4,S,316,1,72,69,172.005,172.182
par4,S,317,1,74,64,175.074,175.564
par4,S,318,1,72,58,175.467,175.722
par4,S,319,1,76,64,175.963,176.334
par4,S,320,1,77,67,176.226,176.624
par4,S,321,1,79,61,176.523,176.8
par4,S,322,1,74,64,177.119,177.597
par4,S,323,1,72,65,177.507,177.677
par4,S,324,1,76,61,177.931,178.385
par4,S,325,1,77,63,178.227,178.733
par4,S,326,1,79,45,178.508,178.782
par4,S,327,1,74,64,179.194,179.925
par4,S,328,1,72,63,179.845,180.039
par4,S,329,1,76,56,180.397,180.805
par4,S,330,1,77,67,180.697,181.194
par4,S,331,1,79,49,181.052,181.277
par4,S,332,1,74,56,181.673,182.242
par4,S,333,1,72,65,182.13,182.346
par4,S,334,1,76,57,182.651,183.129
par4,S,335,1,77,63,182.936,183.518
par4,S,336,1,79,50,183.393,183.663
par4,S,337,1,74,64,184.412,184.964
par4,S,338,1,72,55,184.832,185.015
par4,S,339,1,76,67,185.419,185.804
par4,S,340,1,77,67,185.681,186.223
par4,S,341,1,79,57,186.029,186.398
par4,S,342,1,72,69,188.575,188.853
par4,S,343,1,74,67,188.852,189.169
par4,S,344,1,76,63,189.099,189.532
par4,S,345,1,77,60,189.382,189.825
par4,S,346,1,79,58,189.705,189.931
par4,S,347,1,72,62,190.279,190.649
par4,S,348,1,74,66,190.574,190.955
par4,S,349,1,76,70,190.859,191.277
par4,S,350,1,77,65,191.114,191.614
par4,S,351,1,79,54,191.449,191.72
par4,S,352,1,72,67,192.075,192.461
par4,S,353,1,74,70,192.362,192.722
par4,S,354,1,76,68,192.632,193.14
par4,S,355,1,77,65,192.884,193.429
par4,S,356,1,79,47,193.248,193.502
par4,S,357,1,72,60,193.821,194.213
par4,S,358,1,74,74,194.102,194.475
par5,I,0,0,79,53,2.804,3.209
par5,I,1,0,72,29,3.58,4.056
par5,I,2,0,79,39,4.215,4.54
par5,I,3,0,72,55,4.846,5.187
par5,I,4,0,79,43,5.421,5.707
par5,I,5,0,72,39,5.975,6.291
par5,I,6,0,79,33,6.61,6.888
par5,I,7,0,72,23,7.259,7.6
par5,I,8,0,79,26,7.879,8.183
par5,I,9,0,72,49,8.493,8.838
par5,I,10,0,79,30,9.072,9.352
par5,I,11,0,72,39,9.765,10.067
par5,I,12,0,79,23,10.339,10.653
par5,I,13,0,72,34,10.968,11.257
par5,I,14,0,79,5,11.545,11.865
par5,I,15,0,72,31,12.192,12.486
par5,I,16,0,79,10,12.77,13.07
par5,I,17,0,72,31,13.397,13.746
par5,I,18,0,79,4,13.971,14.315
par5,I,19,0,72,30,14.636,15.001
par5,I,20,0,79,1,15.225,15.57
par5,I,21,0,72,36,15.847,16.156
par5,I,22,0,79,21,16.365,16.742
par5,I,23,0,72,41,17.093,17.373
par5,I,24,0,79,27,17.665,18.015
par5,I,25,0,72,26,18.282,18.596
par5,I,26,0,79,12,18.841,19.213
par5,I,27,0,72,13,19.561,19.845
par5,I,28,0,79,1,20.09,20.44
par5,I,29,0,72,36,20.743,21.102
par5,I,30,0,79,9,21.213,21.61
par5,I,31,0,72,40,21.937,22.258
par5,I,32,0,79,10,22.476,22.865
par5,I,33,0,72,29,23.167,23.503
par5,I,34,0,79,17,23.708,24.052
par5,I,35,0,72,35,24.336,24.738
par5,I,36,0,79,13,24.945,25.383
par5,I,37,0,72,32,25.598,25.954
par5,I,38,0,79,13,26.105,26.563
par5,I,39,0,72,35,26.786,27.163
par5,I,40,0,79,13,27.333,27.754
par5,I,41,0,72,29,27.962,28.339
par5,I,42,0,79,1,28.544,29.014
par5,I,43,0,72,23,29.221,29.671
par5,I,44,0,79,1,29.831,30.235
par5,I,45,0,72,17,30.516,30.901
par5,I,46,0,79,1,31.062,31.527
par5,I,47,0,72,32,31.775,32.142
par5,I,48,0,79,17,32.259,32.65
par5,I,49,0,72,18,32.886,33.287
par5,I,50,0,79,18,33.487,33.911
par5,I,51,0,72,36,34.139,34.543
par5,I,52,0,79,1,34.741,35.124
par5,I,53,0,72,33,35.379,35.749
par5,I,54,0,79,14,35.953,36.319
par5,I,55,0,72,31,36.577,37.001
par5,I,56,0,79,17,37.158,37.535
par5,I,57,0,72,25,37.747,38.191
par5,I,58,0,79,16,38.327,38.583
par5,I,59,0,77,47,40.193,40.597
par5,I,60,0,74,30,40.749,41.142
par5,I,61,0,77,7,41.378,41.852
par5,I,62,0,74,12,41.867,42.299
par5,I,63,0,79,27,42.609,43.03
par5,I,64,0,72,30,43.113,43.615
par5,I,65,0,79,5,43.783,44.249
par5,I,66,0,72,33,44.302,44.85
par5,I,67,0,79,12,44.976,45.559
par5,I,68,0,72,38,45.608,46.094
par5,I,69,0,79,23,46.219,46.791
par5,I,70,0,72,43,46.82,47.358
par5,I,71,0,79,16,47.424,47.953
par5,I,72,0,72,27,48.046,48.548
par5,I,73,0,79,23,48.647,49.201
par5,I,74,0,72,23,49.23,49.78
par5,I,75,0,79,3,49.889,50.442
par5,I,76,0,72,17,50.518,51.011
par5,I,77,0,79,21,51.19,51.595
par5,I,78,0,72,24,51.777,52.195
par5,I,79,0,79,17,52.299,52.828
par5,I,80,0,72,38,52.926,53.38
par5,I,81,0,79,14,53.585,54.059
par5,I,82,0,72,26,54.195,54.612
par5,I,83,0,79,17,54.777,55.281
par5,I,84,0,72,21,55.462,55.878
par5,I,85,0,79,27,56.033,56.466
par5,I,86,0,72,28,56.647,57.029
par5,I,87,0,79,7,57.229,57.648
par5,I,88,0,72,29,57.878,58.238
par5,I,89,0,79,14,58.449,58.859
par5,I,90,0,72,33,59.021,59.354
par5,I,91,0,79,2,59.597,60.03
par5,I,92,0,72,25,60.217,60.573
par5,I,93,0,79,13,60.793,61.244
par5,I,94,0,72,30,61.373,61.745
par5,I,95,0,79,1,62.036,62.494
par5,I,96,0,72,22,62.655,63.039
par5,I,97,0,79,16,63.233,63.724
par5,I,98,0,72,27,63.881,64.262
par5,I,99,0,79,4,64.474,64.898
par5,I,100,0,72,22,65.061,65.423
par5,I,101,0,79,16,65.672,66.16
par5,I,102,0,72,21,66.31,66.727
par5,I,103,0,79,16,66.951,67.448
par5,I,104,0,72,19,67.539,67.898
par5,I,105,0,79,23,68.176,68.578
par5,I,106,0,72,20,68.725,69.129
par5,I,107,0,79,13,69.456,69.86
par5,I,108,0,72,20,70.016,70.345
par5,I,109,0,79,9,70.549,71.011
par5,I,110,0,72,19,71.172,71.57
par5,I,111,0,79,5,71.732,72.238
par5,I,112,0,72,15,72.409,72.803
par5,I,113,0,79,20,72.995,73.487
par5,I,114,0,72,23,73.63,73.984
par5,I,115,0,79,26,74.237,74.678
par5,I,116,0,72,27,74.856,75.219
par5,I,117,0,79,3,75.528,75.932
par5,I,118,0,72,24,76.073,76.465
par5,I,119,0,79,9,76.697,77.102
par5,I,120,0,72,17,77.251,77.686
par5,I,121,0,79,12,77.893,78.398
par5,I,122,0,72,16,78.484,78.925
par5,I,123,0,79,1,79.125,79.613
par5,I,124,0,72,24,79.708,80.157
par5,I,125,0,79,6,80.353,80.779
par5,I,126,0,72,32,81.04,81.364
par5,I,127,0,79,24,81.577,81.966
par5,I,128,0,72,21,82.156,82.502
par5,I,129,0,79,6,82.703,83.152
par5,I,130,0,72,24,83.311,83.728
par5,I,131,0,79,18,83.927,84.425
par5,I,132,0,72,19,84.596,84.963
par5,I,133,0,79,12,85.174,85.539
par5,I,134,0,72,25,85.798,86.142
par5,I,135,0,79,6,86.335,86.786
par5,I,136,0,72,17,86.937,87.361
par5,I,137,0,79,5,87.571,87.998
par5,I,138,0,72,27,88.237,88.631
par5,I,139,0,79,7,88.783,89.212
par5,I,140,0,72,28,89.329,89.827
par5,I,141,0,79,6,90.012,90.515
par5,I,142,0,72,22,91.137,91.532
par5,I,143,0,79,19,91.852,92.286
par5,I,144,0,77,34,93.758,94.185
par5,I,145,0,72,23,94.456,94.731
par5,I,146,0,77,7,94.914,95.299
par5,I,147,0,72,29,95.435,95.898
par5,I,148,0,77,18,96.112,96.557
par5,I,149,0,72,23,96.663,97.121
par5,I,150,0,77,16,97.312,97.749
par5,I,151,0,72,23,97.833,98.309
par5,I,152,0,77,20,98.516,99.042
par5,I,153,0,72,31,99.102,99.554
par5,I,154,0,77,16,99.757,100.224
par5,I,155,0,72,29,100.347,100.744
par5,I,156,0,77,3,100.947,101.447
par5,I,157,0,72,28,101.577,102.029
par5,I,158,0,77,22,102.178,102.68
par5,I,159,0,72,30,102.767,103.23
par5,I,160,0,77,19,103.358,103.864
par5,I,161,0,72,35,104.033,104.428
par5,I,162,0,77,18,104.593,105.113
par5,I,163,0,72,20,105.208,105.644
par5,I,164,0,77,3,105.78,106.324
par5,I,165,0,72,20,106.403,106.865
par5,I,166,0,77,20,107.044,107.576
par5,I,167,0,72,21,107.7,108.142
par5,I,168,0,77,4,108.34,108.755
par5,I,169,0,72,27,108.907,109.375
par5,I,170,0,77,1,109.569,109.989
par5,I,171,0,72,22,110.141,110.549
par5,I,172,0,77,7,110.813,111.223
par5,I,173,0,72,18,111.303,111.73
par5,I,174,0,76,49,111.967,112.69
par5,I,175,0,72,28,112.497,112.929
par5,I,176,0,76,1,113.03,113.509
par5,I,177,0,72,34,113.77,114.114
par5,I,178,0,76,7,114.35,114.782
par5,I,179,0,72,20,114.917,115.443
par5,I,180,0,76,19,115.6,116.089
par5,I,181,0,72,26,116.183,116.635
par5,I,182,0,76,23,116.771,117.269
par5,I,183,0,72,23,117.386,117.878
par5,I,184,0,76,13,118.017,118.497
par5,I,185,0,72,28,118.574,119.08
par5,I,186,0,76,18,119.404,119.699
par5,I,187,0,72,29,119.879,120.273
par5,I,188,0,76,17,120.429,120.834
par5,I,189,0,72,28,120.947,121.432
par5,I,190,0,76,15,121.58,122.165
par5,I,191,0,72,22,122.218,122.708
par5,I,192,0,76,18,122.807,123.349
par5,I,193,0,72,29,123.372,123.938
par5,I,194,0,76,1,124.078,124.541
par5,I,195,0,72,17,124.662,125.126
par5,I,196,0,76,20,125.23,125.803
par5,I,197,0,72,25,125.833,126.313
par5,I,198,0,76,16,126.437,127.03
par5,I,199,0,72,22,127.068,127.586
par5,I,200,0,76,23,127.733,128.257
par5,I,201,0,72,25,128.329,128.82
par5,I,202,0,76,13,128.947,129.475
par5,I,203,0,72,10,129.49,129.977
par5,I,204,0,76,19,130.139,130.628
par5,I,205,0,72,13,130.681,131.091
par5,I,206,0,76,16,131.252,131.888
par5,I,207,0,72,28,131.925,132.426
par5,I,208,0,76,3,132.54,133.015
par5,I,209,0,72,38,133.223,133.608
par5,I,210,0,76,20,133.76,134.222
par5,I,211,0,72,36,134.427,134.809
par5,I,212,0,76,17,134.989,135.452
par5,I,213,0,72,28,135.579,136.079
par5,I,214,0,76,23,136.251,136.794
par5,I,215,0,72,27,136.858,137.389
par5,I,216,0,76,5,137.571,137.952
par5,I,217,0,72,25,138.036,138.455
par5,I,218,0,74,30,138.682,139.186
par5,I,219,0,72,25,139.271,139.722
par5,I,220,0,74,3,139.859,140.351
par5,I,221,0,72,14,140.41,140.97
par5,I,222,0,74,22,141.095,141.625
par5,I,223,0,72,18,141.666,142.199
par5,I,224,0,74,12,142.296,142.85
par5,I,225,0,72,14,142.885,143.4
par5,I,226,0,74,20,143.547,144.074
par5,I,227,0,72,20,144.124,144.617
par5,I,228,0,74,5,144.712,145.238
par5,I,229,0,72,14,145.331,145.791
par5,I,230,0,74,18,145.908,146.428
par5,I,231,0,72,22,146.466,147.0
par5,I,232,0,74,19,147.121,147.637
par5,I,233,0,72,23,147.728,148.195
par5,I,234,0,74,9,148.346,148.806
par5,I,235,0,72,18,148.945,149.367
par5,I,236,0,74,24,149.597,149.955
par5,I,237,0,72,25,150.224,150.537
par5,I,238,0,74,28,150.764,151.132
par5,I,239,0,72,20,151.378,151.711
par5,I,240,0,74,10,151.97,152.371
par5,I,241,0,72,9,152.614,152.926
par5,I,242,0,74,11,153.174,153.573
par5,I,243,0,72,26,153.784,154.193
par5,I,244,0,74,12,154.389,154.827
par5,I,245,0,72,22,155.01,155.396
par5,I,246,0,74,17,155.612,155.917
par5,I,247,0,72,23,156.226,156.589
par5,I,248,0,72,27,156.973,157.283
par5,I,249,0,77,34,157.675,157.877
par5,I,250,0,72,25,158.228,158.505
par5,I,251,0,77,15,158.746,159.041
par5,I,252,0,72,21,159.198,159.589
par5,I,253,0,77,18,159.77,160.204
par5,I,254,0,72,30,160.423,160.853
par5,I,255,0,77,16,161.048,161.447
par5,I,256,0,72,19,161.618,162.122
par5,I,257,0,77,23,162.164,162.422
par5,I,258,0,76,21,162.775,163.207
par5,I,259,0,72,28,163.488,163.837
par5,I,260,0,76,1,164.006,164.532
par5,I,261,0,72,25,164.7,165.136
par5,I,262,0,76,8,165.257,165.819
par5,I,263,0,72,31,165.901,166.386
par5,I,264,0,76,19,166.539,167.081
par5,I,265,0,72,18,167.203,167.733
par5,I,266,0,76,21,167.761,168.257
par5,I,267,0,72,35,168.372,168.909
par5,I,268,0,76,22,169.009,169.433
par5,I,269,0,72,18,169.581,170.072
par5,I,270,0,76,23,170.222,170.585
par5,I,271,0,72,25,170.746,171.176
par5,I,272,0,76,5,171.427,171.817
par5,I,273,0,72,24,171.986,172.431
par5,I,274,0,76,15,172.615,173.053
par5,I,275,0,72,14,173.244,173.629
par5,I,276,0,76,7,173.834,174.264
par5,I,277,0,72,8,174.385,174.804
par5,I,278,0,76,10,175.052,175.478
par5,I,279,0,72,16,175.609,176.095
par5,I,280,0,76,13,176.283,176.746
par5,I,281,0,72,17,176.834,177.303
par5,I,282,0,76,19,177.444,178.02
par5,I,283,0,72,28,178.107,178.564
par5,I,284,0,76,20,178.713,179.223
par5,I,285,0,72,1,179.386,179.759
par5,I,286,0,76,5,179.927,180.348
par5,I,287,0,72,26,180.539,180.97
par5,I,288,0,76,16,181.106,181.566
par5,I,289,0,72,19,181.753,182.17
par5,I,290,0,76,17,182.3,182.798
par5,I,291,0,72,13,182.946,183.387
par5,I,292,0,76,22,183.554,184.063
par5,I,293,0,72,9,184.119,184.583
par5,I,294,0,76,10,184.764,185.222
par5,I,295,0,72,31,185.375,185.787
par5,I,296,0,76,32,185.98,186.409
par5,I,297,0,72,19,186.56,187.016
par5,I,298,0,76,16,187.218,187.669
par5,I,299,0,72,20,187.832,188.231
par5,I,300,0,76,14,188.382,188.876
par5,I,301,0,72,23,189.019,189.436
par5,I,302,0,76,10,189.597,190.172
par5,I,303,0,72,29,190.24,190.674
par5,I,304,0,76,21,190.782,191.409
par5,I,305,0,72,12,191.499,191.954
par5,I,306,0,76,23,192.1,192.636
par5,I,307,0,72,31,192.783,193.24
par5,I,308,0,76,21,193.32,193.796
par5,I,309,0,72,18,193.918,194.4
par5,I,0,1,79,32,1.307,1.699
par5,I,1,1,72,19,1.815,2.195
par5,I,2,1,79,31,2.325,2.793
par5,I,3,1,72,25,2.91,3.369
par5,I,4,1,79,27,3.538,4.034
par5,I,5,1,72,22,4.159,4.598
par5,I,6,1,79,32,4.781,5.227
par5,I,7,1,72,18,5.33,5.81
par5,I,8,1,79,39,6.02,6.51
par5,I,9,1,72,23,6.589,7.025
par5,I,10,1,79,31,7.231,7.749
par5,I,11,1,72,13,7.843,8.258
par5,I,12,1,79,23,8.475,8.911
par5,I,13,1,72,16,8.995,9.465
par5,I,14,1,79,25,9.668,10.207
par5,I,15,1,72,3,10.306,10.715
par5,I,16,1,79,20,10.896,11.437
par5,I,17,1,72,17,11.514,11.99
par5,I,18,1,79,32,12.169,12.657
par5,I,19,1,72,14,12.787,13.252
par5,I,20,1,79,17,13.346,13.854
par5,I,21,1,72,27,13.946,14.434
par5,I,22,1,79,16,14.552,15.05
par5,I,23,1,72,12,15.185,15.541
par5,I,24,1,79,12,15.797,16.325
par5,I,25,1,72,23,16.359,16.818
par5,I,26,1,79,11,16.99,17.523
par5,I,27,1,72,16,17.592,18.034
par5,I,28,1,79,23,18.23,18.707
par5,I,29,1,72,14,18.857,19.221
par5,I,30,1,77,22,19.454,19.923
par5,I,31,1,72,17,19.97,20.489
par5,I,32,1,77,22,20.681,21.175
par5,I,33,1,72,14,21.277,21.708
par5,I,34,1,77,27,21.908,22.419
par5,I,35,1,72,12,22.474,22.918
par5,I,36,1,77,17,23.107,23.617
par5,I,37,1,72,1,23.67,24.137
par5,I,38,1,77,19,24.251,24.847
par5,I,39,1,72,9,24.955,25.413
par5,I,40,1,77,20,25.585,26.143
par5,I,41,1,72,13,26.332,26.685
par5,I,42,1,77,26,26.811,27.363
par5,I,43,1,72,30,27.386,27.863
par5,I,44,1,77,18,27.964,28.538
par5,I,45,1,72,30,28.544,29.033
par5,I,46,1,77,11,29.173,29.786
par5,I,47,1,72,19,29.784,30.301
par5,I,48,1,77,19,30.361,30.896
par5,I,49,1,72,25,30.895,31.464
par5,I,50,1,77,29,31.578,32.179
par5,I,51,1,72,26,32.213,32.71
par5,I,52,1,77,27,32.822,33.311
par5,I,53,1,72,28,33.335,33.822
par5,I,54,1,76,33,33.983,34.588
par5,I,55,1,72,29,34.602,35.129
par5,I,56,1,76,22,35.242,35.807
par5,I,57,1,72,27,35.816,36.496
par5,I,58,1,76,23,36.478,37.109
par5,I,59,1,72,34,37.089,37.645
par5,I,60,1,76,23,37.684,38.287
par5,I,61,1,72,29,38.36,38.849
par5,I,62,1,76,20,38.969,39.442
par5,I,63,1,72,16,39.514,40.026
par5,I,64,1,76,19,40.148,40.708
par5,I,65,1,72,31,40.754,41.234
par5,I,66,1,76,10,41.337,41.953
par5,I,67,1,72,30,41.962,42.516
par5,I,68,1,74,37,42.644,43.148
par5,I,69,1,72,33,43.18,43.716
par5,I,70,1,74,19,43.825,44.291
par5,I,71,1,72,31,44.329,44.927
par5,I,72,1,74,8,44.982,45.559
par5,I,73,1,72,33,45.565,45.946
par5,I,74,1,76,45,46.534,46.83
par5,I,75,1,72,17,46.895,47.398
par5,I,76,1,76,27,47.515,47.974
par5,I,77,1,72,22,47.967,48.51
par5,I,78,1,76,18,48.552,49.152
par5,I,79,1,72,35,49.156,49.675
par5,I,80,1,76,20,49.73,50.302
par5,I,81,1,72,26,50.365,50.788
par5,I,82,1,77,38,51.08,51.556
par5,I,83,1,72,26,51.615,52.121
par5,I,84,1,77,22,52.256,52.762
par5,I,85,1,72,19,52.844,53.36
par5,I,86,1,77,14,53.451,53.953
par5,I,87,1,72,31,54.062,54.52
par5,I,88,1,77,21,54.625,55.15
par5,I,89,1,72,9,55.265,55.792
par5,I,90,1,77,30,55.924,56.432
par5,I,91,1,72,25,56.474,56.952
par5,I,92,1,79,35,57.172,57.651
par5,I,93,1,72,14,57.726,58.191
par5,I,94,1,79,19,58.275,58.877
par5,I,95,1,72,22,58.852,59.448
par5,I,96,1,79,17,59.547,60.141
par5,I,97,1,72,23,60.124,60.746
par5,I,98,1,79,31,60.843,61.391
par5,I,99,1,72,21,61.371,61.912
par5,I,100,1,79,31,62.007,62.592
par5,I,101,1,72,19,62.562,63.154
par5,I,102,1,79,11,63.187,63.721
par5,I,103,1,72,25,63.777,64.332
par5,I,104,1,79,28,64.462,64.927
par5,I,105,1,72,27,64.979,65.593
par5,I,106,1,79,21,65.711,66.23
par5,I,107,1,72,20,66.217,66.741
par5,I,108,1,79,24,66.914,67.368
par5,I,109,1,77,40,67.561,67.961
par5,I,110,1,79,32,68.062,68.477
par5,I,111,1,77,17,68.597,68.98
par5,I,112,1,79,16,69.115,69.477
par5,I,113,1,77,4,69.586,69.924
par5,I,114,1,79,30,70.0,70.27
par5,I,115,1,77,40,70.313,70.53
par5,I,116,1,79,41,70.578,70.755
par5,I,117,1,77,59,70.763,70.959
par5,I,118,1,79,63,70.98,71.188
par5,I,119,1,77,64,71.199,71.37
par5,I,120,1,79,60,71.409,71.597
par5,I,121,1,77,64,71.602,71.83
par5,I,122,1,79,47,71.842,72.069
par5,I,123,1,77,71,72.057,72.33
par5,I,124,1,79,58,72.309,72.665
par5,I,125,1,77,61,72.65,72.971
par5,I,126,1,79,54,72.983,73.889
par5,I,127,1,79,44,74.249,74.454
par5,I,128,1,76,49,74.537,74.735
par5,I,129,1,79,57,74.715,74.921
par5,I,130,1,76,36,74.945,75.118
par5,I,131,1,79,49,75.123,75.329
par5,I,132,1,76,47,75.34,75.606
par5,I,133,1,79,45,75.543,75.742
par5,I,134,1,76,41,75.761,75.992
par5,I,135,1,79,41,75.989,76.159
par5,I,136,1,76,45,76.171,76.397
par5,I,137,1,79,44,76.377,76.544
par5,I,138,1,76,44,76.579,76.803
par5,I,139,1,79,44,76.773,77.056
par5,I,140,1,76,57,77.03,77.266
par5,I,141,1,79,51,77.257,77.629
par5,I,142,1,76,49,77.368,77.898
par5,I,143,1,79,41,78.509,78.701
par5,I,144,1,74,36,78.742,78.99
par5,I,145,1,79,44,78.988,79.157
par5,I,146,1,74,37,79.18,79.368
par5,I,147,1,79,42,79.394,79.545
par5,I,148,1,74,43,79.557,79.719
par5,I,149,1,79,45,79.764,79.91
par5,I,150,1,74,40,79.882,80.065
par5,I,151,1,79,38,80.147,80.294
par5,I,152,1,74,37,80.349,80.576
par5,I,153,1,79,34,80.562,80.725
par5,I,154,1,74,35,80.766,80.935
par5,I,155,1,79,41,80.966,81.124
par5,I,156,1,74,30,81.174,81.349
par5,I,157,1,79,43,81.387,81.589
par5,I,158,1,74,59,81.471,81.85
par5,I,159,1,79,42,82.352,82.515
par5,I,160,1,72,36,82.576,82.784
par5,I,161,1,79,36,82.796,82.97
par5,I,162,1,72,39,83.037,83.204
par5,I,163,1,79,30,83.235,83.403
par5,I,164,1,72,38,83.423,83.627
par5,I,165,1,79,31,83.67,83.844
par5,I,166,1,72,47,83.828,84.03
par5,I,167,1,79,33,84.108,84.313
par5,I,168,1,72,35,84.352,84.535
par5,I,169,1,79,35,84.553,84.747
par5,I,170,1,72,47,84.757,84.93
par5,I,171,1,79,36,84.989,85.163
par5,I,172,1,72,25,85.195,85.339
par5,I,173,1,79,32,85.408,85.581
par5,I,174,1,72,32,85.566,85.722
par5,I,175,1,79,37,85.827,86.066
par5,I,176,1,79,34,86.605,86.867
par5,I,177,1,72,46,86.892,87.162
par5,I,178,1,79,45,87.143,87.332
par5,I,179,1,72,46,87.374,87.588
par5,I,180,1,79,33,87.606,87.822
par5,I,181,1,72,46,87.78,87.977
par5,I,182,1,74,25,88.533,88.912
par5,I,183,1,79,33,89.009,89.35
par5,I,184,1,74,26,89.388,89.866
par5,I,185,1,79,35,90.194,90.695
par5,I,186,1,77,52,90.696,91.081
par5,I,187,1,79,50,91.124,91.743
par5,I,188,1,79,39,92.287,92.568
par5,I,189,1,77,50,92.587,92.895
par5,I,190,1,79,46,92.925,93.539
par5,I,191,1,79,44,94.044,94.378
par5,I,192,1,76,19,94.618,94.977
par5,I,193,1,79,19,95.219,95.545
par5,I,194,1,76,3,95.705,96.05
par5,I,195,1,79,7,96.184,96.593
par5,I,196,1,76,22,96.711,97.048
par5,I,197,1,79,14,97.27,97.776
par5,I,198,1,77,13,97.893,98.352
par5,I,199,1,79,22,98.513,99.022
par5,I,200,1,77,45,99.032,99.581
par5,I,201,1,79,36,99.658,100.114
par5,I,202,1,76,26,100.331,100.713
par5,I,203,1,79,29,101.022,101.395
par5,I,204,1,74,30,101.557,101.929
par5,I,205,1,79,28,102.11,102.621
par5,I,206,1,74,27,102.704,103.215
par5,I,207,1,79,29,103.368,103.817
par5,I,208,1,74,6,103.879,104.324
par5,I,209,1,79,23,104.509,105.018
par5,I,210,1,72,30,105.029,105.609
par5,I,211,1,79,12,105.711,106.226
par5,I,212,1,72,26,106.418,106.796
par5,I,213,1,79,21,107.087,107.506
par5,I,214,1,74,26,107.591,108.083
par5,I,215,1,79,18,108.197,108.617
par5,I,216,1,77,24,108.828,109.265
par5,I,217,1,79,36,109.517,109.91
par5,I,218,1,76,27,110.042,110.536
par5,I,219,1,79,30,110.62,111.087
par5,I,220,1,76,40,111.175,111.679
par5,I,221,1,79,26,111.749,112.259
par5,I,222,1,72,39,112.325,112.884
par5,I,223,1,79,27,112.916,113.498
par5,I,224,1,72,34,113.591,114.057
par5,I,225,1,79,30,114.149,114.614
par5,I,226,1,72,28,114.661,115.122
par5,I,227,1,79,12,115.262,115.802
par5,I,228,1,72,32,115.847,116.335
par5,I,229,1,79,20,116.41,116.903
par5,I,230,1,72,28,116.931,117.298
par5,I,231,1,79,28,117.555,117.939
par5,I,232,1,77,27,118.164,118.583
par5,I,233,1,79,31,118.705,119.047
par5,I,234,1,77,29,119.196,119.27
par5,I,235,1,77,58,119.376,119.488
par5,I,236,1,77,49,119.556,119.664
par5,I,237,1,77,45,119.737,119.815
par5,I,238,1,77,49,119.898,119.987
par5,I,239,1,77,43,120.061,120.147
par5,I,240,1,77,42,120.227,120.31
par5,I,241,1,77,23,120.397,120.659
par5,I,242,1,77,57,120.776,120.885
par5,I,243,1,77,65,120.98,121.059
par5,I,244,1,77,49,121.148,121.562
par5,I,245,1,79,37,121.996,122.084
par5,I,246,1,79,12,122.154,122.419
par5,I,247,1,79,31,122.467,122.814
par5,I,248,1,76,62,123.12,123.405
par5,I,249,1,76,57,123.596,123.793
par5,I,250,1,76,72,124.067,124.651
par5,I,251,1,76,63,124.951,125.147
par5,I,252,1,76,61,125.359,125.535
par5,I,253,1,76,65,125.764,126.344
par5,I,254,1,76,62,126.63,126.869
par5,I,255,1,76,61,127.053,127.246
par5,I,256,1,76,58,127.466,127.657
par5,I,257,1,76,63,127.844,128.036
par5,I,258,1,76,64,128.291,128.47
par5,I,259,1,76,58,128.663,128.858
par5,I,260,1,76,67,129.089,129.62
par5,I,261,1,74,51,129.971,130.251
par5,I,262,1,74,60,130.43,130.672
par5,I,263,1,76,57,130.871,131.525
par5,I,264,1,74,45,131.776,132.064
par5,I,265,1,74,55,132.183,132.392
par5,I,266,1,76,56,132.651,133.324
par5,I,267,1,74,1,133.479,133.911
par5,I,268,1,76,42,134.031,134.549
par5,I,269,1,74,35,134.585,134.95
par5,I,270,1,76,14,134.987,135.415
par5,I,271,1,74,31,135.349,135.827
par5,I,272,1,76,48,135.759,136.223
par5,I,273,1,74,36,136.173,136.563
par5,I,274,1,76,51,136.603,137.1
par5,I,275,1,79,30,137.91,138.363
par5,I,276,1,72,23,138.415,139.163
par5,I,277,1,79,20,139.389,139.747
par5,I,278,1,72,33,139.781,140.824
par5,I,279,1,79,23,141.123,141.472
par5,I,280,1,72,46,141.528,142.69
par5,I,281,1,79,23,142.822,143.342
par5,I,282,1,72,39,143.349,144.488
par5,I,283,1,79,22,144.646,145.088
par5,I,284,1,72,37,145.148,145.773
par5,I,285,1,77,46,146.125,146.586
par5,I,286,1,72,28,146.64,147.636
par5,I,287,1,77,33,147.788,148.224
par5,I,288,1,72,28,148.215,149.106
par5,I,289,1,77,31,149.31,149.817
par5,I,290,1,72,38,149.841,150.619
par5,I,291,1,77,25,150.763,151.252
par5,I,292,1,72,31,151.243,152.148
par5,I,293,1,77,18,152.31,152.794
par5,I,294,1,72,19,152.846,153.589
par5,I,295,1,77,28,153.83,154.282
par5,I,296,1,72,33,154.317,155.135
par5,I,297,1,77,12,155.226,155.697
par5,I,298,1,72,24,155.709,156.557
par5,I,299,1,77,34,156.633,157.171
par5,I,300,1,72,38,157.207,158.039
par5,I,301,1,77,23,158.007,158.582
par5,I,302,1,72,33,158.605,159.327
par5,I,303,1,76,43,159.55,159.998
par5,I,304,1,72,22,160.055,160.839
par5,I,305,1,76,38,160.972,161.491
par5,I,306,1,72,24,161.526,162.233
par5,I,307,1,76,30,162.301,162.84
par5,I,308,1,72,36,162.803,163.431
par5,I,309,1,79,26,163.993,164.454
par5,I,310,1,72,25,164.539,165.108
par5,I,311,1,79,17,165.299,165.796
par5,I,312,1,72,35,165.815,166.457
par5,I,313,1,79,19,166.563,167.065
par5,I,314,1,72,36,167.099,167.857
par5,I,315,1,79,30,167.938,168.391
par5,I,316,1,72,29,168.494,169.108
par5,I,317,1,79,23,169.195,169.627
par5,I,318,1,72,14,169.808,170.431
par5,I,319,1,79,47,170.507,171.044
par5,I,320,1,72,27,171.11,171.671
par5,I,321,1,79,40,171.899,172.397
par5,I,322,1,72,33,172.391,173.031
par5,I,323,1,79,22,173.269,173.709
par5,I,324,1,72,34,173.724,174.356
par5,I,325,1,79,9,174.51,175.04
par5,I,326,1,72,33,175.057,175.551
par5,I,327,1,79,51,176.353,177.168
par5,I,328,1,79,41,177.554,178.357
par5,I,329,1,79,62,178.748,179.019
par5,I,330,1,79,62,179.235,179.454
par5,I,331,1,79,64,179.749,180.736
par5,I,332,1,79,59,181.165,182.053
par5,I,333,1,79,53,182.381,183.299
par5,I,334,1,79,66,183.583,183.877
par5,I,335,1,79,53,184.08,184.344
par5,I,336,1,79,68,184.697,185.717
par5,I,337,1,79,61,186.039,186.91
par5,I,338,1,79,60,187.293,188.098
par5,I,339,1,79,61,188.484,188.729
par5,I,340,1,79,56,188.934,189.214
par5,I,341,1,79,64,189.479,190.382
par5,I,342,1,77,64,190.851,191.595
par5,I,343,1,79,57,190.848,191.637
par5,I,344,1,77,55,192.097,192.98
par5,I,345,1,79,57,192.096,192.995
par5,I,346,1,77,62,193.286,193.55
par5,I,347,1,79,64,193.278,193.578
par5,I,348,1,77,60,193.749,194.019
par5,I,349,1,79,60,193.745,194.064
par6,S,0,0,72,56,4.041,4.652
par6,S,1,0,74,71,4.537,4.746
par6,S,2,0,76,51,5.029,5.257
par6,S,3,0,77,45,5.592,5.852
par6,S,4,0,79,56,6.159,6.453
par6,S,5,0,72,50,7.828,8.145
par6,S,6,0,74,77,8.372,8.602
par6,S,7,0,76,53,8.844,9.033
par6,S,8,0,77,63,9.387,9.631
par6,S,9,0,79,59,9.865,10.141
par6,S,10,0,72,47,11.024,11.379
par6,S,11,0,74,53,11.619,11.847
par6,S,12,0,76,60,12.009,12.239
par6,S,13,0,77,57,12.465,12.668
par6,S,14,0,79,37,12.912,13.194
par6,S,15,0,72,9,13.879,14.184
par6,S,16,0,74,72,14.428,14.614
par6,S,17,0,76,56,14.829,15.033
par6,S,18,0,77,58,15.227,15.414
par6,S,19,0,79,53,15.752,16.075
par6,S,20,0,79,50,16.946,17.231
par6,S,21,0,77,55,17.539,17.729
par6,S,22,0,76,31,18.153,18.465
par6,S,23,0,74,72,18.768,18.979
par6,S,24,0,72,57,19.355,19.598
par6,S,25,0,79,54,20.028,20.318
par6,S,26,0,77,51,20.616,20.795
par6,S,27,0,76,50,21.129,21.355
par6,S,28,0,74,65,21.633,21.791
par6,S,29,0,72,61,22.113,22.308
par6,S,30,0,79,46,22.645,22.922
par6,S,31,0,77,46,23.278,23.511
par6,S,32,0,76,56,24.321,24.501
par6,S,33,0,74,57,24.864,25.053
par6,S,34,0,72,50,25.385,25.647
par6,S,35,0,79,37,26.137,26.542
par6,S,36,0,77,27,26.859,27.094
par6,S,37,0,76,62,27.344,27.563
par6,S,38,0,74,57,27.808,28.039
par6,S,39,0,72,55,28.327,28.581
par6,S,40,0,79,58,28.993,29.307
par6,S,41,0,77,60,29.67,29.864
par6,S,42,0,76,48,30.153,30.388
par6,S,43,0,74,61,30.666,30.868
par6,S,44,0,72,56,31.249,31.546
par6,S,45,0,79,36,32.261,32.515
par6,S,46,0,77,54,32.709,32.936
par6,S,47,0,76,58,33.224,33.492
par6,S,48,0,74,59,33.653,33.845
par6,S,49,0,72,50,34.191,34.47
par6,S,50,0,74,64,37.103,37.421
par6,S,51,0,76,51,37.684,37.902
par6,S,52,0,76,41,38.107,38.303
par6,S,53,0,77,63,38.602,38.835
par6,S,54,0,79,25,39.362,39.79
par6,S,55,0,72,61,40.06,40.277
par6,S,56,0,74,50,40.805,41.0
par6,S,57,0,76,53,41.282,41.484
par6,S,58,0,77,51,41.722,41.943
par6,S,59,0,79,41,42.204,42.432
par6,S,60,0,72,48,42.825,43.038
par6,S,61,0,74,60,43.518,43.717
par6,S,62,0,76,44,43.976,44.147
par6,S,63,0,77,39,44.557,44.79
par6,S,64,0,79,37,45.112,45.618
par6,S,65,0,72,50,46.146,46.392
par6,S,66,0,74,62,47.311,47.479
par6,S,67,0,76,55,47.716,47.901
par6,S,68,0,77,59,48.077,48.242
par6,S,69,0,79,49,48.485,48.807
par6,S,70,0,72,39,49.239,49.52
par6,S,71,0,74,50,54.511,54.752
par6,S,72,0,76,31,54.999,55.208
par6,S,73,0,77,26,55.44,55.687
par6,S,74,0,72,54,55.92,56.197
par6,S,75,0,79,62,56.428,56.701
par6,S,76,0,74,60,57.032,57.243
par6,S,77,0,76,27,57.535,57.784
par6,S,78,0,77,57,58.025,58.198
par6,S,79,0,72,41,58.485,58.706
par6,S,80,0,79,46,58.982,59.242
par6,S,81,0,74,49,59.552,59.776
par6,S,82,0,76,56,60.011,60.221
par6,S,83,0,77,54,60.453,60.617
par6,S,84,0,72,41,60.894,61.133
par6,S,85,0,79,49,61.38,61.669
par6,S,86,0,74,62,61.939,62.181
par6,S,87,0,76,49,62.416,62.613
par6,S,88,0,77,57,62.824,62.955
par6,S,89,0,72,41,63.248,63.488
par6,S,90,0,79,49,63.972,64.252
par6,S,91,0,72,61,67.953,68.154
par6,S,92,0,74,39,69.362,69.614
par6,S,93,0,79,52,70.538,70.841
par6,S,94,0,77,15,71.044,71.28
par6,S,95,0,76,69,71.741,71.926
par6,S,96,0,72,54,72.591,72.836
par6,S,97,0,74,67,74.56,74.791
par6,S,98,0,79,56,75.095,75.374
par6,S,99,0,77,42,75.505,75.697
par6,S,100,0,76,61,75.966,76.201
par6,S,101,0,72,45,76.657,76.921
par6,S,102,0,74,52,78.824,79.045
par6,S,103,0,79,58,80.119,80.324
par6,S,104,0,77,57,80.533,80.694
par6,S,105,0,76,59,80.926,81.118
par6,S,106,0,72,62,81.829,82.037
par6,S,107,0,79,51,82.631,82.875
par6,S,108,0,72,65,84.051,84.192
par6,S,109,0,74,70,84.481,84.641
par6,S,110,0,79,51,84.852,85.248
par6,S,111,0,77,31,85.276,85.47
par6,S,112,0,76,77,85.768,86.04
par6,S,113,0,72,39,87.427,87.647
par6,S,114,0,79,49,88.414,88.702
par6,S,115,0,77,62,90.94,91.113
par6,S,116,0,76,62,91.338,91.509
par6,S,117,0,74,70,91.777,92.094
par6,S,118,0,76,64,95.672,95.914
par6,S,119,0,74,56,96.221,96.414
par6,S,120,0,72,41,96.712,96.918
par6,S,121,0,77,46,97.383,97.582
par6,S,122,0,79,58,97.838,98.034
par6,S,123,0,76,55,99.599,99.81
par6,S,124,0,74,72,100.321,100.557
par6,S,125,0,72,46,100.756,101.007
par6,S,126,0,77,55,102.638,102.85
par6,S,127,0,79,60,103.035,103.311
par6,S,128,0,76,51,104.041,104.23
par6,S,129,0,74,63,104.422,104.63
par6,S,130,0,72,41,104.826,105.028
par6,S,131,0,77,41,106.085,106.323
par6,S,132,0,79,51,106.572,106.928
par6,S,133,0,76,55,107.344,107.555
par6,S,134,0,74,62,107.807,108.026
par6,S,135,0,72,45,108.257,108.471
par6,S,136,0,79,49,108.69,108.913
par6,S,137,0,77,50,109.173,109.385
par6,S,138,0,72,55,110.031,110.272
par6,S,139,0,76,67,113.185,113.387
par6,S,140,0,74,72,113.55,113.744
par6,S,141,0,72,47,113.911,114.111
par6,S,142,0,79,66,114.246,114.476
par6,S,143,0,77,29,114.726,115.151
par6,S,144,0,77,55,118.245,118.506
par6,S,145,0,79,53,119.243,119.638
par6,S,146,0,76,53,119.924,120.08
par6,S,147,0,74,70,120.547,120.698
par6,S,148,0,72,59,121.06,121.26
par6,S,149,0,77,36,121.942,122.175
par6,S,150,0,79,56,122.463,122.821
par6,S,151,0,76,58,122.939,123.081
par6,S,152,0,74,74,123.272,123.495
par6,S,153,0,72,47,123.664,123.911
par6,S,154,0,77,41,124.611,124.896
par6,S,155,0,79,35,125.348,125.632
par6,S,156,0,76,41,126.676,126.88
par6,S,157,0,74,72,127.019,127.213
par6,S,158,0,72,58,127.409,127.646
par6,S,159,0,77,71,128.499,128.702
par6,S,160,0,79,61,128.938,129.117
par6,S,161,0,76,49,129.432,129.623
par6,S,162,0,74,39,129.77,129.956
par6,S,163,0,72,56,130.198,130.412
par6,S,164,0,74,61,133.516,133.759
par6,S,165,0,72,60,134.017,134.24
par6,S,166,0,76,67,134.585,134.802
par6,S,167,0,77,66,134.974,135.178
par6,S,168,0,79,62,135.39,135.631
par6,S,169,0,74,55,135.998,136.149
par6,S,170,0,72,58,136.355,136.529
par6,S,171,0,76,67,136.721,136.914
par6,S,172,0,77,54,137.058,137.223
par6,S,173,0,79,62,137.402,137.561
par6,S,174,0,74,64,137.977,138.162
par6,S,175,0,72,53,138.338,138.511
par6,S,176,0,76,59,138.699,138.867
par6,S,177,0,77,63,138.997,139.163
par6,S,178,0,79,55,139.317,139.468
par6,S,179,0,74,67,140.167,140.352
par6,S,180,0,71,28,140.627,140.705
par6,S,181,0,72,26,140.619,140.835
par6,S,182,0,76,60,141.506,141.751
par6,S,183,0,77,41,142.423,142.628
par6,S,184,0,79,57,142.861,143.383
par6,S,185,0,72,68,148.145,148.377
par6,S,186,0,74,74,148.69,148.911
par6,S,187,0,76,61,149.14,149.33
par6,S,188,0,77,72,149.625,149.825
par6,S,189,0,79,53,150.106,150.36
par6,S,190,0,72,56,150.774,150.966
par6,S,191,0,74,68,151.182,151.353
par6,S,192,0,76,59,151.484,151.648
par6,S,193,0,77,57,151.823,152.029
par6,S,194,0,79,46,152.385,152.668
par6,S,195,0,72,51,153.076,153.295
par6,S,196,0,74,71,153.415,153.576
par6,S,197,0,76,63,153.705,153.853
par6,S,198,0,77,53,154.031,154.196
par6,S,199,0,79,50,154.339,154.631
par6,S,200,0,72,55,154.842,155.066
par6,S,201,0,74,60,155.152,155.28
par6,S,202,0,76,56,155.44,155.604
par6,S,203,0,77,52,155.783,155.92
par6,S,204,0,79,56,156.126,156.379
par6,S,205,0,79,48,157.103,157.371
par6,S,206,0,77,42,157.46,157.619
par6,S,207,0,76,49,157.784,158.001
par6,S,208,0,74,36,158.084,158.337
par6,S,209,0,72,56,158.472,158.706
par6,S,210,0,79,54,158.945,159.202
par6,S,211,0,77,43,159.318,159.562
par6,S,212,0,76,58,159.653,159.894
par6,S,213,0,74,40,159.999,160.166
par6,S,214,0,72,55,160.371,160.545
par6,S,215,0,79,57,160.838,161.296
par6,S,216,0,77,29,161.201,161.446
par6,S,217,0,74,46,161.946,162.082
par6,S,218,0,76,68,161.577,162.381
par6,S,219,0,72,64,162.286,162.409
par6,S,220,0,79,60,163.187,163.526
par6,S,221,0,74,60,165.148,165.523
par6,S,222,0,76,57,164.853,165.537
par6,S,223,0,77,56,164.567,165.578
par6,S,224,0,72,61,165.501,165.697
par6,S,225,0,79,54,164.285,165.715
par6,S,226,0,72,42,170.357,170.629
par6,S,227,0,79,35,171.618,172.042
par6,S,228,0,77,61,172.591,172.776
par6,S,229,0,76,61,172.857,173.051
par6,S,230,0,74,72,173.138,173.323
par6,S,231,0,72,61,173.641,173.932
par6,S,232,0,79,59,174.026,174.289
par6,S,233,0,77,30,174.443,174.713
par6,S,234,0,76,76,175.044,175.263
par6,S,235,0,74,49,175.383,175.585
par6,S,236,0,72,56,175.853,176.03
par6,S,237,0,79,69,176.233,176.427
par6,S,238,0,77,54,176.668,176.84
par6,S,239,0,76,41,177.017,177.223
par6,S,240,0,74,26,177.598,177.839
par6,S,241,0,72,42,180.058,181.442
par6,S,242,0,79,65,180.842,181.501
par6,S,243,0,77,60,182.598,182.759
par6,S,244,0,77,38,182.927,182.978
par6,S,245,0,76,36,182.911,183.05
par6,S,246,0,74,74,183.315,183.568
par6,S,247,0,81,47,184.67,184.827
par6,S,248,0,79,48,184.654,185.623
par6,S,249,0,72,65,184.09,185.642
par6,S,250,0,77,61,186.138,186.297
par6,S,251,0,76,60,186.468,186.666
par6,S,252,0,74,47,186.765,186.941
par6,S,253,0,72,66,187.332,187.561
par6,S,254,0,79,55,187.89,188.135
par6,S,255,0,77,57,188.365,188.522
par6,S,256,0,76,55,188.692,188.92
par6,S,257,0,74,58,188.986,189.172
par6,S,258,0,72,58,189.519,189.781
par6,S,259,0,79,59,189.989,190.234
par6,S,260,0,77,54,190.483,190.721
par6,S,261,0,76,39,190.777,191.094
par6,S,262,0,74,68,191.071,191.402
par6,S,263,0,72,38,192.163,192.647
par6,S,264,0,79,62,192.643,192.849
par6,S,265,0,77,42,192.996,193.249
par6,S,266,0,76,35,193.297,193.575
par6,S,267,0,74,67,193.588,193.865
par6,S,0,1,72,51,1.983,2.224
par6,S,1,1,74,62,2.405,2.611
par6,S,2,1,76,49,2.807,3.009
par6,S,3,1,77,66,3.201,3.357
par6,S,4,1,79,57,3.62,3.836
par6,S,5,1,72,60,4.22,4.393
par6,S,6,1,74,69,4.618,4.813
par6,S,7,1,76,46,4.943,5.119
par6,S,8,1,77,53,5.299,5.44
par6,S,9,1,79,56,5.701,5.929
par6,S,10,1,72,58,6.241,6.409
par6,S,11,1,74,63,6.606,6.781
par6,S,12,1,76,53,6.911,7.08
par6,S,13,1,77,60,7.241,7.396
par6,S,14,1,79,57,7.633,7.834
par6,S,15,1,72,55,8.149,8.316
par6,S,16,1,74,56,8.447,8.605
par6,S,17,1,76,55,8.737,8.918
par6,S,18,1,77,55,9.048,9.205
par6,S,19,1,79,49,9.517,9.768
par6,S,20,1,79,47,11.218,11.455
par6,S,21,1,77,24,11.59,11.853
par6,S,22,1,76,64,12.043,12.256
par6,S,23,1,74,72,12.411,12.613
par6,S,24,1,72,64,12.804,12.995
par6,S,25,1,79,58,13.197,13.393
par6,S,26,1,77,49,13.619,13.797
par6,S,27,1,76,55,14.047,14.223
par6,S,28,1,74,74,14.373,14.553
par6,S,29,1,72,56,14.733,14.926
par6,S,30,1,79,43,15.13,15.497
par6,S,31,1,77,61,15.744,15.972
par6,S,32,1,76,43,16.526,16.754
par6,S,33,1,74,58,16.924,17.126
par6,S,34,1,72,82,17.275,17.441
par6,S,35,1,79,57,18.848,19.182
par6,S,36,1,77,58,19.279,19.377
par6,S,37,1,76,38,19.762,19.96
par6,S,38,1,79,3,19.401,20.101
par6,S,39,1,74,71,20.113,20.286
par6,S,40,1,72,62,20.531,20.815
par6,S,41,1,72,67,22.032,22.332
par6,S,42,1,79,60,23.135,23.443
par6,S,43,1,77,57,23.804,23.95
par6,S,44,1,76,37,24.174,24.336
par6,S,45,1,74,73,24.554,24.792
par6,S,46,1,72,64,25.297,25.512
par6,S,47,1,79,58,25.868,26.119
par6,S,48,1,77,58,26.517,26.686
par6,S,49,1,76,47,26.905,27.049
par6,S,50,1,74,51,27.234,27.42
par6,S,51,1,72,66,27.748,27.999
par6,S,52,1,79,55,28.221,28.434
par6,S,53,1,77,48,28.668,28.843
par6,S,54,1,76,57,28.989,29.16
par6,S,55,1,74,61,29.299,29.461
par6,S,56,1,72,58,29.762,30.044
par6,S,57,1,79,58,30.139,30.335
par6,S,58,1,77,60,30.592,30.794
par6,S,59,1,76,53,30.903,31.086
par6,S,60,1,74,66,31.237,31.48
par6,S,61,1,72,70,39.426,39.685
par6,S,62,1,79,60,39.807,40.017
par6,S,63,1,77,49,40.181,40.368
par6,S,64,1,76,61,40.497,40.66
par6,S,65,1,74,74,40.818,41.031
par6,S,66,1,72,67,41.866,42.088
par6,S,67,1,79,58,42.259,42.481
par6,S,68,1,77,49,42.714,42.864
par6,S,69,1,76,72,43.07,43.286
par6,S,70,1,72,36,43.517,43.713
par6,S,71,1,74,40,43.513,43.762
par6,S,72,1,72,61,45.13,45.364
par6,S,73,1,79,23,45.624,46.207
par6,S,74,1,77,55,46.437,46.614
par6,S,75,1,76,60,46.763,46.952
par6,S,76,1,74,78,47.111,47.348
par6,S,77,1,72,58,48.416,48.701
par6,S,78,1,79,65,48.906,49.194
par6,S,79,1,77,45,49.406,49.656
par6,S,80,1,76,52,49.779,50.051
par6,S,81,1,74,80,50.202,50.418
par6,S,82,1,76,66,53.282,53.515
par6,S,83,1,77,71,53.637,53.817
par6,S,84,1,77,27,54.026,54.088
par6,S,85,1,79,55,54.042,54.961
par6,S,86,1,74,77,55.469,55.657
par6,S,87,1,72,62,55.837,56.033
par6,S,88,1,76,64,56.339,56.492
par6,S,89,1,77,64,56.738,56.922
par6,S,90,1,79,62,57.345,57.563
par6,S,91,1,74,68,57.999,58.164
par6,S,92,1,72,59,58.35,58.578
par6,S,93,1,76,61,59.359,59.59
par6,S,94,1,77,65,59.708,59.899
par6,S,95,1,79,35,60.156,60.455
par6,S,96,1,74,70,60.815,60.959
par6,S,97,1,72,58,61.162,61.332
par6,S,98,1,76,68,61.755,61.936
par6,S,99,1,77,40,62.068,62.269
par6,S,100,1,79,54,62.427,62.658
par6,S,101,1,74,70,62.946,63.176
par6,S,102,1,72,60,63.309,63.569
par6,S,103,1,76,67,66.972,67.198
par6,S,104,1,74,72,67.452,67.659
par6,S,105,1,72,61,67.924,68.261
par6,S,106,1,77,65,72.928,73.128
par6,S,107,1,79,48,73.32,73.559
par6,S,108,1,76,60,75.291,75.551
par6,S,109,1,77,63,76.688,76.873
par6,S,110,1,79,43,77.064,77.353
par6,S,111,1,74,61,77.48,77.663
par6,S,112,1,72,55,77.859,78.062
par6,S,113,1,76,72,78.268,78.471
par6,S,114,1,77,52,78.597,78.774
par6,S,115,1,79,42,79.424,79.68
par6,S,116,1,74,69,80.197,80.379
par6,S,117,1,72,53,80.547,80.814
par6,S,118,1,76,68,81.101,81.317
par6,S,119,1,77,35,81.855,82.096
par6,S,120,1,79,48,83.356,83.741
par6,S,121,1,74,63,84.006,84.168
par6,S,122,1,72,59,84.459,84.658
par6,S,123,1,76,62,91.139,91.325
par6,S,124,1,74,75,91.477,91.69
par6,S,125,1,72,55,91.83,92.056
par6,S,126,1,77,63,93.818,93.966
par6,S,127,1,79,64,94.183,94.439
par6,S,128,1,77,66,97.118,97.288
par6,S,129,1,79,64,97.521,97.845
par6,S,130,1,76,56,98.821,98.987
par6,S,131,1,74,66,99.138,99.328
par6,S,132,1,72,51,99.491,99.703
par6,S,133,1,77,50,100.073,100.216
par6,S,134,1,79,55,100.938,101.374
par6,S,135,1,76,43,102.188,102.394
par6,S,136,1,74,69,102.521,102.703
par6,S,137,1,72,59,102.874,103.042
par6,S,138,1,77,57,104.33,104.533
par6,S,139,1,79,62,105.107,105.469
par6,S,140,1,76,60,105.684,105.85
par6,S,141,1,74,59,105.969,106.155
par6,S,142,1,72,53,106.326,106.512
par6,S,143,1,77,50,107.205,107.455
par6,S,144,1,79,46,107.64,107.928
par6,S,145,1,76,63,108.078,108.233
par6,S,146,1,74,62,108.344,108.549
par6,S,147,1,72,53,108.648,108.821
par6,S,148,1,77,49,110.667,110.877
par6,S,149,1,79,52,111.039,111.418
par6,S,150,1,76,49,111.539,111.666
par6,S,151,1,74,72,111.853,112.011
par6,S,152,1,72,56,112.207,112.601
par6,S,153,1,74,83,114.414,114.623
par6,S,154,1,72,52,114.844,115.079
par6,S,155,1,76,44,116.551,116.752
par6,S,156,1,77,66,116.869,117.029
par6,S,157,1,79,62,117.176,117.407
par6,S,158,1,74,70,117.733,117.889
par6,S,159,1,72,51,118.104,118.38
par6,S,160,1,76,46,118.95,119.138
par6,S,161,1,77,72,119.281,119.458
par6,S,162,1,79,50,119.601,119.807
par6,S,163,1,74,73,120.12,120.276
par6,S,164,1,72,42,120.492,120.719
par6,S,165,1,76,56,120.884,121.046
par6,S,166,1,77,40,121.198,121.398
par6,S,167,1,79,42,121.862,122.108
par6,S,168,1,74,55,122.459,122.621
par6,S,169,1,72,49,122.843,123.083
par6,S,170,1,76,52,123.922,124.11
par6,S,171,1,77,53,124.218,124.39
par6,S,172,1,79,68,124.59,124.958
par6,S,173,1,74,55,126.028,126.139
par6,S,174,1,72,47,126.385,126.559
par6,S,175,1,76,69,126.799,126.966
par6,S,176,1,77,58,127.087,127.293
par6,S,177,1,79,58,127.509,127.849
par6,S,178,1,72,50,129.24,129.525
par6,S,179,1,74,67,129.722,129.924
par6,S,180,1,76,52,130.081,130.295
par6,S,181,1,77,56,130.414,130.588
par6,S,182,1,79,55,130.77,131.029
par6,S,183,1,72,55,131.438,131.641
par6,S,184,1,74,65,131.728,131.883
par6,S,185,1,76,45,132.021,132.194
par6,S,186,1,77,43,132.334,132.498
par6,S,187,1,79,56,132.669,132.899
par6,S,188,1,72,44,133.222,133.407
par6,S,189,1,74,60,133.48,133.652
par6,S,190,1,76,42,133.754,133.923
par6,S,191,1,77,48,134.054,134.281
par6,S,192,1,79,49,134.45,134.729
par6,S,193,1,72,48,134.923,135.117
par6,S,194,1,74,65,135.201,135.367
par6,S,195,1,76,59,135.478,135.659
par6,S,196,1,77,58,135.774,135.909
par6,S,197,1,79,52,136.069,136.265
par6,S,198,1,79,62,137.238,137.439
par6,S,199,1,77,51,137.562,137.736
par6,S,200,1,76,48,137.917,138.157
par6,S,201,1,74,61,138.271,138.465
par6,S,202,1,72,56,138.603,138.78
par6,S,203,1,77,21,139.482,139.924
par6,S,204,1,79,56,139.095,140.156
par6,S,205,1,76,72,139.983,140.164
par6,S,206,1,74,67,141.089,141.23
par6,S,207,1,72,53,141.394,141.527
par6,S,208,1,77,46,143.284,143.561
par6,S,209,1,79,71,145.958,146.194
par6,S,210,1,77,66,146.467,146.646
par6,S,211,1,76,33,146.856,147.065
par6,S,212,1,74,77,147.163,147.347
par6,S,213,1,72,51,147.462,147.649
par6,S,214,1,72,37,153.549,153.824
par6,S,215,1,79,58,153.911,154.164
par6,S,216,1,77,42,154.434,154.641
par6,S,217,1,76,71,154.789,154.943
par6,S,218,1,74,74,155.074,155.269
par6,S,219,1,72,56,155.704,155.941
par6,S,220,1,77,55,156.427,156.612
par6,S,221,1,79,57,156.05,156.752
par6,S,222,1,76,60,156.716,156.898
par6,S,223,1,74,69,157.065,157.276
par6,S,224,1,72,58,157.562,157.762
par6,S,225,1,79,62,157.891,158.207
par6,S,226,1,77,44,158.241,158.588
par6,S,227,1,76,60,158.54,158.758
par6,S,228,1,74,58,158.876,159.108
par6,S,229,1,72,65,159.442,159.745
par6,S,230,1,77,52,160.033,160.454
par6,S,231,1,76,55,160.334,160.6
par6,S,232,1,79,58,159.735,160.728
par6,S,233,1,74,45,160.631,160.921
par6,S,234,1,72,58,161.98,162.275
par6,S,235,1,77,46,162.553,162.952
par6,S,236,1,76,56,162.825,163.212
par6,S,237,1,79,61,162.267,163.287
par6,S,238,1,74,72,163.202,163.553
par6,S,239,1,72,68,172.996,173.227
par6,S,240,1,74,67,174.428,174.669
par6,S,241,1,76,58,174.96,175.14
par6,S,242,1,76,70,177.823,178.044
par6,S,243,1,77,59,178.214,178.431
par6,S,244,1,77,52,178.611,178.686
par6,S,245,1,79,41,178.628,178.974
par6,S,246,1,74,78,179.16,179.355
par6,S,247,1,72,55,179.522,179.744
par6,S,248,1,76,76,179.97,180.195
par6,S,249,1,77,64,180.296,180.457
par6,S,250,1,79,21,180.806,181.173
par6,S,251,1,74,60,181.302,181.443
par6,S,252,1,72,61,181.667,181.855
par6,S,253,1,76,71,182.143,182.333
par6,S,254,1,77,57,182.434,182.602
par6,S,255,1,79,62,182.771,182.962
par6,S,256,1,74,67,183.251,183.432
par6,S,257,1,72,49,183.53,183.696
par6,S,258,1,76,54,184.118,184.341
par6,S,259,1,77,64,184.563,184.751
par6,S,260,1,79,70,184.902,185.141
par6,S,261,1,74,60,185.36,185.56
par6,S,262,1,72,58,185.626,185.792
par6,S,263,1,76,77,186.469,186.657
par6,S,264,1,77,60,186.728,186.91
par6,S,265,1,79,61,187.011,187.151
par6,S,266,1,74,61,187.408,187.602
par6,S,267,1,72,54,187.697,187.857
par6,S,268,1,79,67,190.13,190.454
par6,S,269,1,77,66,190.573,190.718
par6,S,270,1,76,49,191.037,191.263
par6,S,271,1,79,64,194.111,194.366
par6,S,272,1,77,56,194.584,194.705
par7,I,0,0,72,24,1.995,2.252
par7,I,1,0,74,42,2.604,2.886
par7,I,2,0,76,46,2.999,3.24
par7,I,3,0,79,17,3.522,3.831
par7,I,4,0,79,45,4.1,4.443
par7,I,5,0,76,46,4.739,5.001
par7,I,6,0,77,33,5.286,5.597
par7,I,7,0,74,43,5.839,6.36
par7,I,8,0,72,32,6.44,7.095
par7,I,9,0,76,40,7.157,7.674
par7,I,10,0,77,48,7.664,7.93
par7,I,11,0,79,28,8.337,8.634
par7,I,12,0,74,42,9.105,9.417
par7,I,13,0,76,35,9.729,10.028
par7,I,14,0,77,39,10.421,10.703
par7,I,15,0,72,47,11.112,11.398
par7,I,16,0,74,37,11.85,12.797
par7,I,17,0,79,41,12.81,13.03
par7,I,18,0,79,26,13.865,14.156
par7,I,19,0,76,31,14.599,15.282
par7,I,20,0,72,42,15.298,15.918
par7,I,21,0,74,49,15.898,16.249
par7,I,22,0,72,52,16.263,16.531
par7,I,23,0,74,56,16.53,17.314
par7,I,24,0,77,71,17.291,18.092
par7,I,25,0,79,54,17.971,18.777
par7,I,26,0,76,65,18.718,19.381
par7,I,27,0,74,33,19.325,20.326
par7,I,28,0,72,61,20.28,20.612
par7,I,29,0,76,62,21.074,21.314
par7,I,30,0,77,46,21.645,21.905
par7,I,31,0,79,52,22.263,22.782
par7,I,32,0,77,47,23.335,23.808
par7,I,33,0,76,59,23.792,24.002
par7,I,34,0,72,28,24.437,24.841
par7,I,35,0,74,48,25.135,25.501
par7,I,36,0,76,51,25.519,25.88
par7,I,37,0,77,50,26.043,26.313
par7,I,38,0,79,27,26.644,27.25
par7,I,39,0,72,14,27.529,27.616
par7,I,40,0,74,25,27.519,28.025
par7,I,41,0,74,55,28.313,28.598
par7,I,42,0,76,48,28.812,29.065
par7,I,43,0,77,53,29.293,29.702
par7,I,44,0,79,43,29.862,30.126
par7,I,45,0,81,54,30.452,30.754
par7,I,46,0,81,41,31.165,31.46
par7,I,47,0,79,27,31.979,32.836
par7,I,48,0,72,21,32.744,33.663
par7,I,49,0,74,49,33.603,34.171
par7,I,50,0,72,61,34.163,34.75
par7,I,51,0,76,55,34.735,35.308
par7,I,52,0,77,56,35.243,35.875
par7,I,53,0,79,68,35.83,36.511
par7,I,54,0,74,45,36.454,36.888
par7,I,55,0,76,54,36.892,37.338
par7,I,56,0,77,66,37.323,38.006
par7,I,57,0,72,36,37.951,38.523
par7,I,58,0,74,56,38.385,38.844
par7,I,59,0,76,63,38.793,39.409
par7,I,60,0,79,28,39.512,40.134
par7,I,61,0,77,55,40.025,40.253
par7,I,62,0,76,21,40.851,41.472
par7,I,63,0,74,44,41.339,41.565
par7,I,64,0,74,14,41.883,42.098
par7,I,65,0,72,52,42.143,43.104
par7,I,66,0,79,46,42.933,43.207
par7,I,67,0,79,52,43.516,43.785
par7,I,68,0,79,54,44.034,44.511
par7,I,69,0,77,55,44.647,45.229
par7,I,70,0,76,44,45.169,45.474
par7,I,71,0,74,56,45.662,46.216
par7,I,72,0,72,55,46.238,46.882
par7,I,73,0,77,64,46.795,47.257
par7,I,74,0,76,62,47.212,47.655
par7,I,75,0,74,43,47.663,47.969
par7,I,76,0,74,46,48.565,48.74
par7,I,77,0,74,57,48.952,49.106
par7,I,78,0,74,53,49.272,49.602
par7,I,79,0,76,57,49.634,50.085
par7,I,80,0,77,72,50.033,50.459
par7,I,81,0,79,68,50.364,50.936
par7,I,82,0,76,62,50.852,51.253
par7,I,83,0,74,50,51.262,51.81
par7,I,84,0,72,56,51.708,52.1
par7,I,85,0,76,51,52.355,52.795
par7,I,86,0,74,58,52.796,53.093
par7,I,87,0,77,57,53.287,53.798
par7,I,88,0,72,65,53.906,54.364
par7,I,89,0,74,44,54.393,54.614
par7,I,90,0,76,43,54.909,55.129
par7,I,91,0,77,47,55.401,55.607
par7,I,92,0,79,58,55.844,56.272
par7,I,93,0,77,55,56.623,57.105
par7,I,94,0,76,51,57.161,57.692
par7,I,95,0,74,55,57.662,58.185
par7,I,96,0,72,52,58.187,58.425
par7,I,97,0,72,48,58.725,58.991
par7,I,98,0,74,50,59.332,59.555
par7,I,99,0,76,35,59.952,60.209
par7,I,100,0,77,52,60.479,60.687
par7,I,101,0,79,57,60.986,61.219
par7,I,102,0,77,51,61.512,61.763
par7,I,103,0,76,49,62.098,62.324
par7,I,104,0,74,23,62.653,62.907
par7,I,105,0,72,55,63.131,63.388
par7,I,106,0,74,39,63.62,63.832
par7,I,107,0,76,36,64.161,64.388
par7,I,108,0,77,59,64.665,64.883
par7,I,109,0,79,52,65.148,65.433
par7,I,110,0,76,39,65.839,66.054
par7,I,111,0,74,50,66.322,66.536
par7,I,112,0,72,59,66.799,67.004
par7,I,113,0,77,55,67.639,67.772
par7,I,114,0,79,65,68.134,68.324
par7,I,115,0,79,52,68.537,68.738
par7,I,116,0,76,52,69.03,69.228
par7,I,117,0,74,61,69.471,69.651
par7,I,118,0,72,68,69.892,70.097
par7,I,119,0,76,52,70.774,71.125
par7,I,120,0,74,55,71.19,71.41
par7,I,121,0,74,34,71.58,71.675
par7,I,122,0,77,59,71.688,71.971
par7,I,123,0,79,61,72.291,72.635
par7,I,124,0,77,55,72.867,73.14
par7,I,125,0,76,55,73.438,73.672
par7,I,126,0,74,55,73.987,74.22
par7,I,127,0,72,54,74.512,74.74
par7,I,128,0,74,53,75.1,75.324
par7,I,129,0,76,51,75.597,75.821
par7,I,130,0,77,50,76.124,76.344
par7,I,131,0,79,58,76.628,76.887
par7,I,132,0,72,50,77.333,77.54
par7,I,133,0,72,50,77.883,78.154
par7,I,134,0,74,27,78.265,78.811
par7,I,135,0,76,56,78.696,79.036
par7,I,136,0,77,20,79.231,79.529
par7,I,137,0,79,47,79.867,80.158
par7,I,138,0,77,48,80.292,80.538
par7,I,139,0,76,63,80.747,81.357
par7,I,140,0,74,44,81.388,81.816
par7,I,141,0,72,53,81.815,82.737
par7,I,142,0,74,49,82.665,83.137
par7,I,143,0,76,58,83.098,83.657
par7,I,144,0,77,57,83.509,84.145
par7,I,145,0,79,74,84.066,84.502
par7,I,146,0,77,53,84.583,85.124
par7,I,147,0,76,67,85.047,85.512
par7,I,148,0,74,51,85.478,85.933
par7,I,149,0,72,62,85.882,86.555
par7,I,150,0,74,39,86.585,87.186
par7,I,151,0,76,5,87.788,88.295
par7,I,152,0,76,65,88.506,88.964
par7,I,153,0,77,66,88.892,89.29
par7,I,154,0,79,60,89.287,89.561
par7,I,155,0,72,49,87.181,90.091
par7,I,156,0,79,27,89.939,90.538
par7,I,157,0,77,54,90.445,91.006
par7,I,158,0,76,68,90.936,91.404
par7,I,159,0,74,60,91.354,91.863
par7,I,160,0,72,60,91.785,92.451
par7,I,161,0,74,66,92.438,93.088
par7,I,162,0,76,44,92.978,93.704
par7,I,163,0,71,1,94.069,94.35
par7,I,164,0,77,36,94.252,94.433
par7,I,165,0,77,53,94.716,95.426
par7,I,166,0,76,8,95.403,96.052
par7,I,167,0,76,58,96.237,96.466
par7,I,168,0,76,38,96.696,96.925
par7,I,169,0,76,26,97.48,97.828
par7,I,170,0,77,1,96.632,97.926
par7,I,171,0,76,59,98.086,98.576
par7,I,172,0,74,56,98.575,98.868
par7,I,173,0,72,41,99.306,99.576
par7,I,174,0,74,49,99.887,100.076
par7,I,175,0,72,35,100.136,100.405
par7,I,176,0,74,39,100.69,100.969
par7,I,177,0,77,63,101.271,101.537
par7,I,178,0,79,55,101.805,102.022
par7,I,179,0,77,55,102.352,102.615
par7,I,180,0,74,17,103.126,103.185
par7,I,181,0,76,30,103.097,103.457
par7,I,182,0,74,60,103.74,104.006
par7,I,183,0,76,58,104.282,104.542
par7,I,184,0,77,56,104.841,105.112
par7,I,185,0,79,48,105.5,105.787
par7,I,186,0,74,55,106.231,106.605
par7,I,187,0,76,51,106.762,107.173
par7,I,188,0,79,16,107.313,107.418
par7,I,189,0,77,11,107.317,107.838
par7,I,190,0,79,52,108.13,108.523
par7,I,191,0,74,49,108.866,109.19
par7,I,192,0,72,32,109.432,109.696
par7,I,193,0,76,45,110.019,110.327
par7,I,194,0,77,59,110.594,111.251
par7,I,195,0,79,62,111.178,111.665
par7,I,196,0,76,43,111.637,112.295
par7,I,197,0,74,44,112.215,112.807
par7,I,198,0,72,62,112.744,113.116
par7,I,199,0,74,15,113.19,113.931
par7,I,200,0,76,51,113.811,114.65
par7,I,201,0,77,40,114.411,114.79
par7,I,202,0,79,59,115.035,115.489
par7,I,203,0,77,60,115.452,115.676
par7,I,204,0,76,53,115.97,116.411
par7,I,205,0,74,56,116.384,116.869
par7,I,206,0,72,61,116.852,117.272
par7,I,207,0,74,61,117.411,117.628
par7,I,208,0,76,48,117.784,118.024
par7,I,209,0,77,57,118.21,118.429
par7,I,210,0,79,65,118.721,119.184
par7,I,211,0,79,52,119.516,119.894
par7,I,212,0,79,46,120.244,120.911
par7,I,213,0,77,35,120.79,121.286
par7,I,214,0,76,40,121.351,121.992
par7,I,215,0,74,46,121.914,122.451
par7,I,216,0,72,50,122.47,123.074
par7,I,217,0,74,52,122.938,123.384
par7,I,218,0,76,55,123.29,123.828
par7,I,219,0,77,69,123.693,124.879
par7,I,220,0,79,62,124.819,125.586
par7,I,221,0,77,51,125.472,125.996
par7,I,222,0,74,51,126.006,126.513
par7,I,223,0,76,62,126.494,126.99
par7,I,224,0,72,44,126.944,127.621
par7,I,225,0,74,56,127.48,128.085
par7,I,226,0,76,58,128.002,128.674
par7,I,227,0,77,63,128.523,129.122
par7,I,228,0,79,65,129.032,129.75
par7,I,229,0,74,67,129.668,130.46
par7,I,230,0,76,67,130.433,130.847
par7,I,231,0,72,50,130.85,131.673
par7,I,232,0,77,64,131.496,132.106
par7,I,233,0,72,1,131.813,132.149
par7,I,234,0,79,62,132.044,132.681
par7,I,235,0,77,68,132.594,133.169
par7,I,236,0,76,68,133.073,133.764
par7,I,237,0,74,59,133.674,134.316
par7,I,238,0,72,71,134.228,134.871
par7,I,239,0,74,65,134.812,135.478
par7,I,240,0,76,53,135.336,135.846
par7,I,241,0,79,29,135.857,135.968
par7,I,242,0,77,30,135.877,136.227
par7,I,243,0,79,56,136.506,136.993
par7,I,244,0,77,64,136.968,137.388
par7,I,245,0,77,51,137.611,138.248
par7,I,246,0,76,57,138.163,139.114
par7,I,247,0,76,60,139.311,139.629
par7,I,248,0,74,41,139.444,140.383
par7,I,249,0,72,54,140.225,140.493
par7,I,250,0,74,1,140.476,140.658
par7,I,251,0,74,1,140.928,141.116
par7,I,252,0,72,59,141.035,141.327
par7,I,253,0,74,60,141.302,142.329
par7,I,254,0,76,30,141.905,142.681
par7,I,255,0,76,57,143.034,143.784
par7,I,256,0,77,24,143.63,144.501
par7,I,257,0,76,57,144.373,145.108
par7,I,258,0,79,42,145.043,145.546
par7,I,259,0,76,38,145.524,146.0
par7,I,260,0,72,19,145.976,146.503
par7,I,261,0,74,35,146.633,146.734
par7,I,262,0,72,30,146.748,147.277
par7,I,263,0,74,55,147.234,147.754
par7,I,264,0,76,58,147.704,148.509
par7,I,265,0,77,45,148.357,148.627
par7,I,266,0,76,17,149.232,149.333
par7,I,267,0,79,45,148.58,149.46
par7,I,268,0,77,18,149.211,149.802
par7,I,269,0,76,53,149.72,150.448
par7,I,270,0,74,38,150.381,151.187
par7,I,271,0,76,53,151.14,151.681
par7,I,272,0,77,58,151.649,152.458
par7,I,273,0,74,24,152.37,153.32
par7,I,274,0,72,56,153.23,153.998
par7,I,275,0,74,58,153.851,154.402
par7,I,276,0,76,60,154.275,154.984
par7,I,277,0,77,47,155.019,155.17
par7,I,278,0,76,50,155.094,155.779
par7,I,279,0,77,60,155.698,156.328
par7,I,280,0,76,15,156.337,156.669
par7,I,281,0,74,55,156.687,157.314
par7,I,282,0,72,53,157.189,157.647
par7,I,283,0,74,55,157.634,158.059
par7,I,284,0,76,54,158.033,158.71
par7,I,285,0,77,39,158.626,159.337
par7,I,286,0,79,56,159.267,159.748
par7,I,287,0,77,51,159.712,160.259
par7,I,288,0,76,54,160.165,160.69
par7,I,289,0,74,61,160.655,161.231
par7,I,290,0,72,57,161.144,162.243
par7,I,291,0,71,49,162.072,162.554
par7,I,292,0,72,53,162.553,162.845
par7,I,293,0,74,52,162.871,163.824
par7,I,294,0,72,35,163.833,163.964
par7,I,295,0,76,53,163.881,164.615
par7,I,296,0,77,51,164.468,164.959
par7,I,297,0,76,41,164.87,165.422
par7,I,298,0,79,37,165.329,165.963
par7,I,299,0,77,50,165.809,166.198
par7,I,300,0,76,32,166.311,166.634
par7,I,301,0,74,33,166.909,167.105
par7,I,302,0,72,48,167.352,167.56
par7,I,303,0,76,40,167.934,168.133
par7,I,304,0,76,47,168.25,168.434
par7,I,305,0,76,42,168.565,168.75
par7,I,306,0,77,44,169.034,169.574
par7,I,307,0,79,48,169.608,170.182
par7,I,308,0,76,57,170.095,170.613
par7,I,309,0,74,51,170.612,171.136
par7,I,310,0,72,50,171.083,172.1
par7,I,311,0,74,42,172.09,172.687
par7,I,312,0,76,47,172.612,173.253
par7,I,313,0,77,31,173.173,174.22
par7,I,314,0,79,51,174.129,174.819
par7,I,315,0,81,59,174.696,175.574
par7,I,316,0,79,21,175.442,176.24
par7,I,317,0,81,1,175.872,176.397
par7,I,318,0,77,38,176.289,176.739
par7,I,319,0,79,60,176.7,177.45
par7,I,320,0,76,28,177.373,178.167
par7,I,321,0,77,52,178.071,178.552
par7,I,322,0,76,58,178.442,179.036
par7,I,323,0,74,48,178.976,179.735
par7,I,324,0,72,55,179.544,180.383
par7,I,325,0,71,49,180.282,181.165
par7,I,326,0,72,52,181.005,181.686
par7,I,327,0,74,50,181.667,182.306
par7,I,328,0,76,41,182.172,183.399
par7,I,329,0,77,62,183.346,183.791
par7,I,330,0,79,71,183.841,184.703
par7,I,331,0,76,43,184.631,185.22
par7,I,332,0,74,59,185.127,185.701
par7,I,333,0,72,53,185.717,186.525
par7,I,334,0,76,54,186.409,186.945
par7,I,335,0,77,54,186.895,187.581
par7,I,336,0,79,45,187.523,188.405
par7,I,337,0,76,61,188.321,188.966
par7,I,338,0,74,38,188.96,189.609
par7,I,339,0,72,61,189.523,190.566
par7,I,340,0,76,17,190.535,191.253
par7,I,341,0,77,41,191.172,192.25
par7,I,342,0,79,55,192.247,193.036
par7,I,343,0,77,47,192.843,193.571
par7,I,344,0,76,34,193.517,194.193
par7,I,0,1,72,1,0.986,1.631
par7,I,1,1,74,38,1.478,1.971
par7,I,2,1,76,57,1.891,2.59
par7,I,3,1,77,64,2.469,4.004
par7,I,4,1,76,38,3.868,4.545
par7,I,5,1,74,43,4.455,5.238
par7,I,6,1,72,58,5.111,5.858
par7,I,7,1,74,52,5.71,6.346
par7,I,8,1,76,49,6.257,6.976
par7,I,9,1,79,49,8.157,8.551
par7,I,10,1,77,54,6.877,9.017
par7,I,11,1,76,1,8.877,9.172
par7,I,12,1,77,68,9.116,9.524
par7,I,13,1,76,55,9.444,9.986
par7,I,14,1,74,46,9.937,10.523
par7,I,15,1,74,23,11.247,11.578
par7,I,16,1,72,58,10.447,12.008
par7,I,17,1,74,54,11.94,12.493
par7,I,18,1,76,59,12.381,13.038
par7,I,19,1,79,51,14.152,14.62
par7,I,20,1,77,65,12.95,15.143
par7,I,21,1,76,50,15.087,15.691
par7,I,22,1,74,58,15.585,16.257
par7,I,23,1,72,54,16.162,17.3
par7,I,24,1,74,47,17.171,17.85
par7,I,25,1,76,52,17.778,18.484
par7,I,26,1,77,53,18.327,19.332
par7,I,27,1,79,51,19.193,19.786
par7,I,28,1,77,62,19.658,20.361
par7,I,29,1,76,53,20.204,21.061
par7,I,30,1,74,46,20.979,21.63
par7,I,31,1,72,52,21.491,22.05
par7,I,32,1,74,51,21.985,22.579
par7,I,33,1,76,38,22.467,23.421
par7,I,34,1,76,33,23.884,24.239
par7,I,35,1,74,51,24.276,24.881
par7,I,36,1,72,61,24.724,25.868
par7,I,37,1,77,55,23.3,26.164
par7,I,38,1,76,41,26.105,26.599
par7,I,39,1,74,52,26.516,27.038
par7,I,40,1,76,45,26.955,27.48
par7,I,41,1,77,44,27.373,28.464
par7,I,42,1,76,49,28.266,28.944
par7,I,43,1,74,46,28.881,29.516
par7,I,44,1,72,51,29.346,30.352
par7,I,45,1,74,41,30.254,30.722
par7,I,46,1,76,49,30.631,31.444
par7,I,47,1,77,63,31.465,32.222
par7,I,48,1,79,46,32.098,32.803
par7,I,49,1,77,52,32.739,33.489
par7,I,50,1,76,56,33.373,34.052
par7,I,51,1,74,51,34.009,34.612
par7,I,52,1,72,57,34.54,35.053
par7,I,53,1,74,56,35.033,35.711
par7,I,54,1,76,50,35.579,36.514
par7,I,55,1,77,40,36.511,37.097
par7,I,56,1,76,45,37.013,37.771
par7,I,57,1,74,58,37.6,38.157
par7,I,58,1,76,57,38.079,38.725
par7,I,59,1,74,56,38.625,39.272
par7,I,60,1,72,46,39.187,40.142
par7,I,61,1,74,53,40.048,40.641
par7,I,62,1,76,66,40.564,41.382
par7,I,63,1,77,60,41.224,41.895
par7,I,64,1,74,55,41.802,42.559
par7,I,65,1,72,53,42.511,43.74
par7,I,66,1,76,30,43.549,44.143
par7,I,67,1,77,42,43.988,44.87
par7,I,68,1,76,51,44.745,45.38
par7,I,69,1,74,54,45.321,45.888
par7,I,70,1,72,65,45.776,46.431
par7,I,71,1,74,37,46.4,46.733
par7,I,72,1,72,55,46.652,47.182
par7,I,73,1,71,52,47.138,47.498
par7,I,74,1,72,52,47.491,48.204
par7,I,75,1,74,53,48.119,48.751
par7,I,76,1,76,40,48.662,49.909
par7,I,77,1,77,58,49.717,50.402
par7,I,78,1,76,27,50.295,50.918
par7,I,79,1,74,49,50.844,51.781
par7,I,80,1,72,60,51.701,52.042
par7,I,81,1,74,51,52.026,52.363
par7,I,82,1,72,58,52.329,52.729
par7,I,83,1,76,49,52.925,53.851
par7,I,84,1,77,1,53.826,54.475
par7,I,85,1,76,48,54.762,55.403
par7,I,86,1,76,39,55.849,56.421
par7,I,87,1,77,66,55.347,56.598
par7,I,88,1,79,45,56.522,57.232
par7,I,89,1,77,50,57.124,57.658
par7,I,90,1,77,11,57.785,58.252
par7,I,91,1,76,48,58.137,58.565
par7,I,92,1,77,57,58.529,58.961
par7,I,93,1,76,46,58.865,59.497
par7,I,94,1,74,24,59.551,60.097
par7,I,95,1,72,45,60.0,60.493
par7,I,96,1,74,42,60.484,60.92
par7,I,97,1,72,52,60.846,61.818
par7,I,98,1,74,35,61.494,61.976
par7,I,99,1,76,27,61.896,63.081
par7,I,100,1,74,17,62.472,63.858
par7,I,101,1,77,36,63.745,64.3
par7,I,102,1,76,47,64.214,64.708
par7,I,103,1,74,48,64.64,65.422
par7,I,104,1,79,50,65.389,66.113
par7,I,105,1,77,58,66.017,66.365
par7,I,106,1,76,52,66.627,66.942
par7,I,107,1,74,40,67.209,67.411
par7,I,108,1,72,41,67.719,68.018
par7,I,109,1,74,32,68.143,68.748
par7,I,110,1,76,31,68.656,69.176
par7,I,111,1,74,30,69.18,69.786
par7,I,112,1,72,36,69.681,70.04
par7,I,113,1,74,39,70.046,70.619
par7,I,114,1,76,38,70.558,71.451
par7,I,115,1,77,42,71.432,72.447
par7,I,116,1,79,50,72.388,72.938
par7,I,117,1,77,1,72.962,73.501
par7,I,118,1,79,49,73.485,73.857
par7,I,119,1,77,46,73.836,74.315
par7,I,120,1,76,40,74.339,74.803
par7,I,121,1,74,10,74.837,75.129
par7,I,122,1,76,37,75.112,75.573
par7,I,123,1,74,27,75.458,75.702
par7,I,124,1,72,6,75.788,76.116
par7,I,125,1,74,43,76.145,76.55
par7,I,126,1,76,33,76.545,77.467
par7,I,127,1,77,32,77.336,78.195
par7,I,128,1,79,44,78.159,78.653
par7,I,129,1,77,36,78.687,79.223
par7,I,130,1,76,37,79.249,80.064
par7,I,131,1,74,26,80.065,80.343
par7,I,132,1,72,28,80.759,81.166
par7,I,133,1,74,27,81.368,81.702
par7,I,134,1,76,30,81.889,82.606
par7,I,135,1,74,44,82.554,83.046
par7,I,136,1,77,23,83.148,83.871
par7,I,137,1,76,29,83.736,84.427
par7,I,138,1,74,1,84.726,85.262
par7,I,139,1,76,32,85.231,85.764
par7,I,140,1,74,18,85.831,86.392
par7,I,141,1,72,42,86.401,86.837
par7,I,142,1,74,8,86.858,87.574
par7,I,143,1,76,30,87.476,88.409
par7,I,144,1,77,49,88.388,89.591
par7,I,145,1,76,27,89.503,90.276
par7,I,146,1,74,27,90.268,90.657
par7,I,147,1,76,44,90.724,91.158
par7,I,148,1,74,26,91.182,91.764
par7,I,149,1,72,46,91.641,92.103
par7,I,150,1,74,25,92.003,92.582
par7,I,151,1,72,52,92.539,92.984
par7,I,152,1,74,30,92.922,93.621
par7,I,153,1,76,39,93.558,94.218
par7,I,154,1,77,44,94.241,94.688
par7,I,155,1,76,36,94.701,95.172
par7,I,156,1,74,31,95.177,95.522
par7,I,157,1,76,48,95.505,96.088
par7,I,158,1,77,48,96.004,96.725
par7,I,159,1,76,38,96.63,97.25
par7,I,160,1,77,1,97.016,97.36
par7,I,161,1,74,21,97.28,97.869
par7,I,162,1,72,44,97.747,98.312
par7,I,163,1,74,26,98.285,98.921
par7,I,164,1,72,51,98.862,99.202
par7,I,165,1,76,22,99.44,100.282
par7,I,166,1,77,49,100.232,100.68
par7,I,167,1,76,36,100.722,101.193
par7,I,168,1,77,39,101.183,102.361
par7,I,169,1,74,1,102.015,102.967
par7,I,170,1,76,42,102.959,103.658
par7,I,171,1,74,24,103.953,105.171
par7,I,172,1,72,21,105.186,105.613
par7,I,173,1,74,32,105.698,106.236
par7,I,174,1,76,35,106.248,106.897
par7,I,175,1,77,37,106.71,107.128
par7,I,176,1,77,47,107.346,107.642
par7,I,177,1,76,16,108.162,109.115
par7,I,178,1,74,1,109.303,110.847
par7,I,179,1,71,29,110.71,111.388
par7,I,180,1,72,45,111.305,111.947
par7,I,181,1,71,44,111.848,112.312
par7,I,182,1,72,53,112.234,112.532
par7,I,183,1,74,1,112.91,113.083
par7,I,184,1,77,4,113.79,114.144
par7,I,185,1,72,14,113.092,114.493
par7,I,186,1,77,45,114.529,114.797
par7,I,187,1,79,13,113.779,114.906
par7,I,188,1,76,23,114.976,115.995
par7,I,189,1,77,53,115.057,116.134
par7,I,190,1,74,43,116.036,116.585
par7,I,191,1,76,38,116.532,117.335
par7,I,192,1,74,36,117.207,117.423
par7,I,193,1,72,30,117.352,117.808
par7,I,194,1,74,38,117.853,118.358
par7,I,195,1,72,51,118.361,118.873
par7,I,196,1,76,54,118.841,119.531
par7,I,197,1,77,41,119.393,120.455
par7,I,198,1,76,38,120.171,120.771
par7,I,199,1,76,50,122.714,123.43
par7,I,200,1,77,1,120.75,123.495
par7,I,201,1,74,51,123.387,124.453
par7,I,202,1,72,49,124.358,124.814
par7,I,203,1,74,45,124.763,125.607
par7,I,204,1,74,1,125.881,126.114
par7,I,205,1,76,48,125.34,126.23
par7,I,206,1,77,56,126.087,126.777
par7,I,207,1,79,46,126.768,127.792
par7,I,208,1,77,39,127.664,128.145
par7,I,209,1,79,49,128.125,128.704
par7,I,210,1,77,38,128.571,129.242
par7,I,211,1,76,23,129.2,130.114
par7,I,212,1,74,42,130.052,130.606
par7,I,213,1,72,49,130.556,131.06
par7,I,214,1,74,31,131.052,131.57
par7,I,215,1,76,36,131.461,132.721
par7,I,216,1,77,34,132.038,132.745
par7,I,217,1,79,59,132.665,133.482
par7,I,218,1,77,45,133.179,134.087
par7,I,219,1,76,31,133.711,134.5
par7,I,220,1,77,64,134.452,134.943
par7,I,221,1,76,52,134.829,135.268
par7,I,222,1,74,33,135.324,135.848
par7,I,223,1,72,44,135.799,136.389
par7,I,224,1,74,30,136.253,136.978
par7,I,225,1,76,37,136.77,137.22
par7,I,226,1,74,3,137.186,137.406
par7,I,227,1,72,5,137.205,137.766
par7,I,228,1,76,41,138.179,138.482
par7,I,229,1,74,56,137.71,139.066
par7,I,230,1,77,42,139.15,139.738
par7,I,231,1,76,46,139.56,140.114
par7,I,232,1,76,1,141.358,141.566
par7,I,233,1,74,30,141.413,141.842
par7,I,234,1,76,59,141.815,142.369
par7,I,235,1,77,48,142.268,143.244
par7,I,236,1,77,55,143.583,144.012
par7,I,237,1,79,50,143.147,144.048
par7,I,238,1,76,55,143.973,144.487
par7,I,239,1,74,36,144.509,144.924
par7,I,240,1,72,54,144.917,145.502
par7,I,241,1,74,42,145.452,145.882
par7,I,242,1,72,61,145.795,146.188
par7,I,243,1,74,39,146.124,146.53
par7,I,244,1,76,46,146.427,147.097
par7,I,245,1,77,53,147.104,147.788
par7,I,246,1,79,49,147.777,148.414
par7,I,247,1,77,49,148.269,148.819
par7,I,248,1,76,30,148.832,149.269
par7,I,249,1,74,44,149.263,149.985
par7,I,250,1,72,32,149.951,150.821
par7,I,251,1,74,30,150.754,151.721
par7,I,252,1,77,43,151.752,152.335
par7,I,253,1,76,48,152.202,152.799
par7,I,254,1,79,34,152.774,153.65
par7,I,255,1,77,1,153.582,154.036
par7,I,256,1,77,1,154.209,154.695
par7,I,257,1,76,43,154.62,155.149
par7,I,258,1,77,59,155.101,155.596
par7,I,259,1,76,36,155.447,155.908
par7,I,260,1,74,17,155.935,156.569
par7,I,261,1,72,48,156.445,157.086
par7,I,262,1,74,12,156.906,157.683
par7,I,263,1,72,53,157.606,158.227
par7,I,264,1,74,34,158.12,158.798
par7,I,265,1,76,33,158.641,159.329
par7,I,266,1,76,1,159.613,160.668
par7,I,267,1,77,30,160.671,161.329
par7,I,268,1,79,35,161.188,162.289
par7,I,269,1,77,27,162.288,163.013
par7,I,270,1,76,23,162.966,163.966
par7,I,271,1,77,46,163.927,164.452
par7,I,272,1,76,38,164.377,165.084
par7,I,273,1,74,14,165.119,165.985
par7,I,274,1,72,46,165.784,166.767
par7,I,275,1,71,34,166.693,167.263
par7,I,276,1,72,29,167.165,167.553
par7,I,277,1,71,15,167.543,168.094
par7,I,278,1,72,40,168.143,168.428
par7,I,279,1,72,53,168.617,168.996
par7,I,280,1,74,31,168.975,169.477
par7,I,281,1,76,45,169.354,170.041
par7,I,282,1,77,63,169.905,170.309
par7,I,283,1,79,45,170.557,171.055
par7,I,284,1,77,47,171.013,171.579
par7,I,285,1,76,46,171.504,172.183
par7,I,286,1,74,34,172.168,172.745
par7,I,287,1,72,51,172.661,173.126
par7,I,288,1,74,23,173.139,173.55
par7,I,289,1,76,46,173.508,174.079
par7,I,290,1,77,55,173.999,175.128
par7,I,291,1,76,40,174.698,175.193
par7,I,292,1,74,25,175.189,175.553
par7,I,293,1,72,21,176.002,176.956
par7,I,294,1,74,35,176.849,177.258
par7,I,295,1,76,28,177.317,177.783
par7,I,296,1,77,41,177.765,178.179
par7,I,297,1,77,43,178.605,179.871
par7,I,298,1,72,23,180.028,180.45
par7,I,299,1,76,50,180.55,181.062
par7,I,300,1,79,49,181.051,181.952
par7,I,301,1,77,53,181.664,182.192
par7,I,302,1,76,52,182.075,182.672
par7,I,303,1,74,26,182.69,183.588
par7,I,304,1,72,39,183.497,183.972
par7,I,305,1,74,26,183.971,184.964
par7,I,306,1,76,39,184.437,185.043
par7,I,307,1,77,48,184.932,186.05
par7,I,308,1,79,61,186.0,186.577
par7,I,309,1,77,44,186.46,186.869
par7,I,310,1,77,31,187.225,188.009
par7,I,311,1,79,44,186.843,188.16
par7,I,312,1,76,57,187.908,188.939
par7,I,313,1,74,40,188.833,189.423
par7,I,314,1,72,39,189.401,189.826
par7,I,315,1,74,51,189.878,190.445
par7,I,316,1,76,51,190.411,192.095
par7,I,317,1,77,50,190.908,192.15
par7,I,318,1,79,12,191.933,192.345
par7,I,319,1,77,53,192.693,193.293
par7,I,320,1,76,51,193.2,193.673
par7,I,321,1,74,40,193.619,194.112
par8,S,0,0,79,48,4.809,5.072
par8,S,1,0,72,49,5.513,5.768
par8,S,2,0,74,58,6.104,6.292
par8,S,3,0,76,59,6.566,6.762
par8,S,4,0,77,61,7.034,7.245
par8,S,5,0,79,68,7.379,7.603
par8,S,6,0,72,47,7.929,8.246
par8,S,7,0,74,55,8.277,8.547
par8,S,8,0,76,37,8.594,8.894
par8,S,9,0,77,40,8.881,9.15
par8,S,10,0,79,53,9.154,9.397
par8,S,11,0,72,61,9.619,10.016
par8,S,12,0,74,59,9.914,10.259
par8,S,13,0,76,52,10.217,10.546
par8,S,14,0,77,50,10.472,10.776
par8,S,15,0,79,36,10.714,10.992
par8,S,16,0,72,59,11.391,11.987
par8,S,17,0,74,57,11.694,12.032
par8,S,18,0,76,65,11.971,12.212
par8,S,19,0,77,26,12.275,12.574
par8,S,20,0,79,55,12.59,12.843
par8,S,21,0,79,66,14.624,14.841
par8,S,22,0,77,58,15.02,15.212
par8,S,23,0,76,67,15.401,15.586
par8,S,24,0,74,67,15.727,15.902
par8,S,25,0,72,72,16.045,16.244
par8,S,26,0,79,70,16.636,16.848
par8,S,27,0,77,55,17.027,17.23
par8,S,28,0,76,72,17.409,17.601
par8,S,29,0,74,66,17.739,17.922
par8,S,30,0,72,73,18.055,18.261
par8,S,31,0,79,72,18.573,18.797
par8,S,32,0,77,57,18.955,19.157
par8,S,33,0,76,64,19.366,19.558
par8,S,34,0,74,62,19.734,19.929
par8,S,35,0,72,62,20.104,20.308
par8,S,36,0,79,65,20.596,20.831
par8,S,37,0,77,56,21.009,21.219
par8,S,38,0,76,64,21.386,21.584
par8,S,39,0,74,65,21.757,21.932
par8,S,40,0,72,74,22.114,22.313
par8,S,41,0,74,67,24.094,24.242
par8,S,42,0,76,66,24.457,24.644
par8,S,43,0,77,62,24.816,25.016
par8,S,44,0,79,64,25.198,25.409
par8,S,45,0,72,71,25.592,25.833
par8,S,46,0,74,70,26.219,26.393
par8,S,47,0,76,65,26.582,26.762
par8,S,48,0,77,53,26.948,27.142
par8,S,49,0,79,56,27.281,27.508
par8,S,50,0,72,66,27.67,27.899
par8,S,51,0,74,67,28.382,28.547
par8,S,52,0,76,70,28.736,28.91
par8,S,53,0,77,57,29.08,29.29
par8,S,54,0,79,62,29.413,29.637
par8,S,55,0,72,69,29.763,29.979
par8,S,56,0,74,66,30.404,30.551
par8,S,57,0,76,57,30.698,30.89
par8,S,58,0,77,54,31.139,31.336
par8,S,59,0,79,62,31.498,31.725
par8,S,60,0,72,68,31.875,32.109
par8,S,61,0,77,61,34.22,34.412
par8,S,62,0,76,73,34.801,34.999
par8,S,63,0,74,74,35.284,35.475
par8,S,64,0,72,70,35.72,35.926
par8,S,65,0,79,76,36.179,36.389
par8,S,66,0,77,60,36.888,37.095
par8,S,67,0,76,50,37.234,37.476
par8,S,68,0,74,60,37.615,37.789
par8,S,69,0,72,69,37.964,38.168
par8,S,70,0,79,76,38.329,38.549
par8,S,71,0,77,68,39.027,39.24
par8,S,72,0,76,51,39.372,39.612
par8,S,73,0,74,67,39.744,39.937
par8,S,74,0,72,65,40.055,40.285
par8,S,75,0,79,77,40.401,40.616
par8,S,76,0,77,57,41.078,41.344
par8,S,77,0,76,61,41.484,41.751
par8,S,78,0,74,68,41.85,42.044
par8,S,79,0,72,70,42.219,42.443
par8,S,80,0,79,74,42.59,42.794
par8,S,81,0,76,69,45.01,45.203
par8,S,82,0,77,61,45.46,45.669
par8,S,83,0,79,67,45.96,46.178
par8,S,84,0,74,74,47.303,47.477
par8,S,85,0,72,74,47.72,47.926
par8,S,86,0,76,68,48.799,48.989
par8,S,87,0,77,59,49.174,49.379
par8,S,88,0,79,63,49.534,49.743
par8,S,89,0,74,77,49.952,50.138
par8,S,90,0,72,72,50.325,50.536
par8,S,91,0,76,70,50.929,51.136
par8,S,92,0,77,65,51.307,51.488
par8,S,93,0,79,67,51.693,51.914
par8,S,94,0,74,68,52.105,52.301
par8,S,95,0,72,74,52.48,52.711
par8,S,96,0,76,63,53.07,53.284
par8,S,97,0,77,60,53.512,53.719
par8,S,98,0,79,66,53.932,54.175
par8,S,99,0,74,66,54.392,54.587
par8,S,100,0,72,73,54.827,55.043
par8,S,101,0,76,60,57.407,57.596
par8,S,102,0,74,73,57.85,58.028
par8,S,103,0,72,72,58.238,58.463
par8,S,104,0,76,67,58.676,58.869
par8,S,105,0,79,78,59.212,59.443
par8,S,106,0,76,70,59.919,60.113
par8,S,107,0,74,66,60.277,60.46
par8,S,108,0,72,72,60.651,60.877
par8,S,109,0,77,61,61.076,61.275
par8,S,110,0,79,67,61.452,61.667
par8,S,111,0,76,68,62.061,62.297
par8,S,112,0,74,70,62.467,62.684
par8,S,113,0,72,66,62.826,63.058
par8,S,114,0,77,63,63.29,63.498
par8,S,115,0,79,73,63.676,63.933
par8,S,116,0,76,29,64.337,64.439
par8,S,117,0,74,73,64.337,64.54
par8,S,118,0,76,30,64.904,65.119
par8,S,119,0,74,72,65.329,65.513
par8,S,120,0,72,67,65.733,65.961
par8,S,121,0,77,55,66.183,66.377
par8,S,122,0,79,63,66.554,66.783
par8,S,123,0,76,70,67.443,67.653
par8,S,124,0,74,68,67.86,68.055
par8,S,125,0,72,63,68.228,68.434
par8,S,126,0,77,62,68.646,68.836
par8,S,127,0,79,68,69.09,69.319
par8,S,128,0,77,64,70.49,70.697
par8,S,129,0,79,67,70.926,71.154
par8,S,130,0,76,64,71.373,71.598
par8,S,131,0,74,67,71.809,72.0
par8,S,132,0,72,72,72.244,72.455
par8,S,133,0,77,42,72.852,73.146
par8,S,134,0,79,68,73.473,73.662
par8,S,135,0,76,76,73.98,74.161
par8,S,136,0,74,79,74.357,74.539
par8,S,137,0,72,76,74.752,74.929
par8,S,138,0,77,89,75.636,75.728
par8,S,139,0,79,75,75.992,76.086
par8,S,140,0,76,88,76.361,76.461
par8,S,141,0,74,84,76.691,76.781
par8,S,142,0,72,86,76.997,77.103
par8,S,143,0,77,55,78.541,78.742
par8,S,144,0,79,71,78.985,79.179
par8,S,145,0,76,72,79.392,79.607
par8,S,146,0,74,73,79.711,79.995
par8,S,147,0,72,73,80.011,80.206
par8,S,148,0,74,65,83.305,83.493
par8,S,149,0,76,64,83.707,83.921
par8,S,150,0,77,66,84.146,84.406
par8,S,151,0,76,69,85.397,85.611
par8,S,152,0,74,69,86.996,87.179
par8,S,153,0,72,81,87.539,87.769
par8,S,154,0,76,70,88.043,88.266
par8,S,155,0,77,65,88.512,88.71
par8,S,156,0,79,72,88.929,89.155
par8,S,157,0,74,74,89.517,89.711
par8,S,158,0,72,74,89.967,90.182
par8,S,159,0,76,67,90.439,90.645
par8,S,160,0,77,62,90.858,91.05
par8,S,161,0,79,75,91.291,91.539
par8,S,162,0,74,75,91.942,92.132
par8,S,163,0,72,70,92.395,92.618
par8,S,164,0,76,72,92.838,93.048
par8,S,165,0,77,69,93.234,93.432
par8,S,166,0,79,80,93.613,93.857
par8,S,167,0,74,78,94.227,94.427
par8,S,168,0,72,69,94.676,94.966
par8,S,169,0,76,72,95.127,95.339
par8,S,170,0,77,67,95.75,95.927
par8,S,171,0,79,79,96.147,96.345
par8,S,172,0,72,70,98.154,98.377
par8,S,173,0,74,71,98.646,98.828
par8,S,174,0,76,74,99.07,99.343
par8,S,175,0,77,63,99.542,99.743
par8,S,176,0,79,64,99.967,100.193
par8,S,177,0,72,74,100.592,100.837
par8,S,178,0,74,71,101.111,101.304
par8,S,179,0,76,65,101.56,101.802
par8,S,180,0,77,60,102.035,102.217
par8,S,181,0,79,62,102.355,102.599
par8,S,182,0,72,67,102.92,103.135
par8,S,183,0,74,72,103.329,103.577
par8,S,184,0,76,67,103.675,103.962
par8,S,185,0,77,45,103.991,104.254
par8,S,186,0,79,46,104.343,104.647
par8,S,187,0,74,61,105.246,105.527
par8,S,188,0,72,73,104.921,105.584
par8,S,189,0,76,57,105.504,105.987
par8,S,190,0,77,54,105.913,106.304
par8,S,191,0,79,77,106.264,106.645
par8,S,192,0,79,51,107.264,107.73
par8,S,193,0,77,54,107.62,108.011
par8,S,194,0,76,49,107.942,108.363
par8,S,195,0,74,76,108.289,108.703
par8,S,196,0,72,65,108.618,108.936
par8,S,197,0,77,40,109.833,110.205
par8,S,198,0,79,46,109.495,110.241
par8,S,199,0,76,66,110.125,110.522
par8,S,200,0,74,80,110.478,110.935
par8,S,201,0,72,56,110.823,111.285
par8,S,202,0,77,68,111.884,112.313
par8,S,203,0,79,79,111.562,112.363
par8,S,204,0,76,64,112.166,112.553
par8,S,205,0,74,74,112.491,112.902
par8,S,206,0,72,55,112.814,113.053
par8,S,207,0,77,64,113.694,114.055
par8,S,208,0,79,79,113.348,114.066
par8,S,209,0,76,76,113.947,114.35
par8,S,210,0,74,62,114.278,114.651
par8,S,211,0,72,73,114.577,114.803
par8,S,212,0,74,79,117.619,117.899
par8,S,213,0,76,60,117.981,118.186
par8,S,214,0,77,53,118.312,118.551
par8,S,215,0,79,75,118.636,118.865
par8,S,216,0,72,70,118.986,119.202
par8,S,217,0,74,80,119.588,119.793
par8,S,218,0,76,70,119.915,120.112
par8,S,219,0,77,60,120.234,120.454
par8,S,220,0,79,68,120.526,120.764
par8,S,221,0,72,74,120.968,121.179
par8,S,222,0,74,69,121.555,121.795
par8,S,223,0,76,55,121.843,122.063
par8,S,224,0,77,43,122.105,122.364
par8,S,225,0,79,28,122.397,122.675
par8,S,226,0,72,70,122.753,122.972
par8,S,227,0,74,68,123.292,123.541
par8,S,228,0,76,44,123.559,123.91
par8,S,229,0,79,39,123.919,124.034
par8,S,230,0,77,42,123.922,124.038
par8,S,231,0,77,79,124.476,124.66
par8,S,232,0,79,77,124.774,125.226
par8,S,233,0,72,78,125.064,125.291
par8,S,234,0,77,62,127.558,127.786
par8,S,235,0,76,70,128.033,128.237
par8,S,236,0,74,71,128.478,128.654
par8,S,237,0,72,73,128.853,129.08
par8,S,238,0,79,67,129.267,129.509
par8,S,239,0,77,67,129.899,130.121
par8,S,240,0,76,62,130.3,130.565
par8,S,241,0,74,71,130.659,130.912
par8,S,242,0,72,59,130.969,131.518
par8,S,243,0,79,60,131.327,131.621
par8,S,244,0,77,65,132.073,132.327
par8,S,245,0,76,66,132.408,132.712
par8,S,246,0,74,70,132.712,133.021
par8,S,247,0,79,78,133.272,133.595
par8,S,248,0,72,72,132.98,133.675
par8,S,249,0,77,64,133.946,134.454
par8,S,250,0,76,72,134.278,134.715
par8,S,251,0,74,60,134.604,135.042
par8,S,252,0,79,82,135.201,135.514
par8,S,253,0,72,57,134.905,135.576
par8,S,254,0,76,49,137.447,137.668
par8,S,255,0,77,66,137.843,138.03
par8,S,256,0,79,69,138.196,138.443
par8,S,257,0,74,71,139.084,139.271
par8,S,258,0,72,70,139.472,139.695
par8,S,259,0,76,66,139.992,140.175
par8,S,260,0,77,56,140.315,140.501
par8,S,261,0,79,67,140.612,140.892
par8,S,262,0,74,71,141.009,141.218
par8,S,263,0,72,69,141.33,141.567
par8,S,264,0,76,67,141.752,142.09
par8,S,265,0,77,59,142.075,142.336
par8,S,266,0,79,55,142.326,142.713
par8,S,267,0,74,64,142.754,143.094
par8,S,268,0,72,64,143.025,143.703
par8,S,269,0,76,64,143.578,144.269
par8,S,270,0,77,67,144.312,144.706
par8,S,271,0,79,77,144.598,145.09
par8,S,272,0,76,45,145.156,145.258
par8,S,273,0,74,44,145.14,145.762
par8,S,274,0,72,68,145.632,146.829
par8,S,275,0,76,68,149.899,150.105
par8,S,276,0,74,61,150.255,150.454
par8,S,277,0,72,68,150.577,150.805
par8,S,278,0,77,60,151.053,151.263
par8,S,279,0,79,61,151.436,151.676
par8,S,280,0,76,60,152.001,152.224
par8,S,281,0,74,65,152.327,152.743
par8,S,282,0,72,63,152.651,152.974
par8,S,283,0,77,68,155.087,155.252
par8,S,284,0,79,48,155.371,155.602
par8,S,285,0,76,69,155.848,156.149
par8,S,286,0,74,68,156.108,156.393
par8,S,287,0,72,67,156.36,157.162
par8,S,288,0,77,55,157.535,157.756
par8,S,289,0,79,60,157.91,158.149
par8,S,290,0,76,72,158.377,158.593
par8,S,291,0,74,68,158.673,158.898
par8,S,292,0,72,68,158.948,159.146
par8,S,293,0,77,71,159.351,159.572
par8,S,294,0,79,71,159.721,159.972
par8,S,295,0,77,57,161.272,161.459
par8,S,296,0,79,69,161.678,161.915
par8,S,297,0,76,59,162.222,162.49
par8,S,298,0,74,63,162.629,162.857
par8,S,299,0,72,65,162.972,163.18
par8,S,300,0,77,42,163.693,163.936
par8,S,301,0,79,67,164.117,164.373
par8,S,302,0,76,60,164.521,164.824
par8,S,303,0,74,62,164.822,165.122
par8,S,304,0,72,65,165.096,165.374
par8,S,305,0,77,64,165.664,165.897
par8,S,306,0,79,47,165.992,166.427
par8,S,307,0,76,49,166.533,166.802
par8,S,308,0,74,56,166.808,167.164
par8,S,309,0,72,66,167.085,167.452
par8,S,310,0,77,67,167.93,168.175
par8,S,311,0,79,53,168.257,168.606
par8,S,312,0,76,64,168.755,169.173
par8,S,313,0,74,77,169.035,169.42
par8,S,314,0,72,68,169.312,169.739
par8,S,315,0,74,73,172.595,172.85
par8,S,316,0,72,62,172.861,173.129
par8,S,317,0,76,67,173.139,173.4
par8,S,318,0,77,56,173.461,173.881
par8,S,319,0,79,65,173.793,174.099
par8,S,320,0,74,70,174.91,175.163
par8,S,321,0,72,37,174.979,175.248
par8,S,322,0,74,84,175.561,175.894
par8,S,323,0,72,68,175.815,176.126
par8,S,324,0,76,70,176.081,176.313
par8,S,325,0,77,70,176.309,176.57
par8,S,326,0,79,77,176.556,176.821
par8,S,327,0,74,73,177.269,177.573
par8,S,328,0,72,64,177.516,177.839
par8,S,329,0,76,72,177.799,178.069
par8,S,330,0,77,58,178.024,178.297
par8,S,331,0,79,72,178.268,178.54
par8,S,332,0,74,65,179.24,179.499
par8,S,333,0,72,70,179.454,180.088
par8,S,334,0,76,59,180.076,180.732
par8,S,335,0,77,66,180.52,180.98
par8,S,336,0,79,77,180.965,182.32
par8,S,337,0,72,66,184.679,184.944
par8,S,338,0,74,78,185.115,185.327
par8,S,339,0,76,64,185.506,185.707
par8,S,340,0,77,66,185.879,186.057
par8,S,341,0,79,64,186.192,186.442
par8,S,342,0,72,72,186.816,187.121
par8,S,343,0,74,70,187.136,187.473
par8,S,344,0,76,67,187.424,187.687
par8,S,345,0,77,45,187.71,188.055
par8,S,346,0,79,70,188.029,188.333
par8,S,347,0,74,61,188.864,189.132
par8,S,348,0,72,62,188.575,189.17
par8,S,349,0,76,72,189.086,189.443
par8,S,350,0,77,70,189.349,189.627
par8,S,351,0,79,73,189.597,189.821
par8,S,352,0,72,65,190.073,190.556
par8,S,353,0,74,68,190.315,190.628
par8,S,354,0,76,74,190.579,190.915
par8,S,355,0,77,63,190.829,191.146
par8,S,356,0,79,76,191.11,191.426
par8,S,0,1,72,71,4.855,5.209
par8,S,1,1,74,63,5.139,5.447
par8,S,2,1,76,65,5.413,5.824
par8,S,3,1,77,66,5.669,6.164
par8,S,4,1,79,79,6.013,6.276
par8,S,5,1,72,72,7.299,7.656
par8,S,6,1,74,73,7.552,7.856
par8,S,7,1,76,73,7.761,8.281
par8,S,8,1,77,64,8.086,8.489
par8,S,9,1,79,68,8.379,8.675
par8,S,10,1,72,75,9.675,10.12
par8,S,11,1,74,67,9.955,10.309
par8,S,12,1,76,70,10.227,10.64
par8,S,13,1,77,63,10.502,10.847
par8,S,14,1,79,76,10.789,11.074
par8,S,15,1,72,80,12.19,12.752
par8,S,16,1,74,75,12.45,12.895
par8,S,17,1,76,71,12.692,13.124
par8,S,18,1,77,66,12.981,13.297
par8,S,19,1,79,65,13.261,13.552
par8,S,20,1,79,69,14.577,15.127
par8,S,21,1,77,56,14.844,15.202
par8,S,22,1,76,59,15.109,15.545
par8,S,23,1,74,59,15.42,15.782
par8,S,24,1,72,72,15.712,16.05
par8,S,25,1,77,61,17.255,17.57
par8,S,26,1,79,70,16.973,17.656
par8,S,27,1,76,66,17.476,17.832
par8,S,28,1,74,65,17.773,18.12
par8,S,29,1,72,65,18.024,18.309
par8,S,30,1,77,59,19.636,20.015
par8,S,31,1,79,67,19.333,20.04
par8,S,32,1,76,57,19.906,20.291
par8,S,33,1,74,64,20.187,20.558
par8,S,34,1,72,62,20.461,20.857
par8,S,35,1,77,48,21.882,22.253
par8,S,36,1,79,53,21.58,22.307
par8,S,37,1,76,56,22.148,22.589
par8,S,38,1,74,56,22.477,22.9
par8,S,39,1,72,52,22.776,23.161
par8,S,40,1,74,69,23.734,24.21
par8,S,41,1,76,70,24.027,24.622
par8,S,42,1,77,64,24.317,24.675
par8,S,43,1,79,72,24.581,24.865
par8,S,44,1,72,72,24.888,25.298
par8,S,45,1,74,67,25.829,26.208
par8,S,46,1,76,54,26.059,26.55
par8,S,47,1,77,64,26.388,26.663
par8,S,48,1,79,58,26.618,27.226
par8,S,49,1,72,65,26.957,27.284
par8,S,50,1,74,71,27.77,28.167
par8,S,51,1,76,64,28.029,28.549
par8,S,52,1,77,66,28.333,28.737
par8,S,53,1,79,63,28.612,28.965
par8,S,54,1,72,78,28.923,29.283
par8,S,55,1,74,74,29.867,30.4
par8,S,56,1,76,73,30.145,30.696
par8,S,57,1,77,61,30.44,30.882
par8,S,58,1,79,70,30.732,31.05
par8,S,59,1,72,75,31.027,31.408
par8,S,60,1,77,55,32.794,33.183
par8,S,61,1,76,61,33.096,33.543
par8,S,62,1,74,68,33.44,33.842
par8,S,63,1,72,63,33.734,34.34
par8,S,64,1,79,72,34.048,34.404
par8,S,65,1,77,48,34.835,35.256
par8,S,66,1,76,58,35.176,35.616
par8,S,67,1,74,61,35.47,35.824
par8,S,68,1,72,65,35.744,36.357
par8,S,69,1,79,73,36.013,36.427
par8,S,70,1,77,58,36.738,37.381
par8,S,71,1,76,64,37.017,37.467
par8,S,72,1,74,62,37.309,37.698
par8,S,73,1,72,68,37.597,38.349
par8,S,74,1,79,55,37.937,38.417
par8,S,75,1,77,64,38.964,39.365
par8,S,76,1,76,69,39.241,39.777
par8,S,77,1,74,67,39.671,40.19
par8,S,78,1,79,67,40.319,40.764
par8,S,79,1,72,63,39.993,40.796
par8,S,80,1,74,1,42.613,42.827
par8,S,81,1,76,54,43.117,43.601
par8,S,82,1,77,68,43.421,43.735
par8,S,83,1,79,68,43.704,44.073
par8,S,84,1,74,63,44.077,44.34
par8,S,85,1,72,67,44.371,44.63
par8,S,86,1,76,59,45.458,45.936
par8,S,87,1,77,66,45.749,45.968
par8,S,88,1,79,41,45.964,46.28
par8,S,89,1,74,66,46.405,46.693
par8,S,90,1,72,65,46.713,46.967
par8,S,91,1,76,70,47.479,47.903
par8,S,92,1,77,62,47.769,48.018
par8,S,93,1,79,61,47.977,48.32
par8,S,94,1,74,72,48.405,48.773
par8,S,95,1,72,73,48.689,49.248
par8,S,96,1,76,64,49.316,49.719
par8,S,97,1,77,63,49.636,49.938
par8,S,98,1,74,62,50.257,50.612
par8,S,99,1,79,66,49.871,50.694
par8,S,100,1,72,66,50.561,50.841
par8,S,101,1,76,68,52.292,52.749
par8,S,102,1,74,66,52.636,53.191
par8,S,103,1,72,70,53.069,53.404
par8,S,104,1,77,61,53.911,54.131
par8,S,105,1,79,71,54.091,54.355
par8,S,106,1,76,51,54.718,55.101
par8,S,107,1,74,66,55.022,55.466
par8,S,108,1,72,75,55.323,55.574
par8,S,109,1,77,57,55.695,56.018
par8,S,110,1,79,63,55.95,56.33
par8,S,111,1,76,51,56.535,56.916
par8,S,112,1,74,68,56.855,57.246
par8,S,113,1,77,56,57.589,57.847
par8,S,114,1,72,70,57.165,57.902
par8,S,115,1,79,69,57.774,58.321
par8,S,116,1,76,59,58.48,58.896
par8,S,117,1,74,56,58.788,59.193
par8,S,118,1,72,61,59.089,59.334
par8,S,119,1,77,53,59.456,59.621
par8,S,120,1,79,51,59.831,60.202
par8,S,121,1,77,51,61.824,62.054
par8,S,122,1,79,59,62.194,62.576
par8,S,123,1,76,70,62.675,62.915
par8,S,124,1,74,64,63.081,63.373
par8,S,125,1,72,59,63.486,63.787
par8,S,126,1,77,63,64.195,64.429
par8,S,127,1,79,43,64.485,65.055
par8,S,128,1,76,55,64.828,65.238
par8,S,129,1,74,56,65.16,65.544
par8,S,130,1,72,64,65.456,65.777
par8,S,131,1,77,53,66.027,66.425
par8,S,132,1,76,54,66.71,67.141
par8,S,133,1,79,66,66.338,67.223
par8,S,134,1,74,71,67.044,67.443
par8,S,135,1,72,62,67.352,67.647
par8,S,136,1,77,55,67.957,68.361
par8,S,137,1,76,70,68.608,68.979
par8,S,138,1,74,66,68.864,69.23
par8,S,139,1,79,74,68.289,69.396
par8,S,140,1,72,66,69.142,69.526
par8,S,141,1,74,68,71.016,71.305
par8,S,142,1,72,57,71.3,71.684
par8,S,143,1,76,69,71.629,72.145
par8,S,144,1,77,63,71.964,72.239
par8,S,145,1,79,47,72.159,72.561
par8,S,146,1,74,70,72.852,73.286
par8,S,147,1,72,58,73.099,73.437
par8,S,148,1,76,63,73.434,73.914
par8,S,149,1,77,66,73.793,74.085
par8,S,150,1,79,73,74.041,74.485
par8,S,151,1,74,60,74.728,75.075
par8,S,152,1,72,63,75.014,75.358
par8,S,153,1,76,70,75.331,75.763
par8,S,154,1,77,68,75.663,75.923
par8,S,155,1,79,79,75.883,76.868
par8,S,156,1,74,64,76.837,77.173
par8,S,157,1,72,73,77.156,77.595
par8,S,158,1,76,69,77.49,77.959
par8,S,159,1,77,66,77.77,78.061
par8,S,160,1,79,63,78.057,78.98
par8,S,161,1,72,71,79.832,80.17
par8,S,162,1,74,62,80.169,80.447
par8,S,163,1,76,61,80.505,81.115
par8,S,164,1,77,66,80.99,81.209
par8,S,165,1,79,28,81.327,81.664
par8,S,166,1,74,67,82.352,82.69
par8,S,167,1,72,69,82.004,82.753
par8,S,168,1,76,72,82.645,83.046
par8,S,169,1,77,68,83.0,83.269
par8,S,170,1,79,56,83.243,83.714
par8,S,171,1,72,65,83.914,84.357
par8,S,172,1,74,65,84.197,84.502
par8,S,173,1,76,70,84.435,84.928
par8,S,174,1,77,63,84.787,85.045
par8,S,175,1,79,78,84.99,85.356
par8,S,176,1,74,66,85.965,86.282
par8,S,177,1,72,72,85.654,86.31
par8,S,178,1,76,69,86.21,86.612
par8,S,179,1,77,55,86.497,86.756
par8,S,180,1,79,73,86.705,87.167
par8,S,181,1,79,69,87.92,88.481
par8,S,182,1,77,41,88.208,88.735
par8,S,183,1,76,58,88.478,89.063
par8,S,184,1,74,60,88.821,89.315
par8,S,185,1,72,52,89.13,89.636
par8,S,186,1,77,64,90.229,90.589
par8,S,187,1,76,54,90.451,90.801
par8,S,188,1,79,36,89.924,90.887
par8,S,189,1,74,66,90.755,91.122
par8,S,190,1,72,59,91.035,91.474
par8,S,191,1,76,67,91.933,92.206
par8,S,192,1,79,69,91.616,92.502
par8,S,193,1,79,31,92.776,92.932
par8,S,194,1,77,45,92.735,93.174
par8,S,195,1,77,56,93.722,94.179
par8,S,196,1,76,55,93.983,94.511
par8,S,197,1,74,74,94.266,94.683
par8,S,198,1,79,79,93.388,94.793
par8,S,199,1,72,76,94.542,94.814
par8,S,200,1,77,62,95.751,97.15
par8,S,201,1,76,73,96.22,97.238
par8,S,202,1,79,59,95.194,97.471
par8,S,203,1,74,65,96.667,97.485
par8,S,204,1,72,99,97.413,98.103
par8,S,205,1,74,79,100.12,100.477
par8,S,206,1,76,68,100.403,100.655
par8,S,207,1,77,65,100.744,100.976
par8,S,208,1,79,59,101.043,101.314
par8,S,209,1,72,67,101.337,101.594
par8,S,210,1,74,76,101.905,102.188
par8,S,211,1,76,61,102.187,102.611
par8,S,212,1,77,66,102.478,102.738
par8,S,213,1,79,76,102.736,103.015
par8,S,214,1,72,66,103.01,103.27
par8,S,215,1,74,67,103.581,103.922
par8,S,216,1,76,65,103.819,104.252
par8,S,217,1,77,67,104.084,104.434
par8,S,218,1,79,77,104.373,104.718
par8,S,219,1,72,54,104.67,105.027
par8,S,220,1,74,69,105.289,105.697
par8,S,221,1,76,71,105.533,105.972
par8,S,222,1,77,67,105.832,106.1
par8,S,223,1,79,76,106.049,106.431
par8,S,224,1,72,73,106.328,106.725
par8,S,225,1,77,62,107.914,108.33
par8,S,226,1,76,52,108.234,108.656
par8,S,227,1,74,67,108.57,108.922
par8,S,228,1,72,66,108.831,109.241
par8,S,229,1,79,66,109.132,109.548
par8,S,230,1,77,58,109.75,110.081
par8,S,231,1,76,65,110.003,110.36
par8,S,232,1,74,67,110.268,110.593
par8,S,233,1,72,74,110.538,111.074
par8,S,234,1,79,71,110.826,111.509
par8,S,235,1,77,64,111.496,111.78
par8,S,236,1,76,65,111.757,112.142
par8,S,237,1,74,72,112.092,112.445
par8,S,238,1,72,59,112.349,112.781
par8,S,239,1,79,74,112.62,113.25
par8,S,240,1,77,66,113.214,113.454
par8,S,241,1,76,65,113.435,113.776
par8,S,242,1,74,74,113.721,114.01
par8,S,243,1,72,69,113.957,114.828
par8,S,244,1,79,80,114.215,114.861
par8,S,245,1,76,73,116.372,116.723
par8,S,246,1,77,72,116.638,116.862
par8,S,247,1,79,79,116.827,117.203
par8,S,248,1,74,64,117.118,117.416
par8,S,249,1,72,68,117.356,118.086
par8,S,250,1,76,70,118.409,118.793
par8,S,251,1,77,72,118.596,118.886
par8,S,252,1,74,65,119.124,119.406
par8,S,253,1,79,82,118.841,119.468
par8,S,254,1,72,67,119.329,120.207
par8,S,255,1,76,68,120.397,120.848
par8,S,256,1,77,56,120.661,120.92
par8,S,257,1,79,72,120.849,121.382
par8,S,258,1,74,67,121.255,121.511
par8,S,259,1,72,63,121.439,121.819
par8,S,260,1,76,60,122.162,122.702
par8,S,261,1,77,55,122.409,123.19
par8,S,262,1,79,64,122.709,123.205
par8,S,263,1,74,76,123.09,123.541
par8,S,264,1,72,57,123.319,123.85
par8,S,265,1,76,68,124.813,125.127
par8,S,266,1,74,76,125.046,125.417
par8,S,267,1,77,67,125.59,125.846
par8,S,268,1,72,63,125.301,125.95
par8,S,269,1,79,77,125.803,126.285
par8,S,270,1,76,64,126.496,126.806
par8,S,271,1,74,69,126.738,127.073
par8,S,272,1,77,70,127.244,127.509
par8,S,273,1,72,65,126.957,127.555
par8,S,274,1,79,80,127.444,127.977
par8,S,275,1,76,64,127.975,128.278
par8,S,276,1,74,74,128.211,128.651
par8,S,277,1,74,31,128.878,128.918
par8,S,278,1,72,61,128.495,129.101
par8,S,279,1,77,61,129.055,129.385
par8,S,280,1,79,76,129.301,129.668
par8,S,281,1,76,62,129.859,130.09
par8,S,282,1,74,74,130.038,130.355
par8,S,283,1,72,70,130.275,130.822
par8,S,284,1,77,68,130.604,130.92
par8,S,285,1,79,70,130.862,131.371
par8,S,286,1,77,70,133.44,133.721
par8,S,287,1,79,81,133.683,134.285
par8,S,288,1,76,59,134.01,134.485
par8,S,289,1,74,58,134.39,135.196
par8,S,290,1,72,78,134.786,135.246
par8,S,291,1,77,47,138.052,138.301
par8,S,292,1,79,59,138.25,138.772
par8,S,293,1,76,58,138.669,139.011
par8,S,294,1,74,68,138.925,139.322
par8,S,295,1,72,64,139.192,139.522
par8,S,296,1,77,64,139.944,140.22
par8,S,297,1,76,68,140.678,140.976
par8,S,298,1,79,72,140.17,141.093
par8,S,299,1,74,74,140.913,141.251
par8,S,300,1,72,66,141.183,141.83
par8,S,301,1,77,74,141.817,142.078
par8,S,302,1,76,59,142.797,143.099
par8,S,303,1,79,77,142.047,143.232
par8,S,304,1,74,79,143.032,143.367
par8,S,305,1,72,62,143.271,144.33
par8,S,306,1,74,58,145.129,145.683
par8,S,307,1,72,64,145.623,146.34
par8,S,308,1,76,56,146.142,146.602
par8,S,309,1,77,64,146.408,146.989
par8,S,310,1,79,71,146.653,147.125
par8,S,311,1,74,60,148.169,148.481
par8,S,312,1,72,63,148.387,148.824
par8,S,313,1,76,65,148.666,149.052
par8,S,314,1,77,60,148.92,149.27
par8,S,315,1,79,77,149.206,149.553
par8,S,316,1,74,48,149.71,150.046
par8,S,317,1,72,55,149.891,150.258
par8,S,318,1,76,60,150.208,150.665
par8,S,319,1,77,71,150.574,150.825
par8,S,320,1,79,81,150.78,151.26
par8,S,321,1,74,64,151.258,151.57
par8,S,322,1,72,59,151.5,151.828
par8,S,323,1,76,69,151.788,152.122
par8,S,324,1,77,66,152.016,152.287
par8,S,325,1,79,77,152.236,152.71
par8,S,326,1,72,75,154.443,154.819
par8,S,327,1,74,61,154.747,155.225
par8,S,328,1,76,55,155.087,155.586
par8,S,329,1,77,59,155.425,155.758
par8,S,330,1,79,76,155.698,156.126
par8,S,331,1,74,64,156.918,157.384
par8,S,332,1,72,62,156.556,157.539
par8,S,333,1,76,65,157.225,157.734
par8,S,334,1,77,56,157.523,157.818
par8,S,335,1,79,73,157.761,158.184
par8,S,336,1,72,70,158.492,159.195
par8,S,337,1,74,61,158.862,159.238
par8,S,338,1,76,67,159.144,159.685
par8,S,339,1,77,49,159.563,159.882
par8,S,340,1,79,76,159.799,160.189
par8,S,341,1,74,67,160.62,160.924
par8,S,342,1,72,71,160.351,160.984
par8,S,343,1,76,58,160.812,161.213
par8,S,344,1,77,72,161.041,161.329
par8,S,345,1,79,76,161.23,161.55
par8,S,346,1,77,44,162.131,162.595
par8,S,347,1,79,54,161.901,162.645
par8,S,348,1,76,66,162.387,162.795
par8,S,349,1,74,60,162.678,163.059
par8,S,350,1,72,60,162.945,163.224
par8,S,351,1,77,41,163.87,164.399
par8,S,352,1,76,75,164.218,164.603
par8,S,353,1,79,54,163.458,164.7
par8,S,354,1,74,77,164.47,164.813
par8,S,355,1,72,68,164.721,164.955
par8,S,356,1,77,59,165.388,165.784
par8,S,357,1,76,64,165.643,165.973
par8,S,358,1,79,73,165.159,166.114
par8,S,359,1,74,78,165.88,166.203
par8,S,360,1,72,64,166.129,166.348
par8,S,361,1,76,49,166.965,167.175
par8,S,362,1,77,49,166.974,167.241
par8,S,363,1,77,85,167.462,168.167
par8,S,364,1,76,62,167.81,168.412
par8,S,365,1,74,61,168.112,168.524
par8,S,366,1,79,56,166.611,168.574
par8,S,367,1,72,66,168.434,168.897
par8,S,368,1,74,68,169.531,169.895
par8,S,369,1,76,75,169.781,170.156
par8,S,370,1,77,71,170.026,170.329
par8,S,371,1,79,79,170.252,170.735
par8,S,372,1,72,61,170.813,171.107
par8,S,373,1,74,65,171.435,171.776
par8,S,374,1,76,75,171.659,172.013
par8,S,375,1,77,73,171.861,172.144
par8,S,376,1,79,78,172.046,172.37
par8,S,377,1,72,62,172.287,172.687
par8,S,378,1,74,61,172.917,173.566
par8,S,379,1,76,79,173.389,173.854
par8,S,380,1,77,62,173.64,173.954
par8,S,381,1,79,69,173.85,174.331
par8,S,382,1,72,46,174.165,174.593
par8,S,383,1,74,73,174.873,175.217
par8,S,384,1,76,79,175.083,175.475
par8,S,385,1,77,67,175.301,175.594
par8,S,386,1,79,74,175.489,176.26
par8,S,387,1,72,70,175.79,176.37
par8,S,388,1,77,70,177.31,177.891
par8,S,389,1,76,62,177.56,177.917
par8,S,390,1,74,72,177.795,178.159
par8,S,391,1,72,65,178.038,178.664
par8,S,392,1,79,65,178.32,178.786
par8,S,393,1,77,61,179.044,179.411
par8,S,394,1,76,74,179.325,179.68
par8,S,395,1,74,67,179.575,179.881
par8,S,396,1,72,67,179.783,180.193
par8,S,397,1,79,66,180.031,180.733
par8,S,398,1,77,11,180.743,181.041
par8,S,399,1,76,72,181.541,181.849
par8,S,400,1,77,83,181.309,181.897
par8,S,401,1,74,66,181.77,182.054
par8,S,402,1,72,76,182.008,182.334
par8,S,403,1,79,66,182.226,182.637
par8,S,404,1,77,79,182.877,183.262
par8,S,405,1,76,63,183.125,183.464
par8,S,406,1,72,42,183.454,183.524
par8,S,407,1,74,54,183.41,183.876
par8,S,408,1,74,75,184.021,184.377
par8,S,409,1,72,60,184.264,184.545
par8,S,410,1,79,68,184.476,184.776
par8,S,411,1,76,61,186.128,186.572
par8,S,412,1,77,66,186.384,186.65
par8,S,413,1,79,79,186.597,187.427
par8,S,414,1,74,59,187.342,187.636
par8,S,415,1,72,61,187.554,187.895
par8,S,416,1,76,58,188.197,188.557
par8,S,417,1,77,72,188.431,188.73
par8,S,418,1,79,78,188.664,189.18
par8,S,419,1,74,71,189.05,189.311
par8,S,420,1,72,65,189.235,189.51
par8,S,421,1,76,62,189.911,190.282
par8,S,422,1,77,74,190.141,190.469
par8,S,423,1,79,80,190.396,191.07
par8,S,424,1,74,68,190.875,191.183
par8,S,425,1,71,54,191.142,191.55
par8,S,426,1,72,49,191.137,191.708
par8,S,427,1,76,71,192.283,192.987
par8,S,428,1,77,67,192.484,193.372
par8,S,429,1,79,69,192.873,193.408
par8,S,430,1,76,16,193.16,193.416
par8,S,431,1,74,66,193.302,193.736
par8,S,432,1,72,65,193.66,194.258
par9,I,0,0,77,26,1.843,2.077
par9,I,1,0,76,47,2.452,2.714
par9,I,2,0,77,44,3.041,3.313
par9,I,3,0,76,38,3.662,3.934
par9,I,4,0,77,44,4.24,4.505
par9,I,5,0,72,33,4.916,5.19
par9,I,6,0,74,50,5.555,5.827
par9,I,7,0,76,49,6.169,6.573
par9,I,8,0,77,33,6.834,7.193
par9,I,9,0,79,53,7.478,7.801
par9,I,10,0,74,30,9.818,10.106
par9,I,11,0,76,40,10.379,10.626
par9,I,12,0,77,58,10.96,11.222
par9,I,13,0,76,41,11.534,11.835
par9,I,14,0,77,40,12.171,12.491
par9,I,15,0,76,38,12.77,13.018
par9,I,16,0,74,39,13.355,13.588
par9,I,17,0,74,31,13.978,14.247
par9,I,18,0,76,23,13.921,14.379
par9,I,19,0,77,42,14.596,14.898
par9,I,20,0,74,51,15.213,15.529
par9,I,21,0,76,1,15.33,15.563
par9,I,22,0,77,49,15.835,16.208
par9,I,23,0,79,62,16.405,16.851
par9,I,24,0,77,24,17.079,17.46
par9,I,25,0,76,40,17.656,17.934
par9,I,26,0,74,43,18.201,18.438
par9,I,27,0,72,21,18.936,19.235
par9,I,28,0,72,14,19.532,19.744
par9,I,29,0,72,19,20.136,20.363
par9,I,30,0,76,39,20.66,20.876
par9,I,31,0,76,49,21.234,21.484
par9,I,32,0,72,16,21.887,22.121
par9,I,33,0,72,1,22.43,22.655
par9,I,34,0,76,32,23.07,23.658
par9,I,35,0,77,50,24.36,24.677
par9,I,36,0,77,3,24.878,25.289
par9,I,37,0,74,44,25.554,26.236
par9,I,38,0,76,36,26.758,27.269
par9,I,39,0,77,29,27.32,27.613
par9,I,40,0,79,34,28.017,28.844
par9,I,41,0,77,44,29.129,29.874
par9,I,42,0,76,54,30.11,30.22
par9,I,43,0,76,28,30.305,31.05
par9,I,44,0,74,38,31.65,32.386
par9,I,45,0,72,14,32.663,32.737
par9,I,46,0,72,41,32.847,33.668
par9,I,47,0,76,48,34.08,34.486
par9,I,48,0,77,43,34.676,34.979
par9,I,49,0,79,22,35.292,35.625
par9,I,50,0,77,19,35.823,36.135
par9,I,51,0,76,37,36.466,36.759
par9,I,52,0,77,57,37.046,37.358
par9,I,53,0,76,39,37.673,38.563
par9,I,54,0,77,51,38.907,39.624
par9,I,55,0,74,49,39.878,39.989
par9,I,56,0,74,41,40.072,41.047
par9,I,57,0,76,36,41.357,42.075
par9,I,58,0,77,61,42.353,42.59
par9,I,59,0,77,51,42.742,43.36
par9,I,60,0,79,49,43.786,44.178
par9,I,61,0,74,33,44.392,44.668
par9,I,62,0,76,51,44.955,45.238
par9,I,63,0,72,33,45.565,45.876
par9,I,64,0,74,1,46.19,46.488
par9,I,65,0,76,45,46.768,47.065
par9,I,66,0,79,41,47.404,48.086
par9,I,67,0,77,58,48.658,49.267
par9,I,68,0,76,28,49.603,49.796
par9,I,69,0,77,42,49.846,50.301
par9,I,70,0,74,4,50.839,51.013
par9,I,71,0,76,58,51.078,51.457
par9,I,72,0,72,31,52.049,52.211
par9,I,73,0,74,56,52.24,52.841
par9,I,74,0,76,19,53.511,54.107
par9,I,75,0,77,40,54.079,54.372
par9,I,76,0,74,40,54.634,54.906
par9,I,77,0,76,55,55.209,55.537
par9,I,78,0,77,52,55.85,56.153
par9,I,79,0,79,47,56.463,56.779
par9,I,80,0,74,53,57.069,57.825
par9,I,81,0,76,25,58.287,58.908
par9,I,82,0,77,64,59.28,59.419
par9,I,83,0,76,27,59.487,60.224
par9,I,84,0,77,41,60.548,60.717
par9,I,85,0,74,42,61.729,61.884
par9,I,86,0,77,24,62.146,62.637
par9,I,87,0,76,45,63.173,63.713
par9,I,88,0,77,62,64.138,64.278
par9,I,89,0,76,30,64.361,64.641
par9,I,90,0,72,12,65.163,65.349
par9,I,91,0,72,30,65.674,65.974
par9,I,92,0,74,32,66.162,66.484
par9,I,93,0,76,26,66.809,67.383
par9,I,94,0,79,48,67.986,68.234
par9,I,95,0,77,49,68.537,68.793
par9,I,96,0,79,29,69.309,69.989
par9,I,97,0,77,44,70.311,70.459
par9,I,98,0,79,38,70.519,70.829
par9,I,99,0,76,19,71.43,71.663
par9,I,100,0,77,33,71.668,72.111
par9,I,101,0,72,46,72.917,73.288
par9,I,102,0,74,37,73.511,73.825
par9,I,103,0,76,53,74.097,74.489
par9,I,104,0,77,54,74.665,74.949
par9,I,105,0,76,45,75.334,75.642
par9,I,106,0,74,47,75.879,76.191
par9,I,107,0,76,44,76.475,77.199
par9,I,108,0,77,20,77.714,78.179
par9,I,109,0,76,26,78.328,78.565
par9,I,110,0,77,42,78.793,78.939
par9,I,111,0,76,26,79.037,79.412
par9,I,112,0,74,9,79.945,80.119
par9,I,113,0,76,13,80.211,80.65
par9,I,114,0,72,61,81.072,81.221
par9,I,115,0,74,47,81.279,81.729
par9,I,116,0,74,40,82.293,82.535
par9,I,117,0,76,36,82.497,82.99
par9,I,118,0,77,57,83.572,83.731
par9,I,119,0,77,27,83.805,84.111
par9,I,120,0,79,63,84.456,84.838
par9,I,121,0,77,36,85.032,85.455
par9,I,122,0,79,54,85.644,86.117
par9,I,123,0,77,24,86.286,86.876
par9,I,124,0,76,12,87.407,87.788
par9,I,125,0,77,16,88.062,88.333
par9,I,126,0,76,26,88.76,88.951
par9,I,127,0,74,22,89.901,90.139
par9,I,128,0,72,40,89.915,90.192
par9,I,129,0,76,30,90.961,91.046
par9,I,130,0,77,40,91.176,91.473
par9,I,131,0,79,46,92.346,92.591
par9,I,132,0,76,23,92.993,93.336
par9,I,133,0,74,37,93.527,93.804
par9,I,134,0,76,40,94.081,94.306
par9,I,135,0,77,51,94.666,94.926
par9,I,136,0,79,38,95.26,95.524
par9,I,137,0,76,24,95.857,96.578
par9,I,138,0,72,47,97.184,97.732
par9,I,139,0,76,60,98.176,98.321
par9,I,140,0,77,5,98.506,99.091
par9,I,141,0,74,1,99.605,100.144
par9,I,142,0,72,53,100.473,100.622
par9,I,143,0,74,1,100.8,101.281
par9,I,144,0,76,9,100.782,101.299
par9,I,145,0,77,32,102.027,102.323
par9,I,146,0,76,51,102.571,102.793
par9,I,147,0,74,52,103.069,103.326
par9,I,148,0,72,62,104.188,104.598
par9,I,149,0,76,49,105.412,105.575
par9,I,150,0,76,45,105.689,106.38
par9,I,151,0,77,30,106.923,107.654
par9,I,152,0,79,51,108.147,108.9
par9,I,153,0,77,37,109.26,109.501
par9,I,154,0,76,31,109.932,110.242
par9,I,155,0,74,22,110.681,111.397
par9,I,156,0,76,52,111.729,112.076
par9,I,157,0,76,39,112.261,112.655
par9,I,158,0,77,44,112.944,113.445
par9,I,159,0,79,38,114.232,114.497
par9,I,160,0,77,42,114.792,115.0
par9,I,161,0,79,30,115.386,115.97
par9,I,162,0,76,36,116.673,117.258
par9,I,163,0,77,53,117.57,117.694
par9,I,164,0,77,48,117.786,118.345
par9,I,165,0,74,23,119.099,119.726
par9,I,166,0,76,38,120.066,120.847
par9,I,167,0,74,31,121.41,121.697
par9,I,168,0,76,21,122.059,122.437
par9,I,169,0,74,29,122.696,123.015
par9,I,170,0,76,10,123.342,123.639
par9,I,171,0,72,45,123.917,124.261
par9,I,172,0,72,33,124.492,124.899
par9,I,173,0,74,31,125.211,126.011
par9,I,174,0,76,38,126.374,127.008
par9,I,175,0,72,67,127.287,127.401
par9,I,176,0,72,55,127.494,128.196
par9,I,177,0,74,71,128.738,129.464
par9,I,178,0,76,56,129.767,129.916
par9,I,179,0,76,43,130.015,130.574
par9,I,180,0,76,63,131.186,131.904
par9,I,181,0,77,53,132.391,132.995
par9,I,182,0,79,30,133.605,133.9
par9,I,183,0,76,53,134.191,134.546
par9,I,184,0,77,37,134.813,135.543
par9,I,185,0,74,28,135.962,136.328
par9,I,186,0,76,45,136.343,136.86
par9,I,187,0,74,2,137.092,137.26
par9,I,188,0,76,27,137.362,137.808
par9,I,189,0,72,44,138.443,138.587
par9,I,190,0,74,42,138.584,139.112
par9,I,191,0,72,37,139.469,139.594
par9,I,192,0,74,20,139.625,140.141
par9,I,193,0,76,32,140.838,141.266
par9,I,194,0,77,34,141.428,141.695
par9,I,195,0,79,51,142.019,142.33
par9,I,196,0,77,43,142.574,142.789
par9,I,197,0,76,37,143.14,143.457
par9,I,198,0,74,22,143.79,144.192
par9,I,199,0,77,46,144.404,144.521
par9,I,200,0,76,21,144.622,145.189
par9,I,201,0,77,40,145.745,146.324
par9,I,202,0,79,25,146.393,146.802
par9,I,203,0,77,27,146.944,147.361
par9,I,204,0,76,54,147.879,148.067
par9,I,205,0,76,33,148.118,148.679
par9,I,206,0,77,42,149.111,149.272
par9,I,207,0,76,36,149.289,149.773
par9,I,208,0,74,43,150.618,150.93
par9,I,209,0,76,37,151.249,151.541
par9,I,210,0,74,51,151.789,152.116
par9,I,211,0,76,42,152.356,152.626
par9,I,212,0,72,62,153.033,153.734
par9,I,213,0,74,59,154.007,154.129
par9,I,214,0,74,41,154.234,154.858
par9,I,215,0,76,47,155.454,155.897
par9,I,216,0,77,43,156.074,156.406
par9,I,217,0,79,32,156.728,157.047
par9,I,218,0,74,41,157.299,157.635
par9,I,219,0,76,56,157.865,158.542
par9,I,220,0,77,59,158.863,159.708
par9,I,221,0,79,41,160.235,160.561
par9,I,222,0,76,24,160.857,161.198
par9,I,223,0,77,35,161.422,161.761
par9,I,224,0,74,31,162.019,162.441
par9,I,225,0,76,23,162.625,163.304
par9,I,226,0,72,43,163.674,163.858
par9,I,227,0,74,52,163.867,164.632
par9,I,228,0,76,64,165.122,165.93
par9,I,229,0,77,60,166.182,166.361
par9,I,230,0,77,52,166.474,167.137
par9,I,231,0,76,46,167.638,168.186
par9,I,232,0,74,59,168.726,168.878
par9,I,233,0,74,42,168.977,169.579
par9,I,234,0,72,63,170.047,170.657
par9,I,235,0,74,62,170.661,171.068
par9,I,236,0,76,60,171.271,171.617
par9,I,237,0,77,65,171.835,172.118
par9,I,238,0,79,61,172.401,172.753
par9,I,239,0,77,54,173.093,173.339
par9,I,240,0,76,49,173.652,174.384
par9,I,241,0,74,58,174.82,175.56
par9,I,242,0,76,44,175.875,176.026
par9,I,243,0,74,42,176.049,176.513
par9,I,244,0,72,60,177.079,177.292
par9,I,245,0,74,38,177.313,178.098
par9,I,246,0,72,54,178.277,178.521
par9,I,247,0,74,60,178.478,179.008
par9,I,248,0,76,43,179.68,180.11
par9,I,249,0,74,27,180.281,180.613
par9,I,250,0,76,48,180.888,181.183
par9,I,251,0,77,57,181.459,181.842
par9,I,252,0,76,55,182.139,182.887
par9,I,253,0,79,59,183.163,183.332
par9,I,254,0,79,40,183.413,183.997
par9,I,255,0,76,37,184.643,185.089
par9,I,256,0,77,35,185.173,185.656
par9,I,257,0,76,36,185.737,186.327
par9,I,258,0,77,49,186.332,186.68
par9,I,259,0,76,56,187.969,188.084
par9,I,260,0,76,48,188.197,188.62
par9,I,261,0,74,30,186.945,188.764
par9,I,262,0,72,49,189.5,190.393
par9,I,263,0,74,50,190.041,190.497
par9,I,264,0,72,53,190.571,191.584
par9,I,265,0,74,48,191.161,191.701
par9,I,266,0,72,63,191.832,192.514
par9,I,267,0,74,49,192.871,193.0
par9,I,268,0,72,60,192.998,193.736
par9,I,0,1,74,51,2.482,3.414
par9,I,1,1,76,56,3.529,3.689
par9,I,2,1,74,65,3.723,4.599
par9,I,3,1,77,45,4.796,5.608
par9,I,4,1,76,77,5.057,5.747
par9,I,5,1,79,59,5.942,6.273
par9,I,6,1,77,54,6.196,6.798
par9,I,7,1,79,66,7.187,7.375
par9,I,8,1,77,92,7.384,8.023
par9,I,9,1,79,72,7.975,8.886
par9,I,10,1,77,74,8.534,9.038
par9,I,11,1,77,59,9.591,9.719
par9,I,12,1,76,66,9.739,10.404
par9,I,13,1,74,58,10.727,10.91
par9,I,14,1,72,58,11.93,12.005
par9,I,15,1,76,53,10.927,12.678
par9,I,16,1,72,36,12.092,12.793
par9,I,17,1,77,47,13.137,13.341
par9,I,18,1,74,62,13.333,14.007
par9,I,19,1,76,42,14.616,14.994
par9,I,20,1,77,63,15.234,15.689
par9,I,21,1,79,35,15.81,16.233
par9,I,22,1,77,60,16.34,16.678
par9,I,23,1,79,32,16.986,18.017
par9,I,24,1,77,45,18.114,18.314
par9,I,25,1,79,47,18.323,18.822
par9,I,26,1,74,41,19.581,20.11
par9,I,27,1,77,31,20.026,20.489
par9,I,28,1,76,45,20.576,20.798
par9,I,29,1,77,75,20.791,21.319
par9,I,30,1,74,40,21.735,21.959
par9,I,31,1,76,46,21.919,22.293
par9,I,32,1,74,60,22.917,23.039
par9,I,33,1,74,51,23.158,23.571
par9,I,34,1,72,50,22.389,23.594
par9,I,35,1,76,28,24.34,24.908
par9,I,36,1,77,58,24.829,25.122
par9,I,37,1,77,30,25.412,25.463
par9,I,38,1,79,58,25.471,25.679
par9,I,39,1,77,58,25.687,26.033
par9,I,40,1,74,48,26.595,26.762
par9,I,41,1,76,44,26.743,27.124
par9,I,42,1,77,47,27.75,27.87
par9,I,43,1,79,60,27.828,28.362
par9,I,44,1,76,13,29.078,29.305
par9,I,45,1,77,51,29.338,29.723
par9,I,46,1,74,47,30.063,30.289
par9,I,47,1,76,39,30.254,30.695
par9,I,48,1,77,41,31.661,32.134
par9,I,49,1,79,19,31.69,32.16
par9,I,50,1,76,56,32.493,32.664
par9,I,51,1,77,40,32.683,33.014
par9,I,52,1,74,25,33.863,33.989
par9,I,53,1,76,27,34.03,34.487
par9,I,54,1,72,38,34.719,35.005
par9,I,55,1,74,41,35.26,35.562
par9,I,56,1,76,56,35.841,36.113
par9,I,57,1,77,59,36.418,36.929
par9,I,58,1,79,16,37.574,37.732
par9,I,59,1,81,42,37.746,38.24
par9,I,60,1,77,46,38.67,38.823
par9,I,61,1,79,44,38.827,39.344
par9,I,62,1,76,53,39.813,39.945
par9,I,63,1,77,44,39.944,40.332
par9,I,64,1,74,42,41.123,41.365
par9,I,65,1,76,67,41.311,41.945
par9,I,66,1,74,52,42.311,42.48
par9,I,67,1,72,58,42.514,42.908
par9,I,68,1,76,68,43.816,44.065
par9,I,69,1,74,59,44.313,44.556
par9,I,70,1,77,39,44.906,45.527
par9,I,71,1,76,68,45.964,46.111
par9,I,72,1,77,59,46.195,46.567
par9,I,73,1,74,53,47.215,47.985
par9,I,74,1,76,54,47.463,48.017
par9,I,75,1,72,80,48.672,49.557
par9,I,76,1,74,66,49.928,50.654
par9,I,77,1,77,70,51.112,51.504
par9,I,78,1,79,71,51.691,52.073
par9,I,79,1,76,67,52.263,53.074
par9,I,80,1,74,73,53.539,54.214
par9,I,81,1,76,75,54.576,54.733
par9,I,82,1,72,69,54.776,55.396
par9,I,83,1,76,56,55.799,55.964
par9,I,84,1,79,53,56.011,56.543
par9,I,85,1,76,47,56.585,57.533
par9,I,86,1,79,48,57.126,57.822
par9,I,87,1,77,69,58.109,58.739
par9,I,88,1,76,62,59.358,59.491
par9,I,89,1,76,33,59.574,59.961
par9,I,90,1,74,51,60.475,60.61
par9,I,91,1,74,50,60.732,61.044
par9,I,92,1,77,44,61.477,61.78
par9,I,93,1,76,53,62.187,62.716
par9,I,94,1,74,58,63.237,63.468
par9,I,95,1,77,49,63.815,63.993
par9,I,96,1,74,31,65.205,65.458
par9,I,97,1,74,57,65.553,65.744
par9,I,98,1,76,63,68.745,69.004
par9,I,99,1,77,55,69.239,69.467
par9,I,100,1,76,54,70.411,70.683
par9,I,101,1,77,47,70.804,70.967
par9,I,102,1,74,44,71.419,71.549
par9,I,103,1,74,44,71.703,72.401
par9,I,104,1,72,65,72.944,73.446
par9,I,105,1,76,42,73.61,73.98
par9,I,106,1,74,35,74.187,74.581
par9,I,107,1,77,44,74.744,75.211
par9,I,108,1,76,43,75.307,76.028
par9,I,109,1,79,49,76.337,76.512
par9,I,110,1,79,51,76.605,77.224
par9,I,111,1,72,57,77.779,78.228
par9,I,112,1,74,25,78.389,78.656
par9,I,113,1,76,44,78.951,79.218
par9,I,114,1,77,34,79.546,79.808
par9,I,115,1,79,66,80.173,81.141
par9,I,116,1,72,67,81.213,81.326
par9,I,117,1,72,47,81.463,82.229
par9,I,118,1,76,50,82.678,83.021
par9,I,119,1,74,27,83.295,83.555
par9,I,120,1,77,55,83.824,84.136
par9,I,121,1,74,40,84.419,84.685
par9,I,122,1,77,50,85.043,86.157
par9,I,123,1,72,61,86.154,86.256
par9,I,124,1,72,45,86.347,86.967
par9,I,125,1,79,54,87.523,87.849
par9,I,126,1,79,41,88.051,88.367
par9,I,127,1,77,59,88.676,89.548
par9,I,128,1,71,25,90.238,90.324
par9,I,129,1,71,22,90.479,90.622
par9,I,130,1,76,23,91.036,91.562
par9,I,131,1,74,10,91.057,91.582
par9,I,132,1,76,46,92.326,92.598
par9,I,133,1,74,49,92.852,93.098
par9,I,134,1,72,35,93.406,93.741
par9,I,135,1,71,42,94.182,94.446
par9,I,136,1,72,47,94.792,95.336
par9,I,137,1,74,49,95.852,96.002
par9,I,138,1,76,44,96.136,96.65
par9,I,139,1,77,47,97.283,97.574
par9,I,140,1,76,48,97.818,98.037
par9,I,141,1,72,19,98.405,98.716
par9,I,142,1,76,28,99.059,99.329
par9,I,143,1,74,22,99.662,100.176
par9,I,144,1,76,56,100.599,100.712
par9,I,145,1,76,45,100.826,101.283
par9,I,146,1,71,60,102.039,102.384
par9,I,147,1,71,36,102.557,102.948
par9,I,148,1,74,12,103.218,103.363
par9,I,149,1,72,47,103.444,103.974
par9,I,150,1,74,50,104.407,104.585
par9,I,151,1,76,13,104.679,105.094
par9,I,152,1,77,54,105.516,105.693
par9,I,153,1,76,37,105.789,106.19
par9,I,154,1,74,42,106.947,107.23
par9,I,155,1,72,52,107.556,107.935
par9,I,156,1,76,29,108.094,108.574
par9,I,157,1,72,49,108.756,108.961
par9,I,158,1,71,36,109.338,109.983
par9,I,159,1,71,63,110.31,110.49
par9,I,160,1,74,29,110.604,111.219
par9,I,161,1,71,43,111.583,111.751
par9,I,162,1,74,22,111.861,112.389
par9,I,163,1,76,41,112.787,112.982
par9,I,164,1,72,38,113.053,113.622
par9,I,165,1,76,33,113.974,114.166
par9,I,166,1,72,46,114.222,114.52
par9,I,167,1,74,57,115.192,115.442
par9,I,168,1,77,29,115.44,116.009
par9,I,169,1,76,47,116.382,117.083
par9,I,170,1,74,40,117.644,117.851
par9,I,171,1,72,63,118.234,118.568
par9,I,172,1,74,33,119.104,119.682
par9,I,173,1,72,56,120.064,120.242
par9,I,174,1,74,33,120.308,120.763
par9,I,175,1,71,45,121.316,121.447
par9,I,176,1,72,44,121.59,121.882
par9,I,177,1,69,54,122.147,122.357
par9,I,178,1,72,56,122.764,123.314
par9,I,179,1,69,62,123.659,123.724
par9,I,180,1,69,62,123.848,124.514
par9,I,181,1,71,57,124.889,125.095
par9,I,182,1,74,38,125.161,125.709
par9,I,183,1,76,52,126.213,126.555
par9,I,184,1,72,49,126.848,126.992
par9,I,185,1,72,68,127.258,127.359
par9,I,186,1,72,66,127.458,128.573
par9,I,187,1,76,52,128.772,129.337
par9,I,188,1,74,36,129.375,129.76
par9,I,189,1,76,49,130.027,130.552
par9,I,190,1,71,75,131.209,131.932
par9,I,191,1,74,62,132.234,132.378
par9,I,192,1,74,36,132.486,133.04
par9,I,193,1,69,64,133.633,134.363
par9,I,194,1,71,63,134.709,134.817
par9,I,195,1,71,58,134.91,135.451
par9,I,196,1,74,34,136.063,136.404
par9,I,197,1,72,49,136.595,136.828
par9,I,198,1,71,51,137.195,137.489
par9,I,199,1,76,48,137.8,138.02
par9,I,200,1,77,48,138.393,138.985
par9,I,201,1,74,30,139.48,139.657
par9,I,202,1,76,39,139.725,140.212
par9,I,203,1,72,35,140.749,141.397
par9,I,204,1,71,1,141.824,141.994
par9,I,205,1,71,45,142.147,142.878
par9,I,206,1,74,22,143.466,144.115
par9,I,207,1,71,39,144.405,144.58
par9,I,208,1,74,22,144.673,145.231
par9,I,209,1,71,73,145.708,146.6
par9,I,210,1,74,7,147.09,147.723
par9,I,211,1,71,3,148.361,149.024
par9,I,212,1,74,13,149.477,150.06
par9,I,213,1,74,49,151.239,151.581
par9,I,214,1,71,70,150.721,151.756
par9,I,215,1,74,39,151.863,152.258
par9,I,216,1,71,52,152.474,152.798
par9,I,217,1,74,39,153.114,153.49
par9,I,218,1,72,51,153.711,154.113
par9,I,219,1,76,53,154.282,155.223
par9,I,220,1,74,50,155.506,156.041
par9,I,221,1,77,36,156.068,156.6
par9,I,222,1,76,43,156.671,157.015
par9,I,223,1,74,44,157.304,157.686
par9,I,224,1,76,42,157.891,158.423
par9,I,225,1,72,1,159.054,159.318
par9,I,226,1,71,69,159.305,159.757
par9,I,227,1,72,40,160.266,160.461
par9,I,228,1,74,51,160.489,161.039
par9,I,229,1,71,35,161.362,161.522
par9,I,230,1,72,46,161.536,161.983
par9,I,231,1,69,52,162.194,162.664
par9,I,232,1,71,53,162.806,163.132
par9,I,233,1,72,63,163.393,163.703
par9,I,234,1,74,54,163.994,164.323
par9,I,235,1,76,58,164.58,164.891
par9,I,236,1,77,56,165.16,165.711
par9,I,237,1,76,44,166.128,166.259
par9,I,238,1,76,48,166.401,166.857
par9,I,239,1,74,46,167.097,167.369
par9,I,240,1,72,50,167.655,168.0
par9,I,241,1,74,51,168.25,168.649
par9,I,242,1,71,57,168.862,169.464
par9,I,243,1,74,44,169.414,169.806
par9,I,244,1,71,62,169.85,170.036
par9,I,245,1,72,65,170.061,170.812
par9,I,246,1,71,51,171.068,171.218
par9,I,247,1,72,46,171.26,171.622
par9,I,248,1,74,44,171.944,172.202
par9,I,249,1,76,33,172.498,172.802
par9,I,250,1,74,55,173.012,173.237
par9,I,251,1,72,41,173.498,173.772
par9,I,252,1,76,41,173.855,174.314
par9,I,253,1,71,62,174.69,174.89
par9,I,254,1,72,23,174.965,175.491
par9,I,255,1,74,48,175.757,175.963
par9,I,256,1,72,33,176.035,176.579
par9,I,257,1,76,46,176.737,177.064
par9,I,258,1,77,35,177.338,177.818
par9,I,259,1,76,35,178.006,178.237
par9,I,260,1,74,45,178.586,179.288
par9,I,261,1,72,49,179.628,179.786
par9,I,262,1,76,38,179.844,180.423
par9,I,263,1,71,56,180.855,180.997
par9,I,264,1,74,42,181.076,181.586
par9,I,265,1,72,56,182.043,182.226
par9,I,266,1,76,38,182.283,182.793
par9,I,267,1,74,40,183.285,183.455
par9,I,268,1,77,41,183.508,183.998
par9,I,269,1,74,36,184.106,184.628
par9,I,270,1,76,39,184.695,185.321
par9,I,271,1,72,54,185.373,185.87
par9,I,272,1,74,49,185.931,186.826
par9,I,273,1,71,9,187.039,187.253
par9,I,274,1,74,32,187.331,187.832
par9,I,275,1,72,53,188.183,188.351
par9,I,276,1,76,45,188.432,188.985
par9,I,277,1,74,31,189.299,189.506
par9,I,278,1,77,45,189.535,190.098
par9,I,279,1,74,48,190.149,190.705
par9,I,280,1,76,39,190.746,191.26
par9,I,281,1,72,46,191.274,191.628
par9,I,282,1,74,29,191.747,191.984
par9,I,283,1,72,40,192.054,192.453
par9,I,284,1,71,32,192.048,192.496
par9,I,285,1,74,31,193.034,193.184
par9,I,286,1,72,38,193.244,193.631
par9,I,287,1,71,62,193.884,194.216
par10,S,0,0,72,34,0.924,1.165
par10,S,1,0,74,60,1.476,1.634
par10,S,2,0,76,45,1.849,2.039
par10,S,3,0,77,57,2.331,2.521
par10,S,4,0,79,36,2.732,3.003
par10,S,5,0,72,22,3.43,3.648
par10,S,6,0,74,58,3.856,4.017
par10,S,7,0,76,49,4.252,4.435
par10,S,8,0,77,46,4.655,4.815
par10,S,9,0,79,5,5.069,5.323
par10,S,10,0,72,44,5.606,5.788
par10,S,11,0,74,60,6.085,6.25
par10,S,12,0,76,52,6.461,6.628
par10,S,13,0,77,59,6.923,7.109
par10,S,14,0,79,32,7.312,7.539
par10,S,15,0,72,52,7.812,7.968
par10,S,16,0,74,59,8.276,8.424
par10,S,17,0,76,58,8.66,8.844
par10,S,18,0,77,56,9.194,9.365
par10,S,19,0,79,38,9.665,9.884
par10,S,20,0,72,45,10.162,10.344
par10,S,21,0,74,48,10.619,10.767
par10,S,22,0,76,56,11.063,11.22
par10,S,23,0,77,56,11.549,11.696
par10,S,24,0,79,33,11.979,12.175
par10,S,25,0,79,45,12.49,12.698
par10,S,26,0,77,57,13.256,13.388
par10,S,27,0,76,64,13.655,13.804
par10,S,28,0,74,61,14.132,14.272
par10,S,29,0,72,43,14.566,14.73
par10,S,30,0,79,38,14.998,15.242
par10,S,31,0,77,52,15.5,15.657
par10,S,32,0,76,57,15.954,16.1
par10,S,33,0,74,58,16.37,16.507
par10,S,34,0,72,49,16.76,16.918
par10,S,35,0,79,47,17.164,17.39
par10,S,36,0,77,41,17.675,17.83
par10,S,37,0,76,55,18.138,18.28
par10,S,38,0,74,54,18.583,18.72
par10,S,39,0,72,46,18.967,19.138
par10,S,40,0,79,46,19.418,19.654
par10,S,41,0,77,46,20.114,20.236
par10,S,42,0,76,59,20.506,20.664
par10,S,43,0,74,52,20.915,21.047
par10,S,44,0,72,44,21.308,21.46
par10,S,45,0,79,54,21.714,21.917
par10,S,46,0,77,45,22.236,22.361
par10,S,47,0,76,50,22.698,22.858
par10,S,48,0,74,38,23.209,23.368
par10,S,49,0,72,46,23.593,23.746
par10,S,50,0,79,46,23.954,24.153
par10,S,51,0,77,50,24.418,24.591
par10,S,52,0,76,52,24.848,25.001
par10,S,53,0,74,55,25.29,25.422
par10,S,54,0,72,41,25.699,25.844
par10,S,55,0,76,6,28.24,28.433
par10,S,56,0,77,56,28.707,28.854
par10,S,57,0,77,35,30.466,30.701
par10,S,58,0,79,55,30.903,31.159
par10,S,59,0,72,42,33.052,33.225
par10,S,60,0,74,62,33.764,33.93
par10,S,61,0,76,48,34.151,34.337
par10,S,62,0,77,58,34.498,34.672
par10,S,63,0,79,52,34.853,35.115
par10,S,64,0,72,50,35.662,35.845
par10,S,65,0,74,56,36.301,36.465
par10,S,66,0,76,52,36.646,36.806
par10,S,67,0,77,50,36.999,37.163
par10,S,68,0,79,42,37.367,37.594
par10,S,69,0,72,46,37.802,37.988
par10,S,70,0,74,51,38.54,38.661
par10,S,71,0,76,56,38.896,39.041
par10,S,72,0,77,56,39.239,39.403
par10,S,73,0,79,51,39.602,39.794
par10,S,74,0,72,54,40.022,40.229
par10,S,75,0,74,47,40.974,41.118
par10,S,76,0,76,48,41.43,41.585
par10,S,77,0,77,47,41.778,41.947
par10,S,78,0,79,27,42.166,42.414
par10,S,79,0,72,43,42.68,42.875
par10,S,80,0,74,43,43.475,43.635
par10,S,81,0,76,47,43.914,44.065
par10,S,82,0,77,47,44.28,44.436
par10,S,83,0,79,52,44.642,44.872
par10,S,84,0,72,45,45.109,45.324
par10,S,85,0,74,54,45.843,45.983
par10,S,86,0,76,57,46.204,46.372
par10,S,87,0,77,47,46.556,46.702
par10,S,88,0,79,49,46.912,47.094
par10,S,89,0,72,43,47.35,47.53
par10,S,90,0,77,46,48.747,48.915
par10,S,91,0,76,43,49.153,49.36
par10,S,92,0,74,53,49.56,49.731
par10,S,93,0,72,35,49.976,50.151
par10,S,94,0,79,60,50.408,50.64
par10,S,95,0,77,44,51.151,51.328
par10,S,96,0,76,64,51.549,51.717
par10,S,97,0,74,58,51.942,52.074
par10,S,98,0,72,34,52.352,52.488
par10,S,99,0,79,37,52.776,52.979
par10,S,100,0,77,45,53.358,53.525
par10,S,101,0,76,59,53.762,53.901
par10,S,102,0,74,56,54.179,54.341
par10,S,103,0,72,44,54.594,54.72
par10,S,104,0,79,49,55.332,55.502
par10,S,105,0,77,53,56.097,56.304
par10,S,106,0,76,55,56.536,56.689
par10,S,107,0,74,42,56.938,57.113
par10,S,108,0,72,33,57.374,57.556
par10,S,109,0,79,58,58.013,58.201
par10,S,110,0,77,45,58.54,58.671
par10,S,111,0,76,45,58.921,59.052
par10,S,112,0,74,56,59.359,59.496
par10,S,113,0,72,36,59.761,59.896
par10,S,114,0,79,62,60.165,60.356
par10,S,115,0,76,50,61.87,62.04
par10,S,116,0,77,49,62.264,62.421
par10,S,117,0,79,41,62.639,62.871
par10,S,118,0,74,38,63.33,63.507
par10,S,119,0,72,39,63.782,63.944
par10,S,120,0,76,50,64.704,64.872
par10,S,121,0,77,51,65.045,65.22
par10,S,122,0,79,54,65.384,65.618
par10,S,123,0,74,65,66.401,66.548
par10,S,124,0,72,38,66.782,66.911
par10,S,125,0,76,54,67.416,67.566
par10,S,126,0,77,47,67.758,67.929
par10,S,127,0,79,46,68.122,68.359
par10,S,128,0,74,54,68.943,69.095
par10,S,129,0,72,38,69.366,69.508
par10,S,130,0,76,51,69.999,70.15
par10,S,131,0,77,52,70.359,70.523
par10,S,132,0,79,45,70.711,70.92
par10,S,133,0,74,44,71.513,71.662
par10,S,134,0,72,39,71.911,72.089
par10,S,135,0,76,61,72.45,72.586
par10,S,136,0,77,28,72.827,73.034
par10,S,137,0,79,48,73.259,73.503
par10,S,138,0,74,55,74.081,74.223
par10,S,139,0,72,46,74.465,74.613
par10,S,140,0,76,53,75.395,75.563
par10,S,141,0,77,54,75.736,75.899
par10,S,142,0,79,43,76.088,76.325
par10,S,143,0,74,46,76.709,76.853
par10,S,144,0,72,44,77.074,77.213
par10,S,145,0,76,47,78.45,78.616
par10,S,146,0,74,51,78.811,78.964
par10,S,147,0,72,30,79.184,79.331
par10,S,148,0,77,43,79.795,79.953
par10,S,149,0,79,45,80.125,80.347
par10,S,150,0,76,49,81.006,81.195
par10,S,151,0,74,54,81.387,81.54
par10,S,152,0,72,32,81.787,81.95
par10,S,153,0,76,19,82.478,82.555
par10,S,154,0,77,66,83.174,83.323
par10,S,155,0,79,33,83.48,83.699
par10,S,156,0,76,51,84.377,84.53
par10,S,157,0,74,64,84.742,84.88
par10,S,158,0,72,42,85.084,85.256
par10,S,159,0,77,52,85.558,85.733
par10,S,160,0,79,35,85.908,86.116
par10,S,161,0,76,46,86.51,86.666
par10,S,162,0,74,52,86.896,87.03
par10,S,163,0,72,42,87.26,87.46
par10,S,164,0,77,59,87.875,88.044
par10,S,165,0,79,29,88.234,88.556
par10,S,166,0,76,58,89.066,89.2
par10,S,167,0,74,52,89.402,89.542
par10,S,168,0,72,47,89.732,89.91
par10,S,169,0,77,55,90.465,90.637
par10,S,170,0,79,20,90.823,91.035
par10,S,171,0,77,43,93.219,93.412
par10,S,172,0,79,38,94.083,94.314
par10,S,173,0,76,57,94.723,94.917
par10,S,174,0,74,58,95.257,95.399
par10,S,175,0,72,36,95.683,95.872
par10,S,176,0,76,31,96.533,96.7
par10,S,177,0,77,69,99.102,99.259
par10,S,178,0,79,58,99.433,99.64
par10,S,179,0,76,52,100.209,100.375
par10,S,180,0,74,64,100.578,100.731
par10,S,181,0,72,44,100.941,101.129
par10,S,182,0,77,51,101.545,101.72
par10,S,183,0,79,53,101.922,102.154
par10,S,184,0,76,46,102.559,102.712
par10,S,185,0,74,57,102.919,103.084
par10,S,186,0,72,46,103.258,103.442
par10,S,187,0,77,48,104.004,104.171
par10,S,188,0,79,43,104.348,104.591
par10,S,189,0,76,53,104.845,105.034
par10,S,190,0,74,55,105.385,105.521
par10,S,191,0,72,45,105.774,105.935
par10,S,192,0,77,52,107.072,107.256
par10,S,193,0,79,53,107.445,107.651
par10,S,194,0,76,1,108.069,108.278
par10,S,195,0,74,74,108.59,108.747
par10,S,196,0,72,45,108.972,109.147
par10,S,197,0,74,53,110.59,110.748
par10,S,198,0,72,37,111.22,111.398
par10,S,199,0,76,54,111.685,111.861
par10,S,200,0,77,62,112.159,112.321
par10,S,201,0,79,33,112.583,112.821
par10,S,202,0,76,62,114.551,114.723
par10,S,203,0,74,61,114.944,115.106
par10,S,204,0,74,73,117.154,117.319
par10,S,205,0,72,45,117.499,117.66
par10,S,206,0,76,57,117.895,118.075
par10,S,207,0,77,39,118.362,118.538
par10,S,208,0,79,48,118.715,118.953
par10,S,209,0,74,56,119.451,119.619
par10,S,210,0,72,43,119.787,119.941
par10,S,211,0,76,10,120.357,120.531
par10,S,212,0,77,57,120.824,121.011
par10,S,213,0,79,37,121.21,121.454
par10,S,214,0,74,56,122.002,122.163
par10,S,215,0,72,48,122.362,122.523
par10,S,216,0,76,61,122.81,122.964
par10,S,217,0,77,55,123.377,123.537
par10,S,218,0,79,43,123.73,123.947
par10,S,219,0,74,60,124.497,124.645
par10,S,220,0,72,46,124.838,124.971
par10,S,221,0,76,52,125.32,125.485
par10,S,222,0,77,49,126.163,126.353
par10,S,223,0,79,49,126.536,126.765
par10,S,224,0,74,62,127.251,127.393
par10,S,225,0,72,37,127.602,127.751
par10,S,226,0,76,38,128.279,128.436
par10,S,227,0,77,51,128.977,129.124
par10,S,228,0,79,38,129.326,129.545
par10,S,229,0,74,50,130.679,130.868
par10,S,230,0,72,38,131.107,131.308
par10,S,231,0,76,33,131.729,131.928
par10,S,232,0,77,56,132.128,132.287
par10,S,233,0,79,40,132.456,132.705
par10,S,234,0,74,62,133.199,133.356
par10,S,235,0,72,43,133.543,133.698
par10,S,236,0,76,56,133.996,134.136
par10,S,237,0,77,33,134.389,134.559
par10,S,238,0,79,47,134.748,135.001
par10,S,239,0,74,54,135.746,135.892
par10,S,240,0,72,23,136.102,136.292
par10,S,241,0,76,49,136.582,136.76
par10,S,242,0,77,38,136.978,137.121
par10,S,243,0,72,17,142.645,142.849
par10,S,244,0,74,65,143.06,143.237
par10,S,245,0,76,58,143.43,143.585
par10,S,246,0,77,51,144.069,144.238
par10,S,247,0,79,59,144.423,144.651
par10,S,248,0,72,36,145.267,145.434
par10,S,249,0,74,62,145.693,145.85
par10,S,250,0,76,57,146.04,146.194
par10,S,251,0,77,42,146.412,146.598
par10,S,252,0,79,60,146.779,147.001
par10,S,253,0,72,39,147.277,147.507
par10,S,254,0,74,38,147.746,147.915
par10,S,255,0,76,40,148.155,148.34
par10,S,256,0,77,56,148.708,148.854
par10,S,257,0,79,42,149.051,149.249
par10,S,258,0,72,33,149.626,149.787
par10,S,259,0,74,48,150.14,150.317
par10,S,260,0,76,48,150.543,150.687
par10,S,261,0,77,49,150.986,151.175
par10,S,262,0,79,45,151.35,151.552
par10,S,263,0,72,36,151.803,151.955
par10,S,264,0,74,58,152.247,152.391
par10,S,265,0,76,55,152.59,152.723
par10,S,266,0,77,50,153.067,153.23
par10,S,267,0,79,40,153.484,153.735
par10,S,268,0,79,47,154.595,154.865
par10,S,269,0,77,48,155.221,155.402
par10,S,270,0,76,60,155.618,155.776
par10,S,271,0,74,53,155.987,156.122
par10,S,272,0,72,46,156.382,156.528
par10,S,273,0,79,48,156.757,156.996
par10,S,274,0,77,50,157.532,157.701
par10,S,275,0,76,50,157.93,158.123
par10,S,276,0,74,62,158.316,158.477
par10,S,277,0,72,35,158.731,158.889
par10,S,278,0,79,57,159.123,159.359
par10,S,279,0,77,56,159.686,159.833
par10,S,280,0,76,56,160.093,160.247
par10,S,281,0,74,28,160.537,160.731
par10,S,282,0,72,54,161.308,161.522
par10,S,283,0,79,46,161.838,162.052
par10,S,284,0,77,57,162.45,162.584
par10,S,285,0,76,50,162.834,162.959
par10,S,286,0,74,55,163.197,163.323
par10,S,287,0,72,38,163.64,163.8
par10,S,288,0,74,64,165.14,165.272
par10,S,289,0,76,46,165.505,165.661
par10,S,290,0,77,39,165.863,166.046
par10,S,291,0,79,51,166.209,166.423
par10,S,292,0,72,43,166.625,166.804
par10,S,293,0,74,64,167.228,167.352
par10,S,294,0,76,44,167.595,167.749
par10,S,295,0,77,49,167.974,168.162
par10,S,296,0,79,41,168.355,168.567
par10,S,297,0,72,53,168.776,168.987
par10,S,298,0,74,56,169.379,169.51
par10,S,299,0,76,48,169.729,169.89
par10,S,300,0,77,48,170.078,170.257
par10,S,301,0,79,46,170.434,170.643
par10,S,302,0,72,40,170.838,171.032
par10,S,303,0,74,50,171.397,171.533
par10,S,304,0,76,46,171.74,171.849
par10,S,305,0,77,36,172.098,172.271
par10,S,306,0,79,56,172.452,172.642
par10,S,307,0,72,49,172.898,173.053
par10,S,308,0,74,53,173.382,173.496
par10,S,309,0,76,50,173.677,173.83
par10,S,310,0,77,44,174.001,174.164
par10,S,311,0,79,58,174.326,174.508
par10,S,312,0,72,40,174.708,174.864
par10,S,313,0,77,44,175.877,176.042
par10,S,314,0,76,48,176.228,176.403
par10,S,315,0,74,47,176.575,176.757
par10,S,316,0,72,24,177.014,177.168
par10,S,317,0,79,50,177.435,177.669
par10,S,318,0,77,49,178.176,178.344
par10,S,319,0,76,44,178.562,178.727
par10,S,320,0,74,56,179.011,179.183
par10,S,321,0,72,37,179.427,179.565
par10,S,322,0,79,48,179.897,180.082
par10,S,323,0,77,52,180.446,180.598
par10,S,324,0,76,55,180.783,180.948
par10,S,325,0,74,44,181.153,181.316
par10,S,326,0,72,47,181.566,181.708
par10,S,327,0,79,59,181.923,182.096
par10,S,328,0,77,42,182.651,182.821
par10,S,329,0,76,49,183.05,183.193
par10,S,330,0,74,45,183.591,183.751
par10,S,331,0,72,49,183.989,184.126
par10,S,332,0,79,60,184.382,184.557
par10,S,333,0,77,60,184.935,185.095
par10,S,334,0,76,48,185.292,185.454
par10,S,335,0,74,49,185.637,185.792
par10,S,336,0,72,50,185.988,186.14
par10,S,337,0,79,52,186.437,186.629
par10,S,338,0,76,36,187.774,187.98
par10,S,339,0,77,17,188.233,188.428
par10,S,340,0,79,41,188.648,188.907
par10,S,341,0,74,65,189.972,190.122
par10,S,342,0,72,43,190.346,190.487
par10,S,343,0,76,61,190.843,190.967
par10,S,344,0,77,54,191.163,191.323
par10,S,345,0,79,49,191.487,191.732
par10,S,346,0,74,56,192.201,192.334
par10,S,347,0,72,42,192.538,192.678
par10,S,348,0,76,64,193.05,193.212
par10,S,349,0,77,47,193.429,193.59
par10,S,350,0,79,45,193.764,193.993
par10,S,351,0,74,50,194.359,194.517
par10,S,0,1,72,55,0.996,1.229
par10,S,1,1,74,56,1.436,1.584
par10,S,2,1,76,55,1.765,1.944
par10,S,3,1,77,45,2.135,2.3
par10,S,4,1,79,45,2.462,2.707
par10,S,5,1,72,44,3.052,3.231
par10,S,6,1,74,28,3.468,3.651
par10,S,7,1,76,56,3.83,4.029
par10,S,8,1,77,53,4.213,4.389
par10,S,9,1,79,40,4.533,4.786
par10,S,10,1,72,45,5.003,5.192
par10,S,11,1,74,49,5.495,5.66
par10,S,12,1,76,53,5.846,6.011
par10,S,13,1,77,44,6.247,6.423
par10,S,14,1,79,40,6.584,6.806
par10,S,15,1,72,37,7.071,7.28
par10,S,16,1,74,50,7.59,7.728
par10,S,17,1,76,51,7.913,8.074
par10,S,18,1,77,57,8.277,8.44
par10,S,19,1,79,45,8.613,8.816
par10,S,20,1,72,47,9.036,9.187
par10,S,21,1,74,64,9.462,9.591
par10,S,22,1,76,53,9.78,9.916
par10,S,23,1,77,46,10.16,10.346
par10,S,24,1,79,33,10.554,10.766
par10,S,25,1,79,44,11.386,11.552
par10,S,26,1,77,50,11.781,11.945
par10,S,27,1,76,49,12.12,12.255
par10,S,28,1,74,60,12.492,12.639
par10,S,29,1,72,43,12.796,12.957
par10,S,30,1,79,51,13.167,13.38
par10,S,31,1,77,51,13.537,13.681
par10,S,32,1,76,53,13.866,14.026
par10,S,33,1,74,45,14.216,14.366
par10,S,34,1,72,45,14.515,14.679
par10,S,35,1,79,46,14.872,15.086
par10,S,36,1,77,44,15.251,15.449
par10,S,37,1,76,45,15.741,15.918
par10,S,38,1,74,51,16.143,16.284
par10,S,39,1,72,52,16.485,16.626
par10,S,40,1,79,52,16.823,16.996
par10,S,41,1,77,50,17.214,17.355
par10,S,42,1,76,44,17.561,17.719
par10,S,43,1,74,53,17.989,18.134
par10,S,44,1,72,52,18.335,18.502
par10,S,45,1,79,51,19.269,19.448
par10,S,46,1,77,52,19.609,19.682
par10,S,47,1,76,55,19.944,20.078
par10,S,48,1,74,56,20.306,20.457
par10,S,49,1,72,56,20.66,20.821
par10,S,50,1,74,65,21.686,21.812
par10,S,51,1,76,54,21.979,22.121
par10,S,52,1,77,52,22.305,22.459
par10,S,53,1,79,46,22.61,22.811
par10,S,54,1,72,50,22.975,23.15
par10,S,55,1,74,60,23.588,23.718
par10,S,56,1,76,53,23.901,24.044
par10,S,57,1,77,60,24.257,24.421
par10,S,58,1,79,55,24.589,24.776
par10,S,59,1,72,47,24.964,25.137
par10,S,60,1,74,54,25.701,25.846
par10,S,61,1,76,49,26.011,26.17
par10,S,62,1,77,53,26.373,26.561
par10,S,63,1,79,51,26.722,26.921
par10,S,64,1,72,52,27.154,27.326
par10,S,65,1,74,50,27.834,27.975
par10,S,66,1,76,54,28.186,28.332
par10,S,67,1,77,50,28.51,28.663
par10,S,68,1,79,46,28.843,29.045
par10,S,69,1,72,52,29.25,29.402
par10,S,70,1,77,66,30.418,30.567
par10,S,71,1,76,55,30.73,30.894
par10,S,72,1,74,49,31.076,31.236
par10,S,73,1,72,44,31.392,31.553
par10,S,74,1,79,47,31.739,31.967
par10,S,75,1,77,49,32.275,32.431
par10,S,76,1,76,52,32.612,32.788
par10,S,77,1,74,23,32.971,33.145
par10,S,78,1,72,42,33.594,33.768
par10,S,79,1,79,42,33.99,34.229
par10,S,80,1,77,48,34.559,34.719
par10,S,81,1,76,44,34.913,35.082
par10,S,82,1,74,54,35.234,35.388
par10,S,83,1,72,38,35.568,35.731
par10,S,84,1,79,44,36.092,36.353
par10,S,85,1,77,61,36.584,36.725
par10,S,86,1,76,49,36.849,37.026
par10,S,87,1,74,44,37.144,37.321
par10,S,88,1,72,43,37.449,37.603
par10,S,89,1,79,56,37.79,38.038
par10,S,90,1,77,44,38.389,38.552
par10,S,91,1,76,45,39.035,39.196
par10,S,92,1,74,48,39.331,39.467
par10,S,93,1,72,45,39.646,39.818
par10,S,94,1,79,59,40.051,40.213
par10,S,95,1,76,61,41.489,41.656
par10,S,96,1,77,51,41.909,42.085
par10,S,97,1,79,41,42.246,42.45
par10,S,98,1,74,65,42.942,43.105
par10,S,99,1,72,34,43.295,43.434
par10,S,100,1,76,56,44.504,44.646
par10,S,101,1,77,51,44.775,44.949
par10,S,102,1,79,47,45.089,45.281
par10,S,103,1,74,53,45.652,45.79
par10,S,104,1,72,35,45.996,46.178
par10,S,105,1,76,37,46.647,46.788
par10,S,106,1,77,54,46.955,47.115
par10,S,107,1,79,33,47.217,47.427
par10,S,108,1,74,65,47.698,47.847
par10,S,109,1,72,36,47.976,48.138
par10,S,110,1,76,36,48.855,49.006
par10,S,111,1,77,39,49.143,49.313
par10,S,112,1,79,44,49.473,49.693
par10,S,113,1,74,60,49.962,50.094
par10,S,114,1,72,45,50.339,50.523
par10,S,115,1,76,55,50.821,50.952
par10,S,116,1,77,44,51.1,51.321
par10,S,117,1,79,16,51.537,51.829
par10,S,118,1,74,57,52.438,52.595
par10,S,119,1,72,36,52.79,52.918
par10,S,120,1,76,60,53.726,53.881
par10,S,121,1,74,49,54.034,54.197
par10,S,122,1,72,29,54.349,54.548
par10,S,123,1,77,45,54.998,55.148
par10,S,124,1,79,39,55.296,55.489
par10,S,125,1,76,52,55.812,55.962
par10,S,126,1,74,46,56.129,56.297
par10,S,127,1,72,41,56.43,56.608
par10,S,128,1,77,43,56.865,57.025
par10,S,129,1,79,53,57.204,57.407
par10,S,130,1,76,42,57.766,57.94
par10,S,131,1,74,45,58.086,58.248
par10,S,132,1,72,40,58.392,58.563
par10,S,133,1,77,54,58.719,58.9
par10,S,134,1,79,41,59.065,59.262
par10,S,135,1,76,47,59.605,59.768
par10,S,136,1,74,47,59.908,60.087
par10,S,137,1,72,46,60.223,60.387
par10,S,138,1,77,48,60.581,60.768
par10,S,139,1,79,34,60.933,61.133
par10,S,140,1,77,52,61.921,62.089
par10,S,141,1,79,58,62.253,62.48
par10,S,142,1,76,49,62.998,63.162
par10,S,143,1,74,56,63.341,63.51
par10,S,144,1,72,45,63.716,63.929
par10,S,145,1,77,45,64.261,64.422
par10,S,146,1,79,36,64.584,64.814
par10,S,147,1,76,49,65.045,65.189
par10,S,148,1,74,52,65.379,65.578
par10,S,149,1,72,41,65.722,65.894
par10,S,150,1,77,49,66.058,66.248
par10,S,151,1,79,49,66.419,66.62
par10,S,152,1,76,55,66.844,67.022
par10,S,153,1,74,44,67.142,67.277
par10,S,154,1,76,47,67.292,67.37
par10,S,155,1,72,44,68.08,68.229
par10,S,156,1,77,56,68.832,68.973
par10,S,157,1,79,44,69.138,69.339
par10,S,158,1,76,48,69.584,69.745
par10,S,159,1,74,59,69.916,70.078
par10,S,160,1,72,36,70.334,70.518
par10,S,161,1,76,40,71.788,72.007
par10,S,162,1,74,44,72.26,72.47
par10,S,163,1,74,57,73.832,73.992
par10,S,164,1,72,37,74.174,74.311
par10,S,165,1,77,31,74.701,74.943
par10,S,166,1,77,32,75.335,75.408
par10,S,167,1,79,19,75.265,75.428
par10,S,168,1,77,60,75.765,75.908
par10,S,169,1,79,52,76.023,76.192
par10,S,170,1,76,51,76.839,77.016
par10,S,171,1,74,55,77.149,77.294
par10,S,172,1,77,34,77.55,77.707
par10,S,173,1,74,30,79.298,79.472
par10,S,174,1,72,39,79.729,79.885
par10,S,175,1,76,27,80.243,80.427
par10,S,176,1,77,46,80.616,80.796
par10,S,177,1,79,48,80.961,81.197
par10,S,178,1,74,42,81.631,81.777
par10,S,179,1,72,37,81.946,82.087
par10,S,180,1,76,60,82.342,82.484
par10,S,181,1,77,54,82.648,82.797
par10,S,182,1,79,27,82.959,83.174
par10,S,183,1,74,53,83.78,83.936
par10,S,184,1,72,37,84.078,84.21
par10,S,185,1,76,55,84.409,84.552
par10,S,186,1,77,44,84.737,84.954
par10,S,187,1,79,60,85.144,85.329
par10,S,188,1,74,1,85.822,85.987
par10,S,189,1,72,39,86.256,86.443
par10,S,190,1,76,46,86.823,86.961
par10,S,191,1,77,45,87.138,87.305
par10,S,192,1,79,46,87.47,87.666
par10,S,193,1,74,47,88.231,88.374
par10,S,194,1,72,30,88.554,88.704
par10,S,195,1,76,59,89.05,89.221
par10,S,196,1,77,46,89.457,89.604
par10,S,197,1,79,57,89.845,90.018
par10,S,198,1,72,38,90.818,91.002
par10,S,199,1,74,58,91.173,91.29
par10,S,200,1,76,52,91.505,91.667
par10,S,201,1,77,52,91.85,91.989
par10,S,202,1,79,36,92.174,92.389
par10,S,203,1,72,41,92.651,92.817
par10,S,204,1,74,33,93.084,93.257
par10,S,205,1,76,47,93.505,93.672
par10,S,206,1,77,57,93.952,94.081
par10,S,207,1,79,42,94.267,94.442
par10,S,208,1,72,45,94.77,94.95
par10,S,209,1,74,56,95.136,95.244
par10,S,210,1,76,49,95.451,95.586
par10,S,211,1,77,41,95.867,96.049
par10,S,212,1,79,65,96.267,96.421
par10,S,213,1,72,37,96.725,96.88
par10,S,214,1,74,54,97.224,97.359
par10,S,215,1,76,56,97.647,97.79
par10,S,216,1,77,59,98.008,98.142
par10,S,217,1,79,40,98.354,98.515
par10,S,218,1,72,40,98.777,98.926
par10,S,219,1,74,56,99.198,99.301
par10,S,220,1,76,45,99.53,99.66
par10,S,221,1,77,46,99.904,100.036
par10,S,222,1,79,45,100.29,100.498
par10,S,223,1,72,37,100.771,100.937
par10,S,224,1,74,61,101.214,101.336
par10,S,225,1,76,43,101.536,101.652
par10,S,226,1,77,55,102.195,102.328
par10,S,227,1,79,38,102.541,102.706
par10,S,228,1,79,39,103.622,103.833
par10,S,229,1,76,49,104.035,104.172
par10,S,230,1,77,67,104.798,104.918
par10,S,231,1,76,58,105.176,105.312
par10,S,232,1,74,51,105.446,105.612
par10,S,233,1,72,47,105.747,105.891
par10,S,234,1,79,58,106.137,106.322
par10,S,235,1,77,52,106.722,106.856
par10,S,236,1,76,53,107.05,107.238
par10,S,237,1,74,49,107.39,107.538
par10,S,238,1,72,37,107.727,107.869
par10,S,239,1,79,59,108.114,108.301
par10,S,240,1,77,40,108.816,109.007
par10,S,241,1,76,48,109.3,109.466
par10,S,242,1,74,62,110.042,110.204
par10,S,243,1,72,32,110.396,110.522
par10,S,244,1,79,58,110.785,111.003
par10,S,245,1,77,60,111.278,111.404
par10,S,246,1,76,52,111.637,111.781
par10,S,247,1,74,57,112.064,112.191
par10,S,248,1,72,41,112.421,112.556
par10,S,249,1,79,48,112.77,112.919
par10,S,250,1,77,48,113.272,113.413
par10,S,251,1,76,46,113.665,113.825
par10,S,252,1,74,45,114.065,114.187
par10,S,253,1,72,44,114.404,114.545
par10,S,254,1,79,43,114.791,115.008
par10,S,255,1,77,48,115.198,115.3
par10,S,256,1,76,51,115.529,115.669
par10,S,257,1,74,52,115.937,116.039
par10,S,258,1,72,44,116.321,116.472
par10,S,259,1,74,33,117.383,117.561
par10,S,260,1,76,49,117.828,117.975
par10,S,261,1,77,37,118.225,118.373
par10,S,262,1,79,46,118.591,118.856
par10,S,263,1,72,30,119.005,119.117
par10,S,264,1,74,64,119.461,119.6
par10,S,265,1,76,53,119.805,119.924
par10,S,266,1,77,48,120.175,120.32
par10,S,267,1,79,48,120.55,120.69
par10,S,268,1,72,36,121.309,121.442
par10,S,269,1,74,54,121.729,121.844
par10,S,270,1,76,49,122.041,122.176
par10,S,271,1,77,50,122.365,122.486
par10,S,272,1,79,52,122.705,122.882
par10,S,273,1,72,46,123.1,123.278
par10,S,274,1,74,38,123.602,123.758
par10,S,275,1,76,55,123.968,124.1
par10,S,276,1,77,43,124.351,124.517
par10,S,277,1,79,52,124.712,124.879
par10,S,278,1,72,43,125.105,125.257
par10,S,279,1,74,62,125.679,125.796
par10,S,280,1,76,53,125.962,126.117
par10,S,281,1,77,43,126.315,126.469
par10,S,282,1,79,49,126.65,126.81
par10,S,283,1,72,45,127.047,127.205
par10,S,284,1,77,56,127.733,127.865
par10,S,285,1,76,49,128.06,128.219
par10,S,286,1,74,47,128.364,128.527
par10,S,287,1,72,46,128.709,128.868
par10,S,288,1,79,54,129.053,129.248
par10,S,289,1,77,51,129.599,129.77
par10,S,290,1,76,52,129.942,130.104
par10,S,291,1,74,52,130.263,130.427
par10,S,292,1,72,46,130.629,130.767
par10,S,293,1,79,55,130.959,131.117
par10,S,294,1,77,22,131.619,131.794
par10,S,295,1,76,61,132.016,132.179
par10,S,296,1,74,46,132.293,132.447
par10,S,297,1,72,35,132.659,132.809
par10,S,298,1,79,61,132.972,133.147
par10,S,299,1,77,49,133.408,133.554
par10,S,300,1,76,42,133.724,133.951
par10,S,301,1,74,50,134.02,134.223
par10,S,302,1,72,40,134.427,134.551
par10,S,303,1,79,54,134.766,134.924
par10,S,304,1,76,60,135.953,136.09
par10,S,305,1,77,45,136.276,136.44
par10,S,306,1,79,49,136.627,136.913
par10,S,307,1,74,52,137.142,137.284
par10,S,308,1,72,47,137.549,137.71
par10,S,309,1,76,55,138.034,138.183
par10,S,310,1,77,45,138.343,138.529
par10,S,311,1,79,57,138.732,138.878
par10,S,312,1,72,36,139.496,139.613
par10,S,313,1,74,54,139.96,140.1
par10,S,314,1,72,46,140.302,140.458
par10,S,315,1,76,37,141.282,141.444
par10,S,316,1,77,53,141.781,141.918
par10,S,317,1,79,43,142.102,142.253
par10,S,318,1,74,54,142.649,142.794
par10,S,319,1,72,31,142.977,143.106
par10,S,320,1,74,49,143.966,144.099
par10,S,321,1,76,54,144.304,144.448
par10,S,322,1,79,54,145.624,145.827
par10,S,323,1,74,53,146.353,146.487
par10,S,324,1,72,45,146.637,146.777
par10,S,325,1,76,44,147.296,147.458
par10,S,326,1,77,60,147.605,147.761
par10,S,327,1,79,40,147.945,148.141
par10,S,328,1,74,47,148.567,148.72
par10,S,329,1,72,39,148.865,149.003
par10,S,330,1,76,55,149.874,150.008
par10,S,331,1,77,52,150.196,150.333
par10,S,332,1,79,46,150.547,150.738
par10,S,333,1,74,57,151.39,151.539
par10,S,334,1,72,39,151.707,151.839
par10,S,335,1,76,23,152.192,152.344
par10,S,336,1,77,59,152.703,152.827
par10,S,337,1,79,40,153.022,153.224
par10,S,338,1,74,52,153.753,153.894
par10,S,339,1,72,38,154.08,154.211
par10,S,340,1,76,41,154.955,155.121
par10,S,341,1,74,54,155.306,155.48
par10,S,342,1,72,35,155.652,155.799
par10,S,343,1,77,51,156.125,156.278
par10,S,344,1,79,39,156.45,156.633
par10,S,345,1,76,54,157.584,157.758
par10,S,346,1,74,53,157.933,158.131
par10,S,347,1,72,35,158.301,158.446
par10,S,348,1,77,50,158.923,159.138
par10,S,349,1,79,6,159.319,159.518
par10,S,350,1,76,51,160.212,160.358
par10,S,351,1,74,52,160.554,160.713
par10,S,352,1,72,35,160.868,161.032
par10,S,353,1,77,64,161.416,161.571
par10,S,354,1,79,25,161.768,161.991
par10,S,355,1,76,43,162.563,162.709
par10,S,356,1,74,62,162.895,163.051
par10,S,357,1,72,49,163.175,163.33
par10,S,358,1,77,46,163.532,163.687
par10,S,359,1,79,21,163.624,164.178
par10,S,360,1,76,54,164.518,164.686
par10,S,361,1,74,54,164.862,164.997
par10,S,362,1,72,44,165.156,165.315
par10,S,363,1,77,62,165.726,165.876
par10,S,364,1,79,45,166.071,166.281
par10,S,365,1,76,49,166.74,166.903
par10,S,366,1,74,46,167.068,167.221
par10,S,367,1,72,43,167.367,167.533
par10,S,368,1,77,51,167.848,167.992
par10,S,369,1,79,33,168.174,168.368
par10,S,370,1,76,52,168.664,168.851
par10,S,371,1,74,52,168.982,169.124
par10,S,372,1,72,28,169.309,169.421
par10,S,373,1,77,41,169.752,169.873
par10,S,374,1,79,23,170.169,170.393
par10,S,375,1,77,45,171.436,171.582
par10,S,376,1,79,48,171.801,172.034
par10,S,377,1,76,59,172.485,172.661
par10,S,378,1,74,53,172.793,172.939
par10,S,379,1,72,37,173.115,173.288
par10,S,380,1,76,55,173.606,173.744
par10,S,381,1,77,47,175.303,175.368
par10,S,382,1,77,38,175.783,175.961
par10,S,383,1,79,46,176.365,176.573
par10,S,384,1,76,55,177.048,177.198
par10,S,385,1,74,57,177.357,177.534
par10,S,386,1,72,52,177.659,177.821
par10,S,387,1,77,39,178.156,178.364
par10,S,388,1,79,51,178.537,178.735
par10,S,389,1,76,47,179.389,179.564
par10,S,390,1,74,48,179.738,179.914
par10,S,391,1,72,49,180.131,180.308
par10,S,392,1,77,58,180.911,181.036
par10,S,393,1,79,40,181.244,181.396
par10,S,394,1,76,43,182.003,182.18
par10,S,395,1,74,53,182.363,182.535
par10,S,396,1,72,46,182.719,182.876
par10,S,397,1,77,60,183.189,183.336
par10,S,398,1,79,52,183.526,183.703
par10,S,399,1,76,36,184.097,184.267
par10,S,400,1,74,53,184.42,184.587
par10,S,401,1,72,53,184.771,184.95
par10,S,402,1,77,55,185.302,185.464
par10,S,403,1,79,41,185.631,185.866
par10,S,404,1,76,48,186.136,186.308
par10,S,405,1,74,46,186.489,186.648
par10,S,406,1,72,22,186.934,187.117
par10,S,407,1,77,53,187.58,187.729
par10,S,408,1,79,35,187.909,188.093
par10,S,409,1,76,45,188.38,188.535
par10,S,410,1,74,42,188.75,188.88
par10,S,411,1,72,37,189.182,189.355
par10,S,412,1,76,34,190.29,190.454
par10,S,413,1,74,54,193.939,194.113
par11,I,0,0,72,43,4.93,5.554
par11,I,1,0,76,55,7.346,8.001
par11,I,2,0,79,47,9.75,10.017
par11,I,3,0,77,50,10.373,10.824
par11,I,4,0,72,48,12.251,12.852
par11,I,5,0,76,57,14.597,15.274
par11,I,6,0,74,60,15.894,16.566
par11,I,7,0,77,51,17.071,17.407
par11,I,8,0,79,46,17.686,17.93
par11,I,9,0,77,55,18.27,18.898
par11,I,10,0,79,48,19.541,20.065
par11,I,11,0,76,50,20.692,21.011
par11,I,12,0,74,56,21.297,21.571
par11,I,13,0,72,30,21.967,22.604
par11,I,14,0,79,43,23.102,23.725
par11,I,15,0,72,49,24.385,24.69
par11,I,16,0,74,51,24.962,25.211
par11,I,17,0,76,46,25.557,26.111
par11,I,18,0,72,52,26.827,27.112
par11,I,19,0,79,40,27.36,27.688
par11,I,20,0,77,53,28.0,28.53
par11,I,21,0,76,57,29.248,29.534
par11,I,22,0,79,51,29.808,30.247
par11,I,23,0,74,47,30.536,30.894
par11,I,24,0,72,48,31.624,31.949
par11,I,25,0,74,45,32.143,32.404
par11,I,26,0,72,44,35.355,35.907
par11,I,27,0,76,52,36.519,37.089
par11,I,28,0,79,56,37.778,38.172
par11,I,29,0,76,55,38.388,38.666
par11,I,30,0,79,66,38.927,39.567
par11,I,31,0,74,62,40.205,40.581
par11,I,32,0,72,35,40.773,41.189
par11,I,33,0,76,52,41.423,41.771
par11,I,34,0,77,53,42.027,42.275
par11,I,35,0,79,49,42.572,43.277
par11,I,36,0,79,56,43.857,44.536
par11,I,37,0,72,46,45.007,45.558
par11,I,38,0,74,55,45.581,45.903
par11,I,39,0,72,49,46.219,46.806
par11,I,40,0,74,38,47.462,47.811
par11,I,41,0,76,56,48.077,48.32
par11,I,42,0,74,49,48.674,49.159
par11,I,43,0,76,46,49.867,50.138
par11,I,44,0,77,49,50.428,50.656
par11,I,45,0,76,55,51.04,51.357
par11,I,46,0,76,49,51.612,51.917
par11,I,47,0,76,39,52.265,52.965
par11,I,48,0,79,33,53.509,54.223
par11,I,49,0,72,45,54.793,55.197
par11,I,50,0,74,48,55.428,55.625
par11,I,51,0,76,54,55.986,56.575
par11,I,52,0,74,47,57.181,57.657
par11,I,53,0,72,17,57.816,58.164
par11,I,54,0,72,41,58.44,59.1
par11,I,55,0,74,53,59.638,59.903
par11,I,56,0,77,56,60.15,60.395
par11,I,57,0,79,31,60.783,61.254
par11,I,58,0,79,54,61.395,62.11
par11,I,59,0,77,62,62.11,62.62
par11,I,60,0,76,41,63.249,63.842
par11,I,61,0,72,52,64.509,65.061
par11,I,62,0,74,50,65.033,65.741
par11,I,63,0,76,52,65.637,66.254
par11,I,64,0,79,44,66.904,67.545
par11,I,65,0,79,34,68.175,68.792
par11,I,66,0,79,53,69.291,69.887
par11,I,67,0,77,50,69.924,70.687
par11,I,68,0,76,46,70.487,71.124
par11,I,69,0,74,59,71.113,71.653
par11,I,70,0,72,42,71.668,72.184
par11,I,71,0,79,57,74.188,74.801
par11,I,72,0,72,51,75.417,76.083
par11,I,73,0,79,52,76.668,77.397
par11,I,74,0,72,52,77.865,78.561
par11,I,75,0,79,57,79.152,79.417
par11,I,76,0,77,60,79.723,80.034
par11,I,77,0,79,53,80.262,80.94
par11,I,78,0,72,52,81.55,82.122
par11,I,79,0,72,51,82.758,83.337
par11,I,80,0,79,23,83.977,84.321
par11,I,81,0,76,59,84.598,84.814
par11,I,82,0,79,55,85.17,85.813
par11,I,83,0,72,59,86.393,86.663
par11,I,84,0,76,62,86.986,87.281
par11,I,85,0,72,42,87.544,88.224
par11,I,86,0,72,50,88.813,89.131
par11,I,87,0,74,48,89.332,89.562
par11,I,88,0,79,43,89.989,90.622
par11,I,89,0,79,45,91.188,91.548
par11,I,90,0,74,55,91.769,91.921
par11,I,91,0,74,56,92.355,92.964
par11,I,92,0,72,31,93.533,93.779
par11,I,93,0,74,60,94.138,94.344
par11,I,94,0,76,52,94.75,95.308
par11,I,95,0,77,51,95.853,96.088
par11,I,96,0,79,49,98.642,99.323
par11,I,97,0,76,58,99.832,100.467
par11,I,98,0,72,48,101.011,101.426
par11,I,99,0,74,65,101.598,101.831
par11,I,100,0,76,60,102.195,102.828
par11,I,101,0,79,47,103.438,103.783
par11,I,102,0,77,42,103.758,104.073
par11,I,103,0,76,51,104.071,104.377
par11,I,104,0,74,60,104.689,105.119
par11,I,105,0,72,48,105.252,105.461
par11,I,106,0,72,42,105.83,106.473
par11,I,107,0,74,45,106.4,106.602
par11,I,108,0,76,57,106.975,107.57
par11,I,109,0,77,59,108.323,108.758
par11,I,110,0,79,29,108.872,109.127
par11,I,111,0,79,47,109.422,110.117
par11,I,112,0,76,56,110.736,110.963
par11,I,113,0,74,51,111.275,111.513
par11,I,114,0,72,49,111.914,112.587
par11,I,115,0,72,52,113.151,113.455
par11,I,116,0,74,54,113.722,113.909
par11,I,117,0,76,52,114.352,115.022
par11,I,118,0,77,49,114.95,115.155
par11,I,119,0,79,55,115.518,115.802
par11,I,120,0,79,54,116.093,116.365
par11,I,121,0,77,59,116.741,117.382
par11,I,122,0,72,51,118.089,118.372
par11,I,123,0,76,53,119.183,119.76
par11,I,124,0,72,47,120.388,120.608
par11,I,125,0,77,54,120.777,121.071
par11,I,126,0,72,46,121.299,121.55
par11,I,127,0,77,51,121.636,122.137
par11,I,128,0,79,56,122.87,123.092
par11,I,129,0,76,40,123.242,123.479
par11,I,130,0,79,35,123.786,124.046
par11,I,131,0,74,50,124.16,124.457
par11,I,132,0,72,54,124.71,124.997
par11,I,133,0,74,62,125.294,126.113
par11,I,134,0,76,53,126.499,126.808
par11,I,135,0,79,37,127.711,127.94
par11,I,136,0,79,50,128.117,128.375
par11,I,137,0,76,57,128.599,128.839
par11,I,138,0,79,53,128.867,129.527
par11,I,139,0,74,48,129.523,129.758
par11,I,140,0,72,58,130.117,130.799
par11,I,141,0,76,55,130.743,131.289
par11,I,142,0,74,38,131.314,131.893
par11,I,143,0,72,37,132.542,132.932
par11,I,144,0,74,53,132.885,133.512
par11,I,145,0,76,38,133.443,133.774
par11,I,146,0,74,59,133.774,134.376
par11,I,147,0,72,41,134.407,135.238
par11,I,148,0,79,51,135.096,136.261
par11,I,149,0,79,49,136.401,136.908
par11,I,150,0,79,35,137.785,138.329
par11,I,151,0,74,47,138.311,138.652
par11,I,152,0,72,66,144.724,145.326
par11,I,153,0,76,68,145.955,146.248
par11,I,154,0,72,53,146.343,146.673
par11,I,155,0,76,60,147.148,147.418
par11,I,156,0,74,45,147.517,147.768
par11,I,157,0,79,61,148.081,148.595
par11,I,158,0,76,44,148.394,148.825
par11,I,159,0,76,45,148.972,149.285
par11,I,160,0,77,60,149.591,150.284
par11,I,161,0,79,42,150.179,150.43
par11,I,162,0,79,48,150.762,151.201
par11,I,163,0,77,58,151.139,151.449
par11,I,164,0,72,20,151.751,151.878
par11,I,165,0,72,64,152.065,152.649
par11,I,166,0,74,45,152.704,153.498
par11,I,167,0,76,49,153.291,153.925
par11,I,168,0,74,60,154.497,154.917
par11,I,169,0,76,48,154.804,155.057
par11,I,170,0,72,46,155.377,155.673
par11,I,171,0,76,53,155.666,156.055
par11,I,172,0,77,56,156.225,156.443
par11,I,173,0,79,44,156.797,157.408
par11,I,174,0,77,30,157.132,157.514
par11,I,175,0,76,35,157.736,158.037
par11,I,176,0,74,57,158.085,158.443
par11,I,177,0,72,45,158.753,158.949
par11,I,178,0,79,56,159.204,159.84
par11,I,179,0,79,35,160.514,161.141
par11,I,180,0,76,60,161.135,161.329
par11,I,181,0,79,62,161.707,161.965
par11,I,182,0,76,52,162.079,162.311
par11,I,183,0,79,49,162.526,162.858
par11,I,184,0,77,39,162.917,163.444
par11,I,185,0,74,40,163.531,163.779
par11,I,186,0,72,52,164.177,164.932
par11,I,187,0,74,56,164.8,165.039
par11,I,188,0,72,49,165.414,166.162
par11,I,189,0,74,50,166.004,166.24
par11,I,190,0,72,48,166.608,167.31
par11,I,191,0,74,55,167.16,167.409
par11,I,192,0,79,69,167.914,168.609
par11,I,193,0,79,45,169.05,169.667
par11,I,194,0,76,66,169.658,169.868
par11,I,195,0,76,57,170.759,170.954
par11,I,196,0,79,49,170.209,171.087
par11,I,197,0,72,46,171.377,171.72
par11,I,198,0,74,49,171.728,171.963
par11,I,199,0,72,41,172.29,172.66
par11,I,200,0,74,55,172.607,173.248
par11,I,201,0,79,37,173.929,174.353
par11,I,202,0,79,52,175.189,175.791
par11,I,203,0,79,48,176.362,176.871
par11,I,204,0,77,46,176.709,176.92
par11,I,205,0,76,40,177.249,177.447
par11,I,206,0,79,49,177.584,178.197
par11,I,207,0,74,51,178.196,178.419
par11,I,208,0,72,60,178.809,179.495
par11,I,209,0,79,46,179.995,180.717
par11,I,210,0,72,56,181.186,181.557
par11,I,211,0,74,55,181.572,181.862
par11,I,212,0,72,49,182.074,182.61
par11,I,213,0,74,54,182.423,183.086
par11,I,214,0,72,48,183.67,184.047
par11,I,215,0,74,55,183.983,184.251
par11,I,216,0,76,57,184.521,184.729
par11,I,217,0,77,60,184.858,185.318
par11,I,218,0,76,49,185.419,185.701
par11,I,219,0,77,22,186.082,186.65
par11,I,220,0,76,43,186.697,186.924
par11,I,221,0,77,52,187.212,187.856
par11,I,222,0,76,57,187.812,188.044
par11,I,223,0,76,54,188.428,188.886
par11,I,224,0,77,55,188.749,189.319
par11,I,225,0,79,50,189.283,190.293
par11,I,226,0,77,58,189.647,190.404
par11,I,227,0,76,51,190.25,190.492
par11,I,228,0,76,48,190.839,191.542
par11,I,229,0,74,56,191.458,191.73
par11,I,230,0,72,54,192.03,192.72
par11,I,231,0,72,58,193.413,193.704
par11,I,232,0,74,55,193.769,194.081
par11,I,0,1,77,70,4.889,5.589
par11,I,1,1,72,72,7.342,7.588
par11,I,2,1,74,64,7.688,8.005
par11,I,3,1,72,59,9.706,10.015
par11,I,4,1,74,61,10.015,10.214
par11,I,5,1,76,56,10.357,10.627
par11,I,6,1,79,66,10.949,11.665
par11,I,7,1,72,56,12.219,12.474
par11,I,8,1,74,67,12.541,12.833
par11,I,9,1,72,49,13.083,13.342
par11,I,10,1,74,52,13.4,13.693
par11,I,11,1,76,60,13.967,14.203
par11,I,12,1,76,56,14.976,15.188
par11,I,13,1,79,68,14.557,15.311
par11,I,14,1,77,55,15.522,15.667
par11,I,15,1,76,57,15.828,16.307
par11,I,16,1,74,51,16.46,16.681
par11,I,17,1,72,50,17.053,17.495
par11,I,18,1,74,54,17.412,17.678
par11,I,19,1,72,51,17.907,18.107
par11,I,20,1,74,53,18.248,18.613
par11,I,21,1,76,65,18.855,19.036
par11,I,22,1,77,62,19.471,20.155
par11,I,23,1,79,36,20.007,20.359
par11,I,24,1,79,44,20.661,21.333
par11,I,25,1,79,50,21.928,22.417
par11,I,26,1,77,43,22.309,22.493
par11,I,27,1,76,60,22.842,22.956
par11,I,28,1,79,57,23.166,23.686
par11,I,29,1,72,47,24.399,24.616
par11,I,30,1,74,50,24.775,25.002
par11,I,31,1,72,46,25.27,25.563
par11,I,32,1,74,56,25.598,25.929
par11,I,33,1,76,58,26.183,26.391
par11,I,34,1,72,43,26.799,27.094
par11,I,35,1,74,56,27.128,27.411
par11,I,36,1,72,49,27.652,27.815
par11,I,37,1,74,51,27.958,28.131
par11,I,38,1,76,54,28.241,28.403
par11,I,39,1,77,59,28.536,28.923
par11,I,40,1,76,45,29.762,29.987
par11,I,41,1,79,48,29.146,30.028
par11,I,42,1,79,46,30.343,31.009
par11,I,43,1,79,18,31.658,32.221
par11,I,44,1,76,60,32.272,32.484
par11,I,45,1,76,50,32.868,33.564
par11,I,46,1,79,52,33.476,33.649
par11,I,47,1,79,43,34.046,34.86
par11,I,48,1,76,45,34.62,34.888
par11,I,49,1,74,41,35.259,35.923
par11,I,50,1,72,55,36.612,36.91
par11,I,51,1,74,44,36.982,37.204
par11,I,52,1,72,49,37.591,37.924
par11,I,53,1,74,54,37.926,38.149
par11,I,54,1,76,62,38.489,38.696
par11,I,55,1,79,22,38.996,39.688
par11,I,56,1,79,49,40.176,40.886
par11,I,57,1,76,56,41.416,41.742
par11,I,58,1,79,49,41.741,42.037
par11,I,59,1,76,49,42.265,42.63
par11,I,60,1,79,50,42.599,43.048
par11,I,61,1,77,59,43.197,43.428
par11,I,62,1,79,54,43.797,44.518
par11,I,63,1,72,57,45.014,45.746
par11,I,64,1,79,55,46.286,46.969
par11,I,65,1,72,51,47.466,48.09
par11,I,66,1,79,64,48.729,48.975
par11,I,67,1,72,51,49.274,49.577
par11,I,68,1,74,58,49.897,50.64
par11,I,69,1,76,46,50.544,50.788
par11,I,70,1,76,58,51.158,51.41
par11,I,71,1,74,46,51.514,51.76
par11,I,72,1,76,55,52.071,52.252
par11,I,73,1,74,46,52.371,52.693
par11,I,74,1,72,38,53.005,53.246
par11,I,75,1,72,52,53.641,54.334
par11,I,76,1,79,53,54.763,55.491
par11,I,77,1,74,49,55.957,56.194
par11,I,78,1,76,56,56.319,56.525
par11,I,79,1,74,45,56.79,57.079
par11,I,80,1,76,50,57.121,57.304
par11,I,81,1,79,58,57.669,57.987
par11,I,82,1,76,60,58.254,58.921
par11,I,83,1,79,52,59.353,60.015
par11,I,84,1,77,60,60.411,60.624
par11,I,85,1,79,45,60.721,61.0
par11,I,86,1,77,49,61.243,61.508
par11,I,87,1,79,46,61.554,61.898
par11,I,88,1,79,43,62.113,62.405
par11,I,89,1,76,41,62.661,63.277
par11,I,90,1,74,43,63.877,64.494
par11,I,91,1,72,46,65.104,65.328
par11,I,92,1,74,55,65.477,65.689
par11,I,93,1,72,49,65.958,66.225
par11,I,94,1,74,46,66.293,66.547
par11,I,95,1,72,40,66.868,67.103
par11,I,96,1,76,36,67.51,68.239
par11,I,97,1,77,27,68.83,69.445
par11,I,98,1,79,53,70.027,70.693
par11,I,99,1,76,56,71.242,71.852
par11,I,100,1,79,49,72.458,72.72
par11,I,101,1,76,41,72.767,73.096
par11,I,102,1,79,60,73.299,73.598
par11,I,103,1,76,40,73.643,73.885
par11,I,104,1,74,41,74.226,74.424
par11,I,105,1,72,49,74.815,75.607
par11,I,106,1,74,64,75.481,75.805
par11,I,107,1,72,40,76.101,76.703
par11,I,108,1,79,64,77.282,77.994
par11,I,109,1,77,59,78.507,79.187
par11,I,110,1,79,51,79.767,80.189
par11,I,111,1,79,42,80.368,80.633
par11,I,112,1,79,53,80.912,81.567
par11,I,113,1,77,51,81.501,81.728
par11,I,114,1,76,64,82.083,82.761
par11,I,115,1,72,49,83.337,83.938
par11,I,116,1,74,55,83.966,84.25
par11,I,117,1,72,40,84.54,85.107
par11,I,118,1,72,58,87.046,87.327
par11,I,119,1,74,61,87.373,87.59
par11,I,120,1,72,45,87.9,88.143
par11,I,121,1,74,38,88.243,88.43
par11,I,122,1,76,50,88.855,88.999
par11,I,123,1,79,57,89.391,90.084
par11,I,124,1,76,56,89.961,90.185
par11,I,125,1,79,56,90.53,91.251
par11,I,126,1,77,50,91.833,92.129
par11,I,127,1,79,31,92.221,92.514
par11,I,128,1,77,58,92.751,92.992
par11,I,129,1,76,1,93.369,93.702
par11,I,130,1,72,42,94.232,94.685
par11,I,131,1,77,27,96.893,97.182
par11,I,132,1,72,71,101.016,101.65
par11,I,133,1,74,73,102.224,102.797
par11,I,134,1,72,54,103.423,103.71
par11,I,135,1,74,52,103.8,104.053
par11,I,136,1,72,53,104.328,104.65
par11,I,137,1,74,49,104.696,104.909
par11,I,138,1,76,53,105.297,105.484
par11,I,139,1,79,62,105.852,106.556
par11,I,140,1,76,48,107.094,107.691
par11,I,141,1,79,54,108.335,108.677
par11,I,142,1,77,54,108.686,108.909
par11,I,143,1,79,56,109.159,109.401
par11,I,144,1,77,55,109.552,109.809
par11,I,145,1,74,42,110.169,110.39
par11,I,146,1,72,54,110.769,111.467
par11,I,147,1,76,67,111.96,112.642
par11,I,148,1,72,51,113.151,113.415
par11,I,149,1,74,61,113.517,113.748
par11,I,150,1,72,55,114.021,114.257
par11,I,151,1,74,57,114.358,114.617
par11,I,152,1,72,49,114.909,115.13
par11,I,153,1,79,57,115.516,116.357
par11,I,154,1,79,58,116.79,117.502
par11,I,155,1,79,54,117.984,118.269
par11,I,156,1,76,58,118.334,118.551
par11,I,157,1,79,61,118.808,119.168
par11,I,158,1,76,49,119.133,119.303
par11,I,159,1,76,57,119.695,119.916
par11,I,160,1,74,45,120.285,120.96
par11,I,161,1,72,46,121.694,122.281
par11,I,162,1,72,50,122.938,123.21
par11,I,163,1,76,62,123.252,123.508
par11,I,164,1,72,49,123.789,124.101
par11,I,165,1,76,52,124.131,124.395
par11,I,166,1,79,49,124.774,124.98
par11,I,167,1,79,44,125.355,126.065
par11,I,168,1,77,65,125.935,126.206
par11,I,169,1,79,39,126.543,127.257
par11,I,170,1,76,55,127.146,127.295
par11,I,171,1,72,48,127.784,128.01
par11,I,172,1,74,59,128.107,128.311
par11,I,173,1,76,59,128.64,128.753
par11,I,174,1,74,56,128.935,129.671
par11,I,175,1,76,51,129.546,129.821
par11,I,176,1,77,38,130.186,130.896
par11,I,177,1,79,36,130.813,131.185
par11,I,178,1,77,62,131.44,132.071
par11,I,179,1,76,49,132.06,132.275
par11,I,180,1,72,56,133.015,133.296
par11,I,181,1,74,51,132.601,133.311
par11,I,182,1,74,53,133.565,134.027
par11,I,183,1,72,58,133.872,134.099
par11,I,184,1,72,59,134.447,134.753
par11,I,185,1,74,57,135.064,135.767
par11,I,186,1,76,61,135.652,136.094
par11,I,187,1,77,55,136.268,136.88
par11,I,188,1,79,58,137.52,138.031
par11,I,189,1,76,39,137.815,138.046
par11,I,190,1,79,57,138.342,138.825
par11,I,191,1,76,39,138.682,138.876
par11,I,192,1,79,53,139.18,139.604
par11,I,193,1,72,58,139.843,140.517
par11,I,194,1,77,46,141.213,141.824
par11,I,195,1,79,56,142.397,142.916
par11,I,196,1,72,47,142.826,143.087
par11,I,197,1,72,48,143.396,143.941
par11,I,198,1,79,39,143.726,144.07
par11,I,199,1,79,61,144.328,144.582
par11,I,200,1,72,51,144.87,145.538
par11,I,201,1,74,61,146.52,146.74
par11,I,202,1,72,45,146.005,146.793
par11,I,203,1,76,57,147.153,147.785
par11,I,204,1,74,59,147.724,147.9
par11,I,205,1,77,38,148.303,148.925
par11,I,206,1,76,31,148.837,149.11
par11,I,207,1,79,47,149.429,150.034
par11,I,208,1,72,55,155.763,156.471
par11,I,209,1,74,61,156.969,157.646
par11,I,210,1,72,51,158.175,158.498
par11,I,211,1,74,46,158.54,158.812
par11,I,212,1,72,55,159.047,159.272
par11,I,213,1,74,65,159.425,159.629
par11,I,214,1,74,64,160.023,160.264
par11,I,215,1,76,30,160.737,160.912
par11,I,216,1,76,43,161.381,161.58
par11,I,217,1,72,74,175.231,175.821
par11,I,218,1,74,72,176.357,177.014
par11,I,219,1,72,68,177.576,177.938
par11,I,220,1,74,73,177.921,178.11
par11,I,221,1,72,65,178.399,178.602
par11,I,222,1,74,53,178.801,178.99
par11,I,223,1,76,52,179.403,179.562
par11,I,224,1,77,59,180.037,180.773
par11,I,225,1,79,65,184.983,185.644
par11,I,226,1,79,55,190.966,191.668
par11,I,227,1,77,63,192.197,192.895
par11,I,228,1,79,71,193.413,193.783
par11,I,229,1,77,58,193.811,194.026
par11,I,230,1,79,71,194.304,194.512
par12,S,0,0,72,34,5.554,5.713
par12,S,1,0,74,31,6.147,6.298
par12,S,2,0,76,35,6.647,6.812
par12,S,3,0,77,36,7.176,7.368
par12,S,4,0,79,35,7.702,7.938
par12,S,5,0,72,23,8.341,8.513
par12,S,6,0,74,42,8.847,9.025
par12,S,7,0,76,42,9.325,9.489
par12,S,8,0,77,38,9.858,10.047
par12,S,9,0,79,42,10.374,10.62
par12,S,10,0,72,28,11.034,11.21
par12,S,11,0,74,41,11.485,11.65
par12,S,12,0,76,49,11.968,12.148
par12,S,13,0,77,38,12.487,12.687
par12,S,14,0,79,44,12.988,13.197
par12,S,15,0,72,19,13.591,13.76
par12,S,16,0,74,31,14.138,14.289
par12,S,17,0,76,46,14.641,14.795
par12,S,18,0,77,34,15.132,15.305
par12,S,19,0,79,19,15.701,15.943
par12,S,20,0,79,37,16.274,16.485
par12,S,21,0,77,38,16.81,16.995
par12,S,22,0,76,46,17.306,17.447
par12,S,23,0,74,39,17.823,17.968
par12,S,24,0,72,20,18.343,18.55
par12,S,25,0,79,26,18.901,19.124
par12,S,26,0,77,30,19.411,19.582
par12,S,27,0,76,14,19.996,20.155
par12,S,28,0,74,30,20.489,20.613
par12,S,29,0,72,31,20.994,21.166
par12,S,30,0,79,34,21.531,21.721
par12,S,31,0,77,40,22.047,22.21
par12,S,32,0,76,32,22.549,22.703
par12,S,33,0,74,32,23.091,23.238
par12,S,34,0,72,27,23.614,23.787
par12,S,35,0,79,32,24.166,24.377
par12,S,36,0,77,42,24.633,24.784
par12,S,37,0,76,46,25.148,25.285
par12,S,38,0,74,35,25.743,25.904
par12,S,39,0,72,41,26.381,26.535
par12,S,40,0,74,42,27.333,27.472
par12,S,41,0,76,49,27.826,27.971
par12,S,42,0,77,19,28.418,28.603
par12,S,43,0,79,34,28.97,29.175
par12,S,44,0,72,25,29.601,29.735
par12,S,45,0,74,52,30.193,30.349
par12,S,46,0,76,56,30.728,30.884
par12,S,47,0,77,39,31.211,31.399
par12,S,48,0,79,31,31.753,31.945
par12,S,49,0,72,36,32.367,32.518
par12,S,50,0,74,39,32.998,33.124
par12,S,51,0,76,42,33.453,33.596
par12,S,52,0,77,37,33.938,34.132
par12,S,53,0,79,23,34.519,34.712
par12,S,54,0,72,24,35.175,35.341
par12,S,55,0,74,39,35.788,35.92
par12,S,56,0,76,53,36.311,36.464
par12,S,57,0,77,38,36.843,37.017
par12,S,58,0,79,13,37.343,37.575
par12,S,59,0,72,27,37.947,38.096
par12,S,60,0,74,42,38.436,38.591
par12,S,61,0,76,34,38.931,39.065
par12,S,62,0,77,36,39.429,39.637
par12,S,63,0,79,23,39.965,40.137
par12,S,64,0,72,19,40.565,40.728
par12,S,65,0,77,40,41.486,41.691
par12,S,66,0,76,55,42.012,42.166
par12,S,67,0,74,42,42.725,42.867
par12,S,68,0,72,9,43.279,43.441
par12,S,69,0,79,31,43.851,44.041
par12,S,70,0,77,39,44.559,44.724
par12,S,71,0,76,36,45.034,45.154
par12,S,72,0,74,36,45.646,45.783
par12,S,73,0,72,16,46.177,46.343
par12,S,74,0,79,38,46.688,46.906
par12,S,75,0,77,30,47.39,47.564
par12,S,76,0,76,39,47.957,48.097
par12,S,77,0,74,37,48.457,48.613
par12,S,78,0,72,13,48.986,49.166
par12,S,79,0,79,24,49.509,49.716
par12,S,80,0,76,28,50.234,50.393
par12,S,81,0,76,37,53.172,53.241
par12,S,82,0,76,57,53.852,54.025
par12,S,83,0,74,49,54.336,54.468
par12,S,84,0,72,20,54.827,54.994
par12,S,85,0,79,32,55.386,55.593
par12,S,86,0,76,55,57.658,57.817
par12,S,87,0,77,35,58.129,58.314
par12,S,88,0,79,43,58.567,58.779
par12,S,89,0,74,38,59.145,59.305
par12,S,90,0,72,36,59.601,59.784
par12,S,91,0,76,47,60.508,60.65
par12,S,92,0,77,36,60.987,61.189
par12,S,93,0,79,42,61.456,61.642
par12,S,94,0,74,39,61.916,62.06
par12,S,95,0,72,28,62.405,62.578
par12,S,96,0,76,47,63.046,63.192
par12,S,97,0,77,35,63.563,63.746
par12,S,98,0,79,33,64.02,64.22
par12,S,99,0,74,44,64.57,64.693
par12,S,100,0,72,27,65.097,65.262
par12,S,101,0,76,54,65.958,66.114
par12,S,102,0,77,38,66.421,66.596
par12,S,103,0,79,30,66.906,67.06
par12,S,104,0,74,37,67.553,67.645
par12,S,105,0,72,25,68.147,68.337
par12,S,106,0,76,37,70.074,70.211
par12,S,107,0,74,49,70.54,70.67
par12,S,108,0,72,27,71.058,71.24
par12,S,109,0,77,41,71.607,71.768
par12,S,110,0,79,35,72.112,72.311
par12,S,111,0,76,44,73.117,73.263
par12,S,112,0,74,30,73.65,73.794
par12,S,113,0,72,30,74.14,74.298
par12,S,114,0,77,33,74.627,74.788
par12,S,115,0,79,36,75.15,75.339
par12,S,116,0,76,37,76.239,76.384
par12,S,117,0,74,41,76.801,76.906
par12,S,118,0,72,25,77.293,77.458
par12,S,119,0,77,38,77.833,78.005
par12,S,120,0,79,34,78.331,78.504
par12,S,121,0,76,34,79.298,79.432
par12,S,122,0,74,36,79.788,79.894
par12,S,123,0,72,33,80.241,80.394
par12,S,124,0,77,33,81.441,81.611
par12,S,125,0,79,23,81.943,82.138
par12,S,126,0,77,40,82.995,83.16
par12,S,127,0,79,33,83.47,83.635
par12,S,128,0,76,45,84.135,84.271
par12,S,129,0,74,33,84.603,84.7
par12,S,130,0,72,31,85.069,85.256
par12,S,131,0,77,35,85.788,85.96
par12,S,132,0,79,30,86.3,86.475
par12,S,133,0,76,39,87.028,87.159
par12,S,134,0,74,35,87.459,87.575
par12,S,135,0,72,36,87.943,88.127
par12,S,136,0,77,9,88.857,89.055
par12,S,137,0,79,30,89.347,89.549
par12,S,138,0,76,46,89.951,90.096
par12,S,139,0,74,38,90.407,90.537
par12,S,140,0,72,27,90.927,91.087
par12,S,141,0,77,28,91.628,91.812
par12,S,142,0,79,38,92.496,92.696
par12,S,143,0,76,45,93.16,93.328
par12,S,144,0,74,31,93.688,93.814
par12,S,145,0,72,26,94.264,94.438
par12,S,146,0,74,32,95.934,96.067
par12,S,147,0,72,21,96.445,96.65
par12,S,148,0,76,47,97.317,97.455
par12,S,149,0,77,35,97.746,97.948
par12,S,150,0,77,33,98.309,98.482
par12,S,151,0,76,54,100.131,100.3
par12,S,152,0,74,47,100.645,100.777
par12,S,153,0,77,33,101.22,101.417
par12,S,154,0,77,39,102.987,103.178
par12,S,155,0,79,36,103.333,103.479
par12,S,156,0,76,46,106.366,106.519
par12,S,157,0,74,50,106.882,107.011
par12,S,158,0,77,48,107.824,108.02
par12,S,159,0,79,23,108.774,108.966
par12,S,160,0,74,59,111.318,111.46
par12,S,161,0,74,29,111.877,111.957
par12,S,162,0,72,3,111.865,112.158
par12,S,163,0,74,43,113.318,113.448
par12,S,164,0,72,44,113.771,113.926
par12,S,165,0,76,51,114.311,114.471
par12,S,166,0,77,36,115.248,115.437
par12,S,167,0,79,50,115.816,116.041
par12,S,168,0,74,47,117.039,117.171
par12,S,169,0,72,35,117.561,117.74
par12,S,170,0,76,44,118.139,118.311
par12,S,171,0,77,55,118.637,118.814
par12,S,172,0,79,46,119.098,119.343
par12,S,173,0,74,35,120.266,120.403
par12,S,174,0,72,36,120.74,120.937
par12,S,175,0,76,43,121.326,121.454
par12,S,176,0,77,47,121.749,121.92
par12,S,177,0,79,42,122.279,122.497
par12,S,178,0,74,28,123.711,123.85
par12,S,179,0,72,5,124.25,124.406
par12,S,180,0,76,38,124.802,124.923
par12,S,181,0,77,45,125.317,125.502
par12,S,182,0,79,39,125.85,126.09
par12,S,183,0,74,35,127.391,127.536
par12,S,184,0,72,31,131.686,131.812
par12,S,185,0,74,46,132.125,132.271
par12,S,186,0,76,43,132.619,132.755
par12,S,187,0,77,37,133.064,133.239
par12,S,188,0,79,37,133.516,133.716
par12,S,189,0,72,21,134.221,134.359
par12,S,190,0,74,51,134.666,134.813
par12,S,191,0,76,46,135.077,135.255
par12,S,192,0,77,37,135.514,135.709
par12,S,193,0,79,1,136.26,136.595
par12,S,194,0,79,58,136.737,136.871
par12,S,195,0,72,40,137.599,137.776
par12,S,196,0,74,44,138.061,138.192
par12,S,197,0,76,51,138.483,138.628
par12,S,198,0,77,46,138.905,139.081
par12,S,199,0,79,49,139.355,139.553
par12,S,200,0,72,36,140.248,140.421
par12,S,201,0,74,46,140.732,140.859
par12,S,202,0,76,52,141.119,141.272
par12,S,203,0,77,46,141.587,141.769
par12,S,204,0,79,39,142.123,142.348
par12,S,205,0,79,37,143.617,143.877
par12,S,206,0,77,39,144.138,144.359
par12,S,207,0,76,52,144.552,144.701
par12,S,208,0,74,43,145.017,145.148
par12,S,209,0,72,40,145.472,145.624
par12,S,210,0,79,37,146.224,146.438
par12,S,211,0,77,41,146.723,146.902
par12,S,212,0,76,42,147.177,147.316
par12,S,213,0,74,41,147.634,147.785
par12,S,214,0,72,35,148.321,148.427
par12,S,215,0,79,39,149.06,149.253
par12,S,216,0,77,38,149.518,149.674
par12,S,217,0,76,36,149.948,150.071
par12,S,218,0,74,31,150.384,150.477
par12,S,219,0,72,27,150.929,151.09
par12,S,220,0,74,28,151.999,152.098
par12,S,221,0,76,58,152.415,152.556
par12,S,222,0,77,42,152.864,153.032
par12,S,223,0,79,44,153.278,153.489
par12,S,224,0,72,36,153.781,153.934
par12,S,225,0,74,38,154.898,155.005
par12,S,226,0,76,45,155.34,155.448
par12,S,227,0,77,38,155.751,155.932
par12,S,228,0,79,37,156.174,156.36
par12,S,229,0,72,39,156.628,156.795
par12,S,230,0,74,36,157.509,157.626
par12,S,231,0,76,32,157.923,158.044
par12,S,232,0,77,43,158.338,158.503
par12,S,233,0,79,41,158.763,158.945
par12,S,234,0,72,38,159.262,159.469
par12,S,235,0,77,45,160.447,160.621
par12,S,236,0,76,43,160.915,161.056
par12,S,237,0,74,36,161.505,161.613
par12,S,238,0,72,35,161.974,162.168
par12,S,239,0,79,48,162.456,162.665
par12,S,240,0,77,40,164.137,164.297
par12,S,241,0,76,47,164.529,164.669
par12,S,242,0,74,43,164.994,165.115
par12,S,243,0,72,20,165.46,165.597
par12,S,244,0,79,52,165.896,166.103
par12,S,245,0,77,38,167.1,167.272
par12,S,246,0,76,36,167.534,167.669
par12,S,247,0,74,29,167.975,168.089
par12,S,248,0,72,27,168.402,168.553
par12,S,249,0,79,46,168.841,169.033
par12,S,250,0,76,51,170.29,170.432
par12,S,251,0,77,43,170.72,170.868
par12,S,252,0,79,41,171.159,171.327
par12,S,253,0,74,38,171.679,171.779
par12,S,254,0,72,28,172.131,172.282
par12,S,255,0,76,39,173.062,173.195
par12,S,256,0,77,38,173.509,173.649
par12,S,257,0,79,44,173.907,174.107
par12,S,258,0,74,50,174.743,174.883
par12,S,259,0,72,31,175.227,175.392
par12,S,260,0,76,43,176.607,176.745
par12,S,261,0,77,39,177.029,177.172
par12,S,262,0,79,44,177.425,177.614
par12,S,263,0,74,34,178.057,178.147
par12,S,264,0,72,13,178.597,178.749
par12,S,265,0,76,56,179.813,179.968
par12,S,266,0,74,34,180.339,180.448
par12,S,267,0,72,31,180.892,181.061
par12,S,268,0,77,44,181.431,181.601
par12,S,269,0,79,41,181.911,182.105
par12,S,270,0,76,47,183.043,183.187
par12,S,271,0,74,43,183.541,183.629
par12,S,272,0,72,28,184.063,184.218
par12,S,273,0,77,33,185.265,185.428
par12,S,274,0,79,51,185.732,185.932
par12,S,275,0,76,39,186.99,187.108
par12,S,276,0,74,44,187.438,187.537
par12,S,277,0,72,31,187.84,188.005
par12,S,278,0,77,39,188.284,188.432
par12,S,279,0,79,44,188.717,188.899
par12,S,280,0,76,24,189.888,190.026
par12,S,281,0,74,35,190.366,190.478
par12,S,282,0,72,23,190.826,191.005
par12,S,283,0,77,36,191.307,191.485
par12,S,284,0,79,30,191.835,191.997
par12,S,285,0,77,35,193.314,193.471
par12,S,286,0,79,40,193.754,193.969
par12,S,0,1,72,48,2.393,2.556
par12,S,1,1,74,43,2.913,3.069
par12,S,2,1,76,43,3.427,3.58
par12,S,3,1,77,37,3.947,4.138
par12,S,4,1,79,39,4.442,4.641
par12,S,5,1,72,34,7.36,7.506
par12,S,6,1,74,33,7.886,8.024
par12,S,7,1,76,46,8.395,8.56
par12,S,8,1,77,39,8.967,9.144
par12,S,9,1,79,50,9.449,9.636
par12,S,10,1,72,25,12.061,12.207
par12,S,11,1,74,23,12.689,12.824
par12,S,12,1,76,32,13.238,13.383
par12,S,13,1,77,31,13.767,13.97
par12,S,14,1,79,35,14.303,14.523
par12,S,15,1,72,33,17.035,17.162
par12,S,16,1,74,38,17.637,17.754
par12,S,17,1,76,48,18.146,18.293
par12,S,18,1,77,41,18.665,18.836
par12,S,19,1,79,33,19.22,19.429
par12,S,20,1,79,32,21.851,22.035
par12,S,21,1,77,39,22.369,22.534
par12,S,22,1,76,37,22.906,23.069
par12,S,23,1,74,28,23.484,23.629
par12,S,24,1,72,31,24.054,24.232
par12,S,25,1,79,25,26.709,26.877
par12,S,26,1,77,21,27.25,27.371
par12,S,27,1,76,21,27.791,27.935
par12,S,28,1,74,30,28.362,28.489
par12,S,29,1,72,31,28.963,29.105
par12,S,30,1,79,28,31.587,31.757
par12,S,31,1,77,33,32.119,32.277
par12,S,32,1,76,43,32.658,32.809
par12,S,33,1,74,30,33.264,33.387
par12,S,34,1,72,34,33.983,34.151
par12,S,35,1,79,5,36.414,36.607
par12,S,36,1,77,31,36.983,37.136
par12,S,37,1,76,34,37.552,37.69
par12,S,38,1,74,35,38.16,38.282
par12,S,39,1,72,30,38.772,38.925
par12,S,40,1,74,31,41.373,41.497
par12,S,41,1,76,43,41.927,42.061
par12,S,42,1,77,35,42.482,42.667
par12,S,43,1,79,39,43.0,43.203
par12,S,44,1,72,31,43.68,43.819
par12,S,45,1,74,37,46.24,46.382
par12,S,46,1,76,45,46.794,46.936
par12,S,47,1,77,40,47.405,47.577
par12,S,48,1,79,36,47.949,48.146
par12,S,49,1,72,27,48.616,48.794
par12,S,50,1,74,18,51.094,51.233
par12,S,51,1,76,43,51.65,51.786
par12,S,52,1,77,33,52.211,52.38
par12,S,53,1,79,30,52.765,52.972
par12,S,54,1,72,18,53.484,53.621
par12,S,55,1,74,23,55.963,56.092
par12,S,56,1,76,30,56.511,56.648
par12,S,57,1,77,16,57.087,57.261
par12,S,58,1,79,35,57.677,57.872
par12,S,59,1,72,26,58.874,58.994
par12,S,60,1,77,34,63.306,63.474
par12,S,61,1,76,37,63.849,64.006
par12,S,62,1,74,48,64.454,64.588
par12,S,63,1,72,27,65.048,65.198
par12,S,64,1,79,25,65.657,65.871
par12,S,65,1,77,33,68.148,68.326
par12,S,66,1,76,29,68.719,68.851
par12,S,67,1,74,24,69.344,69.455
par12,S,68,1,72,14,69.959,70.139
par12,S,69,1,79,28,70.528,70.721
par12,S,70,1,77,38,72.958,73.151
par12,S,71,1,76,44,73.525,73.671
par12,S,72,1,74,36,74.148,74.283
par12,S,73,1,72,22,74.752,74.889
par12,S,74,1,79,38,75.38,75.569
par12,S,75,1,77,36,77.906,78.093
par12,S,76,1,76,52,78.449,78.616
par12,S,77,1,74,31,79.071,79.211
par12,S,78,1,72,25,79.654,79.807
par12,S,79,1,79,33,80.245,80.431
par12,S,80,1,76,36,82.736,82.867
par12,S,81,1,77,30,83.35,83.511
par12,S,82,1,77,34,83.955,84.15
par12,S,83,1,74,39,84.638,84.771
par12,S,84,1,72,31,85.206,85.367
par12,S,85,1,76,37,87.606,87.777
par12,S,86,1,77,30,88.194,88.366
par12,S,87,1,79,35,88.808,88.959
par12,S,88,1,76,45,89.396,89.542
par12,S,89,1,74,28,90.592,90.684
par12,S,90,1,76,41,92.586,92.721
par12,S,91,1,77,41,93.111,93.271
par12,S,92,1,79,47,93.654,93.824
par12,S,93,1,74,41,94.474,94.603
par12,S,94,1,72,28,94.988,95.139
par12,S,95,1,76,30,97.356,97.486
par12,S,96,1,77,42,97.877,98.059
par12,S,97,1,79,30,98.446,98.633
par12,S,98,1,74,35,99.02,99.165
par12,S,99,1,72,28,99.688,99.836
par12,S,100,1,76,19,102.292,102.415
par12,S,101,1,77,50,103.332,103.49
par12,S,102,1,79,36,103.734,103.916
par12,S,103,1,74,38,104.3,104.404
par12,S,104,1,72,16,104.914,105.031
par12,S,105,1,76,12,107.13,107.281
par12,S,106,1,74,31,107.699,107.831
par12,S,107,1,72,23,108.239,108.403
par12,S,108,1,77,43,108.776,108.96
par12,S,109,1,79,40,109.356,109.584
par12,S,110,1,76,49,111.953,112.117
par12,S,111,1,74,33,112.512,112.66
par12,S,112,1,72,26,113.067,113.226
par12,S,113,1,77,35,113.607,113.81
par12,S,114,1,79,39,114.214,114.408
par12,S,115,1,76,7,116.813,116.964
par12,S,116,1,74,38,117.416,117.535
par12,S,117,1,72,26,117.937,118.081
par12,S,118,1,77,44,118.529,118.732
par12,S,119,1,79,33,119.135,119.327
par12,S,120,1,76,37,121.699,121.857
par12,S,121,1,74,36,122.276,122.41
par12,S,122,1,72,28,122.818,122.985
par12,S,123,1,77,31,123.376,123.551
par12,S,124,1,79,37,123.98,124.175
par12,S,125,1,77,23,126.601,126.753
par12,S,126,1,79,24,127.128,127.316
par12,S,127,1,76,39,127.737,127.906
par12,S,128,1,74,23,128.369,128.465
par12,S,129,1,72,9,128.998,129.133
par12,S,130,1,77,36,131.414,131.589
par12,S,131,1,79,24,131.989,132.169
par12,S,132,1,76,45,132.618,132.758
par12,S,133,1,74,29,133.227,133.334
par12,S,134,1,72,32,133.905,134.028
par12,S,135,1,77,41,136.254,136.417
par12,S,136,1,79,26,136.852,137.008
par12,S,137,1,76,23,137.514,137.624
par12,S,138,1,74,41,138.125,138.249
par12,S,139,1,72,31,138.721,138.857
par12,S,140,1,77,43,141.14,141.298
par12,S,141,1,79,22,141.748,141.913
par12,S,142,1,76,9,142.377,142.522
par12,S,143,1,74,37,142.977,143.059
par12,S,144,1,72,23,143.614,143.715
par12,S,145,1,74,35,146.059,146.178
par12,S,146,1,72,10,146.593,146.749
par12,S,147,1,76,33,147.192,147.364
par12,S,148,1,77,40,147.777,147.935
par12,S,149,1,79,41,148.383,148.575
par12,S,150,1,74,33,150.943,151.055
par12,S,151,1,72,27,151.505,151.633
par12,S,152,1,76,44,152.046,152.183
par12,S,153,1,77,44,152.634,152.809
par12,S,154,1,79,42,153.235,153.429
par12,S,155,1,74,41,155.731,155.867
par12,S,156,1,72,37,156.32,156.437
par12,S,157,1,76,36,156.889,157.037
par12,S,158,1,77,48,157.458,157.626
par12,S,159,1,79,44,158.034,158.225
par12,S,160,1,74,30,160.644,160.782
par12,S,161,1,72,28,161.17,161.309
par12,S,162,1,76,27,161.761,161.88
par12,S,163,1,77,38,162.289,162.465
par12,S,164,1,79,34,162.881,163.079
par12,S,165,1,72,40,165.825,165.944
par12,S,166,1,74,44,166.353,166.496
par12,S,167,1,76,44,166.869,167.025
par12,S,168,1,77,34,167.406,167.586
par12,S,169,1,79,43,167.861,168.104
par12,S,170,1,72,33,170.281,170.422
par12,S,171,1,74,55,171.197,171.328
par12,S,172,1,76,47,171.649,171.799
par12,S,173,1,77,40,172.093,172.282
par12,S,174,1,79,51,172.582,172.794
par12,S,175,1,72,31,175.152,175.306
par12,S,176,1,74,45,175.742,175.88
par12,S,177,1,76,43,176.286,176.429
par12,S,178,1,77,38,176.83,177.004
par12,S,179,1,79,47,177.336,177.522
par12,S,180,1,79,25,180.029,180.217
par12,S,181,1,77,43,180.554,180.733
par12,S,182,1,76,46,181.088,181.245
par12,S,183,1,74,38,181.642,181.791
par12,S,184,1,72,38,182.177,182.322
par12,S,185,1,79,24,184.887,185.075
par12,S,186,1,77,39,185.406,185.577
par12,S,187,1,76,48,185.993,186.139
par12,S,188,1,74,43,186.549,186.688
par12,S,189,1,72,24,187.135,187.283
par12,S,190,1,79,34,189.747,189.943
par12,S,191,1,77,31,190.294,190.47
par12,S,192,1,76,37,190.831,190.977
par12,S,193,1,74,36,191.432,191.578
par12,S,194,1,72,36,192.003,192.146
par13,I,0,0,74,56,5.656,5.854
par13,I,1,0,76,39,6.118,6.349
par13,I,2,0,76,25,6.601,6.826
par13,I,3,0,74,40,6.986,7.146
par13,I,4,0,74,22,7.357,7.51
par13,I,5,0,74,23,7.606,7.821
par13,I,6,0,74,37,7.916,8.093
par13,I,7,0,76,38,8.236,8.342
par13,I,8,0,77,44,8.532,8.886
par13,I,9,0,79,48,9.091,9.345
par13,I,10,0,79,44,9.617,9.848
par13,I,11,0,77,11,9.956,10.546
par13,I,12,0,76,21,10.378,10.893
par13,I,13,0,74,22,10.82,11.268
par13,I,14,0,72,36,11.273,11.715
par13,I,15,0,74,20,11.867,12.026
par13,I,16,0,76,31,12.055,12.502
par13,I,17,0,77,21,12.436,13.008
par13,I,18,0,77,35,13.13,13.415
par13,I,19,0,76,25,13.399,13.756
par13,I,20,0,74,34,13.727,14.216
par13,I,21,0,76,34,14.1,14.368
par13,I,22,0,77,23,14.464,14.833
par13,I,23,0,79,39,14.86,15.349
par13,I,24,0,77,1,15.469,15.731
par13,I,25,0,76,19,15.631,16.154
par13,I,26,0,74,20,15.985,16.46
par13,I,27,0,72,27,16.385,16.724
par13,I,28,0,79,39,16.842,17.252
par13,I,29,0,77,37,17.257,17.668
par13,I,30,0,76,20,17.657,17.978
par13,I,31,0,77,41,18.106,18.292
par13,I,32,0,77,47,18.44,18.625
par13,I,33,0,77,41,18.79,19.069
par13,I,34,0,76,29,19.002,19.36
par13,I,35,0,74,31,19.363,20.04
par13,I,36,0,72,19,20.094,20.884
par13,I,37,0,72,4,20.984,21.105
par13,I,38,0,77,30,21.776,21.882
par13,I,39,0,79,36,21.866,22.267
par13,I,40,0,72,33,21.333,22.58
par13,I,41,0,76,35,22.483,22.712
par13,I,42,0,74,37,22.71,23.381
par13,I,43,0,79,34,23.105,23.461
par13,I,44,0,77,16,23.544,23.787
par13,I,45,0,76,11,23.853,24.138
par13,I,46,0,74,37,24.137,24.362
par13,I,47,0,77,13,24.404,24.804
par13,I,48,0,74,4,25.157,25.225
par13,I,49,0,76,20,24.799,25.257
par13,I,50,0,77,13,25.398,25.749
par13,I,51,0,76,1,25.687,26.022
par13,I,52,0,74,31,26.004,26.235
par13,I,53,0,72,40,26.319,26.558
par13,I,54,0,79,33,26.873,27.097
par13,I,55,0,79,32,27.304,27.483
par13,I,56,0,77,18,27.675,27.842
par13,I,57,0,77,32,27.994,28.141
par13,I,58,0,74,29,28.466,28.658
par13,I,59,0,72,27,28.718,28.944
par13,I,60,0,79,1,29.033,29.451
par13,I,61,0,77,33,29.377,29.778
par13,I,62,0,76,1,29.673,29.902
par13,I,63,0,74,26,29.876,30.084
par13,I,64,0,72,1,30.365,30.757
par13,I,65,0,79,9,30.282,30.9
par13,I,66,0,77,34,30.628,31.065
par13,I,67,0,76,1,30.888,31.173
par13,I,68,0,74,40,31.115,31.33
par13,I,69,0,72,13,31.578,31.882
par13,I,70,0,79,28,31.497,31.909
par13,I,71,0,77,44,31.8,32.099
par13,I,72,0,76,28,31.952,32.274
par13,I,73,0,74,33,32.253,32.588
par13,I,74,0,72,33,32.662,32.909
par13,I,75,0,72,33,33.212,33.463
par13,I,76,0,76,33,33.539,33.814
par13,I,77,0,79,31,33.986,34.285
par13,I,78,0,77,53,34.469,34.648
par13,I,79,0,76,36,34.558,34.877
par13,I,80,0,74,40,34.864,35.026
par13,I,81,0,72,33,35.151,35.368
par13,I,82,0,79,32,35.564,35.863
par13,I,83,0,76,37,36.036,36.279
par13,I,84,0,74,35,36.418,36.576
par13,I,85,0,72,25,36.736,36.919
par13,I,86,0,79,30,37.108,37.353
par13,I,87,0,77,30,37.568,37.797
par13,I,88,0,76,25,37.947,38.169
par13,I,89,0,74,12,38.318,38.469
par13,I,90,0,72,20,38.596,38.836
par13,I,91,0,79,27,39.035,39.296
par13,I,92,0,77,32,39.436,39.579
par13,I,93,0,76,1,39.766,39.911
par13,I,94,0,74,27,39.905,40.243
par13,I,95,0,72,18,40.303,40.953
par13,I,96,0,72,41,41.409,41.611
par13,I,97,0,72,50,41.896,42.055
par13,I,98,0,79,49,42.237,42.433
par13,I,99,0,79,56,42.568,42.793
par13,I,100,0,72,37,42.922,43.153
par13,I,101,0,74,47,43.056,43.333
par13,I,102,0,77,10,43.527,43.713
par13,I,103,0,79,27,43.717,44.103
par13,I,104,0,76,10,44.258,44.509
par13,I,105,0,74,40,44.672,44.86
par13,I,106,0,77,1,45.079,45.502
par13,I,107,0,76,16,45.471,45.96
par13,I,108,0,74,1,46.1,46.336
par13,I,109,0,76,39,46.401,46.768
par13,I,110,0,77,11,46.793,47.296
par13,I,111,0,76,14,47.179,47.561
par13,I,112,0,74,23,47.561,47.765
par13,I,113,0,77,21,47.904,48.194
par13,I,114,0,76,26,48.198,48.601
par13,I,115,0,74,30,48.539,48.871
par13,I,116,0,77,31,48.906,49.217
par13,I,117,0,76,31,49.227,49.537
par13,I,118,0,74,34,49.582,49.914
par13,I,119,0,77,46,49.992,50.494
par13,I,120,0,79,37,50.787,50.979
par13,I,121,0,77,39,51.176,51.387
par13,I,122,0,76,33,51.519,51.773
par13,I,123,0,74,36,51.843,51.988
par13,I,124,0,72,32,52.159,52.382
par13,I,125,0,77,34,52.518,52.794
par13,I,126,0,74,25,52.976,53.334
par13,I,127,0,79,21,53.497,53.773
par13,I,128,0,77,33,53.91,54.081
par13,I,129,0,76,1,54.167,54.469
par13,I,130,0,74,39,54.505,54.703
par13,I,131,0,77,51,54.951,55.191
par13,I,132,0,77,52,55.446,55.684
par13,I,133,0,76,27,55.777,56.182
par13,I,134,0,74,31,56.088,57.035
par13,I,135,0,76,41,56.622,57.128
par13,I,136,0,77,49,57.149,57.741
par13,I,137,0,76,40,57.656,58.174
par13,I,138,0,74,28,58.057,58.524
par13,I,139,0,72,49,58.395,59.332
par13,I,140,0,77,50,59.561,59.78
par13,I,141,0,76,28,59.842,60.204
par13,I,142,0,79,51,60.566,60.858
par13,I,143,0,77,21,61.064,61.178
par13,I,144,0,79,39,61.35,61.58
par13,I,145,0,72,33,61.861,61.998
par13,I,146,0,72,31,62.196,62.391
par13,I,147,0,79,39,62.509,62.688
par13,I,148,0,79,48,62.857,63.021
par13,I,149,0,72,38,63.173,63.284
par13,I,150,0,72,43,63.479,63.621
par13,I,151,0,77,41,63.786,63.954
par13,I,152,0,76,34,63.915,64.269
par13,I,153,0,74,30,64.247,64.559
par13,I,154,0,77,38,64.6,65.043
par13,I,155,0,76,38,64.938,65.269
par13,I,156,0,74,23,65.33,65.565
par13,I,157,0,77,27,65.641,66.137
par13,I,158,0,76,38,65.963,66.348
par13,I,159,0,74,36,66.295,66.745
par13,I,160,0,77,49,66.672,67.099
par13,I,161,0,76,46,67.036,67.347
par13,I,162,0,74,33,67.396,67.556
par13,I,163,0,72,41,67.705,67.932
par13,I,164,0,79,42,68.119,68.443
par13,I,165,0,77,52,68.748,68.916
par13,I,166,0,76,51,69.048,69.257
par13,I,167,0,74,30,69.382,69.598
par13,I,168,0,72,27,69.656,69.877
par13,I,169,0,79,12,70.002,70.413
par13,I,170,0,77,43,70.321,70.575
par13,I,171,0,76,33,70.598,70.906
par13,I,172,0,74,26,70.908,71.064
par13,I,173,0,72,39,71.177,71.405
par13,I,174,0,79,38,71.631,72.261
par13,I,175,0,76,51,72.913,73.397
par13,I,176,0,74,46,73.254,73.426
par13,I,177,0,76,7,73.727,73.898
par13,I,178,0,74,40,73.674,73.907
par13,I,179,0,77,9,73.724,73.936
par13,I,180,0,72,50,73.649,73.942
par13,I,181,0,79,55,73.645,73.964
par13,I,182,0,76,23,74.326,74.562
par13,I,183,0,77,21,74.307,74.597
par13,I,184,0,74,35,74.306,74.607
par13,I,185,0,72,62,74.23,74.671
par13,I,186,0,79,63,74.224,74.728
par13,I,187,0,77,61,74.891,75.736
par13,I,188,0,76,65,74.909,75.786
par13,I,189,0,72,39,76.014,76.35
par13,I,190,0,72,18,76.611,76.745
par13,I,191,0,79,53,76.468,76.85
par13,I,192,0,77,41,76.84,77.196
par13,I,193,0,76,40,76.855,77.417
par13,I,194,0,74,48,77.181,77.485
par13,I,195,0,77,34,77.516,77.995
par13,I,196,0,76,30,77.836,78.202
par13,I,197,0,74,28,78.228,78.453
par13,I,198,0,77,36,78.525,79.02
par13,I,199,0,76,16,78.901,79.27
par13,I,200,0,74,21,79.34,79.624
par13,I,201,0,72,29,79.734,80.154
par13,I,202,0,79,51,80.317,80.675
par13,I,203,0,79,42,80.873,81.119
par13,I,204,0,79,25,81.186,81.408
par13,I,205,0,72,55,81.485,81.826
par13,I,206,0,77,32,82.142,82.473
par13,I,207,0,76,45,82.128,82.49
par13,I,208,0,72,46,82.824,83.103
par13,I,209,0,77,66,83.406,83.663
par13,I,210,0,76,53,83.426,83.706
par13,I,211,0,74,39,84.011,84.148
par13,I,212,0,74,40,84.301,84.409
par13,I,213,0,76,46,84.633,84.982
par13,I,214,0,77,13,85.123,85.413
par13,I,215,0,76,37,85.454,85.804
par13,I,216,0,74,12,85.839,86.094
par13,I,217,0,77,40,86.121,86.531
par13,I,218,0,76,35,86.447,86.866
par13,I,219,0,79,57,87.018,87.348
par13,I,220,0,77,37,87.597,87.726
par13,I,221,0,77,37,87.934,88.142
par13,I,222,0,76,47,88.213,88.538
par13,I,223,0,74,42,88.537,88.712
par13,I,224,0,72,39,88.804,89.13
par13,I,225,0,79,55,89.402,89.728
par13,I,226,0,77,24,90.023,90.209
par13,I,227,0,76,1,90.233,90.464
par13,I,228,0,74,1,90.573,90.877
par13,I,229,0,77,37,90.905,91.242
par13,I,230,0,76,32,91.16,91.43
par13,I,231,0,74,26,91.376,91.709
par13,I,232,0,72,41,91.773,92.039
par13,I,233,0,72,52,92.404,92.588
par13,I,234,0,72,34,92.875,93.167
par13,I,235,0,76,23,93.257,93.445
par13,I,236,0,77,35,93.323,93.629
par13,I,237,0,79,35,93.653,94.017
par13,I,238,0,76,48,94.077,94.498
par13,I,239,0,74,36,94.485,94.65
par13,I,240,0,72,32,94.712,94.959
par13,I,241,0,79,14,95.036,95.389
par13,I,242,0,76,33,95.539,95.994
par13,I,243,0,72,45,96.055,96.344
par13,I,244,0,79,37,96.516,97.013
par13,I,245,0,77,1,97.206,97.421
par13,I,246,0,76,27,97.363,97.726
par13,I,247,0,74,35,97.676,97.998
par13,I,248,0,72,28,97.937,98.47
par13,I,249,0,74,55,98.448,98.776
par13,I,250,0,76,46,98.85,99.159
par13,I,251,0,77,22,99.077,99.558
par13,I,252,0,79,30,99.428,99.752
par13,I,253,0,77,1,99.809,100.104
par13,I,254,0,76,6,99.937,100.319
par13,I,255,0,74,36,100.22,100.479
par13,I,256,0,72,16,100.52,100.832
par13,I,257,0,79,43,100.9,101.438
par13,I,258,0,77,27,101.567,101.797
par13,I,259,0,77,49,101.935,102.033
par13,I,260,0,77,46,102.21,102.396
par13,I,261,0,76,43,102.517,102.794
par13,I,262,0,74,40,102.823,103.014
par13,I,263,0,72,54,103.376,103.62
par13,I,264,0,74,45,103.94,104.168
par13,I,265,0,76,34,104.281,104.428
par13,I,266,0,77,42,104.599,104.849
par13,I,267,0,79,43,105.214,105.424
par13,I,268,0,77,27,105.551,105.769
par13,I,269,0,76,50,105.882,106.112
par13,I,270,0,74,42,106.495,106.634
par13,I,271,0,72,57,107.036,107.378
par13,I,272,0,74,72,108.34,108.476
par13,I,273,0,74,56,108.648,108.76
par13,I,274,0,76,76,108.946,109.09
par13,I,275,0,77,57,109.208,109.353
par13,I,276,0,76,77,109.503,109.738
par13,I,277,0,74,71,110.092,110.308
par13,I,278,0,77,74,110.655,110.807
par13,I,279,0,77,55,110.92,111.083
par13,I,280,0,76,50,111.238,111.377
par13,I,281,0,74,52,111.538,111.652
par13,I,282,0,77,56,111.855,112.244
par13,I,283,0,76,66,112.492,112.748
par13,I,284,0,79,63,113.046,113.183
par13,I,285,0,79,41,113.309,113.41
par13,I,286,0,79,47,113.58,113.756
par13,I,287,0,79,38,113.893,114.07
par13,I,288,0,77,54,114.187,114.337
par13,I,289,0,76,47,114.451,114.541
par13,I,290,0,76,57,114.728,114.9
par13,I,291,0,72,26,115.049,115.107
par13,I,292,0,72,46,115.304,115.409
par13,I,293,0,74,52,115.596,115.74
par13,I,294,0,76,42,115.866,116.019
par13,I,295,0,77,30,116.097,116.375
par13,I,296,0,79,38,116.556,116.897
par13,I,297,0,72,53,117.261,117.42
par13,I,298,0,74,30,117.611,117.696
par13,I,299,0,74,54,117.872,118.04
par13,I,300,0,79,51,118.233,118.545
par13,I,301,0,79,54,118.813,119.018
par13,I,302,0,79,27,119.121,119.32
par13,I,303,0,77,33,119.495,119.85
par13,I,304,0,76,46,119.792,119.939
par13,I,305,0,74,49,120.118,120.246
par13,I,306,0,72,50,120.415,120.604
par13,I,307,0,76,36,120.793,121.113
par13,I,308,0,74,37,121.122,121.383
par13,I,309,0,77,24,121.451,121.889
par13,I,310,0,76,18,121.764,122.092
par13,I,311,0,74,29,122.104,122.354
par13,I,312,0,77,1,122.566,122.957
par13,I,313,0,76,36,122.9,123.204
par13,I,314,0,74,40,123.19,123.422
par13,I,315,0,77,1,123.537,123.974
par13,I,316,0,76,31,123.876,124.251
par13,I,317,0,74,28,124.164,124.387
par13,I,318,0,72,44,124.619,125.465
par13,I,319,0,72,54,125.916,126.45
par13,I,320,0,77,31,127.153,127.579
par13,I,321,0,76,51,127.119,127.609
par13,I,322,0,79,64,127.087,127.656
par13,I,323,0,74,71,127.08,127.685
par13,I,324,0,72,48,127.072,127.702
par13,I,325,0,79,45,128.185,128.764
par13,I,326,0,76,46,128.201,128.774
par13,I,327,0,77,54,128.178,128.776
par13,I,328,0,74,58,128.17,128.792
par13,I,329,0,72,14,128.123,128.822
par13,I,330,0,77,35,129.266,129.867
par13,I,331,0,76,38,129.262,129.869
par13,I,332,0,74,55,129.287,129.878
par13,I,333,0,72,20,129.304,129.893
par13,I,334,0,74,27,130.372,130.69
par13,I,335,0,79,63,130.309,130.797
par13,I,336,0,72,59,130.308,130.842
par13,I,337,0,77,58,130.931,131.145
par13,I,338,0,77,37,131.25,131.414
par13,I,339,0,76,49,131.553,131.752
par13,I,340,0,74,46,131.836,132.021
par13,I,341,0,72,27,132.109,132.29
par13,I,342,0,79,22,132.178,132.649
par13,I,343,0,77,33,132.589,132.777
par13,I,344,0,76,46,132.615,133.025
par13,I,345,0,74,27,132.84,133.083
par13,I,346,0,72,27,133.024,133.416
par13,I,347,0,79,53,133.34,134.096
par13,I,348,0,79,67,134.352,134.582
par13,I,349,0,79,64,134.767,134.973
par13,I,350,0,77,68,135.077,135.285
par13,I,351,0,77,54,135.39,135.586
par13,I,352,0,76,47,135.647,136.087
par13,I,353,0,74,46,136.019,136.368
par13,I,354,0,72,43,136.324,136.784
par13,I,355,0,79,56,136.907,137.254
par13,I,356,0,72,58,137.471,137.631
par13,I,357,0,72,37,137.994,138.244
par13,I,358,0,77,45,138.58,138.808
par13,I,359,0,72,47,138.677,138.845
par13,I,360,0,74,31,138.781,138.85
par13,I,361,0,76,49,139.198,139.385
par13,I,362,0,79,22,139.259,139.388
par13,I,363,0,77,41,139.214,139.39
par13,I,364,0,74,58,139.189,139.391
par13,I,365,0,72,41,139.191,139.393
par13,I,366,0,72,12,139.842,140.022
par13,I,367,0,77,32,139.823,140.026
par13,I,368,0,76,50,139.788,140.04
par13,I,369,0,74,58,139.771,140.041
par13,I,370,0,76,56,140.435,140.679
par13,I,371,0,72,37,140.435,140.681
par13,I,372,0,74,40,140.411,140.693
par13,I,373,0,72,44,141.013,141.239
par13,I,374,0,77,43,141.046,141.3
par13,I,375,0,79,53,140.974,141.301
par13,I,376,0,76,40,141.61,141.819
par13,I,377,0,79,2,141.701,141.876
par13,I,378,0,72,39,141.626,141.897
par13,I,379,0,74,61,141.635,141.902
par13,I,380,0,72,1,142.286,142.428
par13,I,381,0,79,45,142.111,142.529
par13,I,382,0,72,55,142.785,143.019
par13,I,383,0,79,55,142.786,143.048
par13,I,384,0,76,54,143.352,143.585
par13,I,385,0,79,41,143.859,144.175
par13,I,386,0,77,24,144.232,144.529
par13,I,387,0,76,40,144.413,144.773
par13,I,388,0,74,44,144.678,144.904
par13,I,389,0,79,34,144.951,145.472
par13,I,390,0,76,50,145.5,146.016
par13,I,391,0,74,45,145.985,146.18
par13,I,392,0,72,16,146.486,146.752
par13,I,393,0,79,48,146.452,146.883
par13,I,394,0,72,8,146.895,147.035
par13,I,395,0,75,54,147.363,147.571
par13,I,396,0,74,50,147.869,148.0
par13,I,397,0,74,43,148.165,148.299
par13,I,398,0,76,46,148.479,148.655
par13,I,399,0,79,35,148.717,149.087
par13,I,400,0,76,57,149.02,149.601
par13,I,401,0,74,46,149.631,149.954
par13,I,402,0,72,41,149.642,150.483
par13,I,403,0,79,45,150.133,150.571
par13,I,404,0,74,56,150.767,150.952
par13,I,405,0,79,35,151.024,151.437
par13,I,406,0,79,41,151.666,152.128
par13,I,407,0,77,25,152.09,152.523
par13,I,408,0,76,15,152.363,152.663
par13,I,409,0,74,30,152.65,152.819
par13,I,410,0,79,4,152.782,153.213
par13,I,411,0,77,31,153.138,153.38
par13,I,412,0,76,32,153.283,153.807
par13,I,413,0,74,9,153.667,153.811
par13,I,414,0,72,24,153.795,154.168
par13,I,415,0,77,38,154.232,154.535
par13,I,416,0,76,25,154.346,154.743
par13,I,417,0,72,11,154.826,155.461
par13,I,418,0,77,37,155.361,155.802
par13,I,419,0,76,31,155.515,155.988
par13,I,420,0,74,25,155.896,156.298
par13,I,421,0,72,1,156.225,156.711
par13,I,422,0,77,30,156.633,156.982
par13,I,423,0,79,44,157.251,157.585
par13,I,424,0,72,45,157.782,157.987
par13,I,425,0,79,1,158.267,158.424
par13,I,426,0,72,33,158.267,158.497
par13,I,427,0,72,24,158.71,158.936
par13,I,428,0,72,38,159.16,159.359
par13,I,429,0,76,46,159.586,159.823
par13,I,430,0,74,46,160.068,160.229
par13,I,431,0,74,40,160.478,160.641
par13,I,432,0,74,39,160.848,160.994
par13,I,433,0,76,51,161.191,161.388
par13,I,434,0,76,39,161.613,161.776
par13,I,435,0,76,43,161.936,162.106
par13,I,436,0,77,42,162.278,162.481
par13,I,437,0,77,23,162.693,162.92
par13,I,438,0,79,40,163.043,163.262
par13,I,439,0,79,24,163.401,163.626
par13,I,440,0,77,41,163.755,164.159
par13,I,441,0,76,38,164.024,164.298
par13,I,442,0,74,31,164.656,164.9
par13,I,443,0,72,45,165.098,165.394
par13,I,444,0,79,45,165.745,166.049
par13,I,445,0,77,54,166.135,166.608
par13,I,446,0,76,46,166.479,166.706
par13,I,447,0,74,29,166.808,166.995
par13,I,448,0,72,51,167.111,167.325
par13,I,449,0,77,19,167.589,167.968
par13,I,450,0,76,41,167.993,168.268
par13,I,451,0,74,33,168.275,168.504
par13,I,452,0,72,26,168.564,168.807
par13,I,453,0,79,36,168.578,168.973
par13,I,454,0,79,1,169.091,169.39
par13,I,455,0,77,1,169.36,169.503
par13,I,456,0,76,45,169.379,169.686
par13,I,457,0,74,44,169.649,169.897
par13,I,458,0,72,44,169.888,170.216
par13,I,459,0,79,1,170.148,170.762
par13,I,460,0,72,46,170.784,171.048
par13,I,461,0,72,48,171.309,171.519
par13,I,462,0,74,52,171.717,171.902
par13,I,463,0,76,53,172.029,172.209
par13,I,464,0,77,35,172.366,172.53
par13,I,465,0,79,32,172.662,173.068
par13,I,466,0,72,36,173.276,173.674
par13,I,467,0,74,48,173.896,174.086
par13,I,468,0,76,6,174.1,174.475
par13,I,469,0,77,54,174.384,174.711
par13,I,470,0,79,31,174.507,174.912
par13,I,471,0,77,46,175.052,175.378
par13,I,472,0,76,31,175.106,175.59
par13,I,473,0,74,52,175.618,175.931
par13,I,474,0,79,4,176.136,176.52
par13,I,475,0,76,1,176.616,176.961
par13,I,476,0,74,28,176.935,177.208
par13,I,477,0,77,31,177.252,177.809
par13,I,478,0,76,29,177.568,177.991
par13,I,479,0,74,33,177.896,178.323
par13,I,480,0,76,50,178.445,178.774
par13,I,481,0,77,25,178.966,179.228
par13,I,482,0,76,23,179.355,179.65
par13,I,483,0,74,33,179.705,179.884
par13,I,484,0,77,20,179.992,180.638
par13,I,485,0,76,38,180.503,180.875
par13,I,486,0,74,29,180.904,181.221
par13,I,487,0,79,26,181.246,181.82
par13,I,488,0,79,46,182.524,183.04
par13,I,489,0,72,53,183.699,184.177
par13,I,490,0,79,62,183.675,184.298
par13,I,491,0,76,46,184.854,185.356
par13,I,492,0,74,60,184.837,185.393
par13,I,493,0,77,64,184.811,185.423
par13,I,494,0,79,24,184.864,185.435
par13,I,495,0,72,60,184.805,185.446
par13,I,496,0,77,55,185.978,186.358
par13,I,497,0,76,42,185.925,186.406
par13,I,498,0,74,44,186.29,186.621
par13,I,499,0,72,22,186.673,186.805
par13,I,500,0,77,45,186.655,186.98
par13,I,501,0,76,44,186.689,187.094
par13,I,502,0,74,44,187.027,187.403
par13,I,503,0,77,46,187.413,187.729
par13,I,504,0,76,30,187.677,187.975
par13,I,505,0,74,43,187.97,188.137
par13,I,506,0,77,31,188.216,188.503
par13,I,507,0,76,43,188.481,188.81
par13,I,508,0,74,39,188.797,189.092
par13,I,509,0,77,40,189.135,189.752
par13,I,510,0,76,30,189.719,190.033
par13,I,511,0,74,34,190.012,190.387
par13,I,512,0,77,27,190.401,190.681
par13,I,513,0,76,39,190.631,190.929
par13,I,514,0,74,51,190.897,191.174
par13,I,515,0,77,52,191.446,191.712
par13,I,516,0,76,27,191.956,192.192
par13,I,517,0,74,33,192.241,192.424
par13,I,518,0,72,32,192.497,192.834
par13,I,519,0,79,17,193.295,193.525
par13,I,520,0,72,48,193.654,193.901
par13,I,521,0,72,23,194.207,194.423
par13,I,0,1,72,23,1.847,1.947
par13,I,1,1,79,58,1.767,2.127
par13,I,2,1,72,49,2.311,2.484
par13,I,3,1,79,39,2.272,2.566
par13,I,4,1,72,48,2.696,2.853
par13,I,5,1,79,34,2.716,2.89
par13,I,6,1,72,54,3.062,3.259
par13,I,7,1,79,49,3.059,3.264
par13,I,8,1,77,42,3.37,3.477
par13,I,9,1,72,12,3.326,3.483
par13,I,10,1,72,44,3.654,3.814
par13,I,11,1,79,54,3.658,3.851
par13,I,12,1,72,43,3.999,4.082
par13,I,13,1,77,51,4.277,4.412
par13,I,14,1,77,52,4.548,4.696
par13,I,15,1,72,54,4.84,4.955
par13,I,16,1,72,49,5.13,5.25
par13,I,17,1,77,40,5.433,5.536
par13,I,18,1,72,41,5.416,5.541
par13,I,19,1,79,46,5.702,5.859
par13,I,20,1,72,40,6.041,6.154
par13,I,21,1,72,20,6.331,6.405
par13,I,22,1,79,43,6.002,6.488
par13,I,23,1,74,58,6.644,6.752
par13,I,24,1,72,44,6.94,7.038
par13,I,25,1,74,40,6.951,7.079
par13,I,26,1,72,59,7.252,7.393
par13,I,27,1,72,50,7.529,7.657
par13,I,28,1,72,50,7.826,7.944
par13,I,29,1,74,23,8.169,8.24
par13,I,30,1,74,51,8.468,8.591
par13,I,31,1,77,53,8.756,8.899
par13,I,32,1,77,35,9.056,9.191
par13,I,33,1,77,27,9.397,9.587
par13,I,34,1,77,37,9.674,9.872
par13,I,35,1,76,46,9.959,10.312
par13,I,36,1,74,30,10.304,10.446
par13,I,37,1,77,52,10.581,10.967
par13,I,38,1,76,33,10.89,11.148
par13,I,39,1,74,51,10.999,11.343
par13,I,40,1,79,37,11.403,11.961
par13,I,41,1,79,27,12.237,12.409
par13,I,42,1,79,43,12.574,12.767
par13,I,43,1,72,3,12.974,13.13
par13,I,44,1,72,62,13.24,13.358
par13,I,45,1,72,52,13.528,13.623
par13,I,46,1,72,35,13.836,13.926
par13,I,47,1,74,39,14.554,14.653
par13,I,48,1,74,5,14.894,15.071
par13,I,49,1,76,42,15.218,15.504
par13,I,50,1,74,46,15.514,15.72
par13,I,51,1,72,49,16.303,16.521
par13,I,52,1,76,41,16.75,17.169
par13,I,53,1,74,42,17.054,17.408
par13,I,54,1,72,38,17.333,17.687
par13,I,55,1,76,40,17.597,18.047
par13,I,56,1,74,28,17.924,18.383
par13,I,57,1,79,30,18.558,18.935
par13,I,58,1,72,22,18.199,19.056
par13,I,59,1,77,45,18.872,19.133
par13,I,60,1,76,29,19.15,19.423
par13,I,61,1,77,43,19.809,20.089
par13,I,62,1,76,27,20.091,20.305
par13,I,63,1,79,35,19.504,20.342
par13,I,64,1,74,56,20.539,20.807
par13,I,65,1,77,41,20.798,21.182
par13,I,66,1,76,41,21.05,21.402
par13,I,67,1,74,43,21.301,21.53
par13,I,68,1,77,29,21.552,21.905
par13,I,69,1,76,38,21.759,22.096
par13,I,70,1,74,40,22.004,22.162
par13,I,71,1,72,33,22.118,22.82
par13,I,72,1,76,49,22.966,23.274
par13,I,73,1,74,41,23.244,23.489
par13,I,74,1,72,42,23.486,23.813
par13,I,75,1,76,40,23.71,24.175
par13,I,76,1,74,35,23.999,24.248
par13,I,77,1,77,40,24.632,24.973
par13,I,78,1,79,27,24.97,25.273
par13,I,79,1,72,27,24.236,25.388
par13,I,80,1,76,36,25.487,25.883
par13,I,81,1,79,31,26.12,26.637
par13,I,82,1,77,34,26.5,26.756
par13,I,83,1,76,41,26.758,27.025
par13,I,84,1,79,32,27.058,27.446
par13,I,85,1,77,26,27.303,27.566
par13,I,86,1,76,26,27.536,27.842
par13,I,87,1,72,16,27.981,28.203
par13,I,88,1,72,44,28.4,28.526
par13,I,89,1,79,22,28.078,28.583
par13,I,90,1,72,55,28.72,28.867
par13,I,91,1,72,54,29.004,29.151
par13,I,92,1,79,42,29.404,30.309
par13,I,93,1,72,56,29.327,30.312
par13,I,94,1,79,54,30.67,31.447
par13,I,95,1,74,33,30.956,31.451
par13,I,96,1,72,42,30.671,31.471
par13,I,97,1,76,31,30.957,31.498
par13,I,98,1,77,1,31.017,31.507
par13,I,99,1,72,53,32.748,33.255
par13,I,100,1,79,42,32.842,33.305
par13,I,101,1,76,1,34.298,34.457
par13,I,102,1,77,37,34.068,34.459
par13,I,103,1,72,35,33.975,34.492
par13,I,104,1,79,41,34.026,34.507
par13,I,105,1,77,41,35.247,35.667
par13,I,106,1,72,29,35.188,35.735
par13,I,107,1,76,26,36.579,36.923
par13,I,108,1,77,51,36.493,36.946
par13,I,109,1,72,49,36.457,36.99
par13,I,110,1,77,45,37.616,38.047
par13,I,111,1,72,70,37.631,38.047
par13,I,112,1,79,30,37.589,38.118
par13,I,113,1,72,61,38.722,39.181
par13,I,114,1,72,31,39.905,40.358
par13,I,115,1,74,57,40.0,40.421
par13,I,116,1,77,51,40.0,40.424
par13,I,117,1,76,61,39.957,40.44
par13,I,118,1,74,53,41.067,41.581
par13,I,119,1,77,54,41.586,42.152
par13,I,120,1,76,64,40.945,42.287
par13,I,121,1,74,60,42.128,42.376
par13,I,122,1,76,33,42.362,42.747
par13,I,123,1,77,39,42.41,42.77
par13,I,124,1,74,60,42.7,42.936
par13,I,125,1,77,38,42.941,43.336
par13,I,126,1,76,1,43.118,43.485
par13,I,127,1,74,57,43.362,43.605
par13,I,128,1,77,46,43.591,44.008
par13,I,129,1,76,1,43.779,44.115
par13,I,130,1,74,59,44.003,44.253
par13,I,131,1,77,52,44.224,44.641
par13,I,132,1,76,16,44.293,44.743
par13,I,133,1,74,37,44.615,44.874
par13,I,134,1,77,24,44.92,45.219
par13,I,135,1,76,38,44.905,45.223
par13,I,136,1,74,47,45.396,45.573
par13,I,137,1,74,54,45.698,45.837
par13,I,138,1,76,37,46.007,46.169
par13,I,139,1,77,5,46.051,46.523
par13,I,140,1,79,19,46.409,48.74
par13,I,141,1,72,35,48.856,49.034
par13,I,142,1,72,59,49.299,49.434
par13,I,143,1,72,52,49.619,49.762
par13,I,144,1,74,56,49.927,50.041
par13,I,145,1,76,37,50.232,50.403
par13,I,146,1,76,51,50.512,50.73
par13,I,147,1,79,53,50.773,51.126
par13,I,148,1,77,48,51.135,51.661
par13,I,149,1,76,37,51.386,51.725
par13,I,150,1,74,43,51.69,51.853
par13,I,151,1,72,27,51.958,52.065
par13,I,152,1,72,46,52.236,52.576
par13,I,153,1,76,65,52.8,53.076
par13,I,154,1,79,59,53.367,53.582
par13,I,155,1,79,46,53.684,53.783
par13,I,156,1,77,42,53.951,54.134
par13,I,157,1,76,36,54.204,54.484
par13,I,158,1,74,36,54.525,54.8
par13,I,159,1,72,66,55.116,55.335
par13,I,160,1,74,53,55.697,55.826
par13,I,161,1,76,60,55.973,56.179
par13,I,162,1,79,51,56.244,56.59
par13,I,163,1,76,1,56.808,57.038
par13,I,164,1,74,56,56.926,57.096
par13,I,165,1,72,39,57.234,57.591
par13,I,166,1,79,54,57.475,57.861
par13,I,167,1,76,47,58.066,58.468
par13,I,168,1,74,24,58.41,58.679
par13,I,169,1,72,38,58.627,58.958
par13,I,170,1,79,4,58.81,59.27
par13,I,171,1,77,21,59.179,59.553
par13,I,172,1,76,1,59.344,59.632
par13,I,173,1,74,27,59.564,59.707
par13,I,174,1,72,4,59.716,60.345
par13,I,175,1,79,26,59.765,60.387
par13,I,176,1,76,10,60.28,60.633
par13,I,177,1,74,42,60.581,60.864
par13,I,178,1,72,27,60.786,61.16
par13,I,179,1,77,24,61.02,61.348
par13,I,180,1,76,41,61.292,61.562
par13,I,181,1,72,40,61.556,62.107
par13,I,182,1,77,38,61.827,62.217
par13,I,183,1,76,43,62.078,62.359
par13,I,184,1,74,30,62.333,62.544
par13,I,185,1,72,1,62.43,62.774
par13,I,186,1,77,39,62.697,63.154
par13,I,187,1,76,19,62.99,63.288
par13,I,188,1,74,37,63.18,63.441
par13,I,189,1,72,25,63.354,63.758
par13,I,190,1,79,59,63.909,64.562
par13,I,191,1,72,23,64.616,64.73
par13,I,192,1,79,17,64.642,65.054
par13,I,193,1,72,1,64.924,65.665
par13,I,194,1,72,43,65.82,65.955
par13,I,195,1,72,42,66.115,66.24
par13,I,196,1,72,31,66.402,66.491
par13,I,197,1,72,53,66.677,66.794
par13,I,198,1,79,43,65.514,67.352
par13,I,199,1,72,44,67.174,67.384
par13,I,200,1,72,30,67.519,67.645
par13,I,201,1,74,38,67.525,67.651
par13,I,202,1,76,58,67.815,67.942
par13,I,203,1,77,54,68.088,68.24
par13,I,204,1,76,59,68.387,68.543
par13,I,205,1,74,47,68.687,68.791
par13,I,206,1,72,54,68.94,69.065
par13,I,207,1,72,50,69.238,69.575
par13,I,208,1,79,68,69.817,70.156
par13,I,209,1,79,62,70.454,70.649
par13,I,210,1,77,40,70.795,70.877
par13,I,211,1,77,42,71.059,71.204
par13,I,212,1,76,58,71.076,71.278
par13,I,213,1,74,55,71.41,71.508
par13,I,214,1,74,61,71.716,71.883
par13,I,215,1,72,82,72.312,72.566
par13,I,216,1,79,73,72.875,73.243
par13,I,217,1,77,53,73.191,73.331
par13,I,218,1,76,64,73.476,73.628
par13,I,219,1,74,56,73.778,73.863
par13,I,220,1,77,43,74.078,74.477
par13,I,221,1,76,72,74.7,74.951
par13,I,222,1,74,62,75.328,75.433
par13,I,223,1,77,69,75.616,75.755
par13,I,224,1,77,59,75.888,76.057
par13,I,225,1,77,58,76.196,76.397
par13,I,226,1,76,65,76.511,76.932
par13,I,227,1,74,66,77.165,77.47
par13,I,228,1,77,80,77.742,78.158
par13,I,229,1,76,62,78.306,78.534
par13,I,230,1,74,60,78.605,78.762
par13,I,231,1,72,65,78.923,79.724
par13,I,232,1,74,67,80.237,80.355
par13,I,233,1,76,62,80.542,80.646
par13,I,234,1,77,58,80.833,80.956
par13,I,235,1,76,56,81.102,81.233
par13,I,236,1,74,64,81.425,81.72
par13,I,237,1,77,62,81.972,82.288
par13,I,238,1,76,72,82.58,82.702
par13,I,239,1,74,54,82.872,82.951
par13,I,240,1,77,61,83.156,83.309
par13,I,241,1,76,63,83.433,83.556
par13,I,242,1,74,64,83.761,84.024
par13,I,243,1,79,84,84.368,84.674
par13,I,244,1,79,58,84.924,85.071
par13,I,245,1,79,51,85.18,85.298
par13,I,246,1,79,68,85.461,85.646
par13,I,247,1,77,62,85.764,85.901
par13,I,248,1,76,60,86.068,86.233
par13,I,249,1,76,20,86.379,86.441
par13,I,250,1,77,53,86.373,86.493
par13,I,251,1,77,49,86.642,86.889
par13,I,252,1,76,40,86.898,87.287
par13,I,253,1,74,14,87.278,87.706
par13,I,254,1,76,42,87.746,88.182
par13,I,255,1,77,55,88.036,88.319
par13,I,256,1,79,71,88.654,89.364
par13,I,257,1,79,72,89.852,90.681
par13,I,258,1,72,81,91.132,91.86
par13,I,259,1,77,38,92.437,93.006
par13,I,260,1,74,67,92.407,93.008
par13,I,261,1,72,61,92.387,93.021
par13,I,262,1,76,49,92.373,93.032
par13,I,263,1,74,49,93.603,94.094
par13,I,264,1,72,47,93.523,94.099
par13,I,265,1,77,1,93.672,94.126
par13,I,266,1,76,1,93.782,94.128
par13,I,267,1,79,39,93.518,94.18
par13,I,268,1,72,3,94.661,95.312
par13,I,269,1,77,44,94.742,95.313
par13,I,270,1,74,55,94.741,95.315
par13,I,271,1,76,54,94.749,95.324
par13,I,272,1,79,9,94.667,95.329
par13,I,273,1,76,64,95.937,96.507
par13,I,274,1,77,64,95.948,96.515
par13,I,275,1,79,67,95.919,96.57
par13,I,276,1,72,57,95.921,96.581
par13,I,277,1,74,68,95.936,96.688
par13,I,278,1,77,79,97.04,97.43
par13,I,279,1,76,27,97.158,97.633
par13,I,280,1,74,40,97.525,97.859
par13,I,281,1,77,56,97.841,98.421
par13,I,282,1,76,45,98.15,98.564
par13,I,283,1,74,53,98.44,98.912
par13,I,284,1,77,66,98.987,99.47
par13,I,285,1,74,47,99.635,99.734
par13,I,286,1,72,31,98.464,99.935
par13,I,287,1,74,55,99.898,100.006
par13,I,288,1,74,65,100.191,100.305
par13,I,289,1,77,57,100.462,100.607
par13,I,290,1,77,50,100.794,101.231
par13,I,291,1,72,34,100.832,101.24
par13,I,292,1,74,62,101.396,101.702
par13,I,293,1,79,23,101.986,102.508
par13,I,294,1,79,61,102.628,102.831
par13,I,295,1,79,58,102.985,103.197
par13,I,296,1,79,51,103.282,103.481
par13,I,297,1,72,52,103.58,103.687
par13,I,298,1,72,59,103.875,103.988
par13,I,299,1,72,53,104.188,104.324
par13,I,300,1,74,47,104.505,104.574
par13,I,301,1,74,49,104.786,104.883
par13,I,302,1,74,42,105.082,105.236
par13,I,303,1,76,57,105.361,105.527
par13,I,304,1,77,45,105.707,106.337
par13,I,305,1,79,59,106.868,107.06
par13,I,306,1,79,60,107.159,107.31
par13,I,307,1,79,61,107.43,107.598
par13,I,308,1,79,53,107.689,107.895
par13,I,309,1,77,39,108.194,108.345
par13,I,310,1,77,51,108.468,108.615
par13,I,311,1,76,55,108.799,108.932
par13,I,312,1,76,33,109.092,109.192
par13,I,313,1,74,61,109.391,109.526
par13,I,314,1,74,64,109.65,109.783
par13,I,315,1,72,48,109.922,110.039
par13,I,316,1,77,60,110.212,110.395
par13,I,317,1,76,64,110.535,110.997
par13,I,318,1,79,68,111.15,111.504
par13,I,319,1,76,68,111.772,111.924
par13,I,320,1,74,49,112.075,112.183
par13,I,321,1,72,46,112.378,112.513
par13,I,322,1,77,33,113.078,113.274
par13,I,323,1,79,44,112.671,113.287
par13,I,324,1,74,68,113.664,113.859
par13,I,325,1,72,65,114.276,114.409
par13,I,326,1,79,64,114.56,114.733
par13,I,327,1,79,60,114.842,115.013
par13,I,328,1,79,60,115.113,115.297
par13,I,329,1,77,33,115.486,115.607
par13,I,330,1,79,32,115.491,116.083
par13,I,331,1,72,68,116.602,116.732
par13,I,332,1,72,41,116.887,116.971
par13,I,333,1,72,64,117.211,117.42
par13,I,334,1,74,29,117.814,117.865
par13,I,335,1,74,54,118.034,118.134
par13,I,336,1,74,49,118.365,118.535
par13,I,337,1,76,68,118.936,119.047
par13,I,338,1,76,56,119.202,119.314
par13,I,339,1,77,60,119.498,119.64
par13,I,340,1,79,54,119.749,119.935
par13,I,341,1,77,61,120.065,120.244
par13,I,342,1,76,66,120.347,120.612
par13,I,343,1,74,61,120.633,120.939
par13,I,344,1,79,71,121.268,121.67
par13,I,345,1,79,62,121.923,122.129
par13,I,346,1,79,35,122.224,122.343
par13,I,347,1,79,56,122.481,122.633
par13,I,348,1,79,50,122.766,122.921
par13,I,349,1,72,61,123.024,123.174
par13,I,350,1,72,29,123.347,123.425
par13,I,351,1,72,53,123.627,124.041
par13,I,352,1,79,42,124.281,124.556
par13,I,353,1,72,59,124.228,124.609
par13,I,354,1,72,54,124.861,125.128
par13,I,355,1,79,60,124.853,125.197
par13,I,356,1,72,67,125.452,126.183
par13,I,357,1,79,62,125.463,126.188
par13,I,358,1,77,69,126.551,126.97
par13,I,359,1,76,55,126.822,127.03
par13,I,360,1,74,23,127.188,127.329
par13,I,361,1,77,47,127.436,128.204
par13,I,362,1,76,53,127.701,128.319
par13,I,363,1,74,53,128.28,128.456
par13,I,364,1,72,63,128.774,128.928
par13,I,365,1,76,59,129.341,130.0
par13,I,366,1,74,57,129.918,130.326
par13,I,367,1,72,35,130.576,130.825
par13,I,368,1,79,1,130.824,131.319
par13,I,369,1,79,54,131.452,131.621
par13,I,370,1,79,58,131.739,132.136
par13,I,371,1,77,36,132.077,132.18
par13,I,372,1,76,62,132.354,132.69
par13,I,373,1,74,56,132.654,132.908
par13,I,374,1,72,63,133.202,133.418
par13,I,375,1,79,48,133.678,134.08
par13,I,376,1,77,15,134.007,134.513
par13,I,377,1,76,53,134.249,134.668
par13,I,378,1,74,36,134.583,134.814
par13,I,379,1,79,1,135.017,135.258
par13,I,380,1,72,46,134.808,135.392
par13,I,381,1,74,50,135.898,136.152
par13,I,382,1,77,31,136.214,136.82
par13,I,383,1,76,47,136.638,136.915
par13,I,384,1,74,30,136.907,137.172
par13,I,385,1,72,37,137.187,137.487
par13,I,386,1,79,1,137.737,138.172
par13,I,387,1,77,37,137.996,138.208
par13,I,388,1,76,36,138.306,138.63
par13,I,389,1,74,35,138.493,138.704
par13,I,390,1,72,33,138.644,139.141
par13,I,391,1,79,9,138.977,139.376
par13,I,392,1,76,17,139.304,139.648
par13,I,393,1,74,47,139.509,139.799
par13,I,394,1,72,40,139.722,140.08
par13,I,395,1,79,21,139.917,140.2
par13,I,396,1,76,29,140.217,140.595
par13,I,397,1,74,52,140.444,140.693
par13,I,398,1,72,35,140.673,141.571
par13,I,399,1,79,1,140.858,141.808
par13,I,400,1,76,45,141.669,142.181
par13,I,401,1,74,39,141.937,142.232
par13,I,402,1,79,37,142.222,142.682
par13,I,403,1,77,32,142.561,142.965
par13,I,404,1,76,33,142.651,143.1
par13,I,405,1,74,47,142.963,143.154
par13,I,406,1,72,32,143.163,143.524
par13,I,407,1,79,16,143.186,143.743
par13,I,408,1,77,2,143.645,143.922
par13,I,409,1,76,47,143.684,143.983
par13,I,410,1,74,45,143.9,144.116
par13,I,411,1,72,44,144.115,144.469
par13,I,412,1,74,47,144.461,144.758
par13,I,413,1,76,45,144.727,144.966
par13,I,414,1,77,50,144.849,145.407
par13,I,415,1,76,9,145.318,145.467
par13,I,416,1,74,56,145.346,145.777
par13,I,417,1,77,44,145.745,146.305
par13,I,418,1,76,38,146.035,146.441
par13,I,419,1,74,41,146.344,146.591
par13,I,420,1,72,35,146.388,146.963
par13,I,421,1,77,19,146.792,147.288
par13,I,422,1,74,56,147.75,148.077
par13,I,423,1,76,45,147.129,148.09
par13,I,424,1,74,62,148.332,148.679
par13,I,425,1,76,54,148.922,149.101
par13,I,426,1,74,54,148.983,149.166
par13,I,427,1,76,41,149.257,149.614
par13,I,428,1,74,52,149.573,149.688
par13,I,429,1,74,38,149.844,149.977
par13,I,430,1,72,52,150.173,150.364
par13,I,431,1,72,55,150.714,151.439
par13,I,432,1,79,61,151.897,152.422
par13,I,433,1,79,65,152.801,152.951
par13,I,434,1,79,67,153.119,154.019
par13,I,435,1,72,66,154.373,155.037
par13,I,436,1,72,70,155.224,155.383
par13,I,437,1,72,78,155.545,156.301
par13,I,438,1,77,70,156.719,156.926
par13,I,439,1,76,49,157.028,157.204
par13,I,440,1,74,62,157.321,157.49
par13,I,441,1,76,61,157.919,158.638
par13,I,442,1,77,66,157.605,158.642
par13,I,443,1,72,69,159.25,159.942
par13,I,444,1,74,71,161.675,161.994
par13,I,445,1,76,57,161.945,162.511
par13,I,446,1,72,62,160.454,162.555
par13,I,447,1,74,33,162.418,162.835
par13,I,448,1,74,21,163.181,163.27
par13,I,449,1,74,48,163.488,163.617
par13,I,450,1,76,66,162.74,163.813
par13,I,451,1,74,38,163.76,163.908
par13,I,452,1,79,51,164.013,164.386
par13,I,453,1,77,55,164.568,165.125
par13,I,454,1,76,47,164.823,165.236
par13,I,455,1,74,40,165.141,165.344
par13,I,456,1,72,33,165.355,165.741
par13,I,457,1,79,42,165.625,166.229
par13,I,458,1,77,45,166.613,166.822
par13,I,459,1,76,52,166.931,167.107
par13,I,460,1,72,28,167.486,167.646
par13,I,461,1,74,52,167.532,167.676
par13,I,462,1,72,35,167.82,168.285
par13,I,463,1,79,55,168.382,168.718
par13,I,464,1,77,55,168.903,169.092
par13,I,465,1,77,47,169.221,169.371
par13,I,466,1,76,17,169.473,169.725
par13,I,467,1,74,25,169.798,169.875
par13,I,468,1,72,52,170.113,170.504
par13,I,469,1,76,39,170.635,170.887
par13,I,470,1,77,59,170.672,171.145
par13,I,471,1,76,46,171.294,171.647
par13,I,472,1,74,52,171.842,172.01
par13,I,473,1,77,46,172.159,172.436
par13,I,474,1,79,63,172.468,172.976
par13,I,475,1,79,46,173.23,173.362
par13,I,476,1,79,58,173.521,173.776
par13,I,477,1,77,16,173.895,174.481
par13,I,478,1,76,13,174.288,174.733
par13,I,479,1,74,47,174.651,174.913
par13,I,480,1,72,40,174.911,175.247
par13,I,481,1,72,64,175.477,175.893
par13,I,482,1,74,50,176.062,176.157
par13,I,483,1,74,24,176.34,176.444
par13,I,484,1,74,12,176.681,176.732
par13,I,485,1,77,42,176.76,177.307
par13,I,486,1,76,5,177.263,177.688
par13,I,487,1,79,57,177.744,178.329
par13,I,488,1,79,59,178.521,178.742
par13,I,489,1,79,48,178.829,179.5
par13,I,490,1,79,49,179.633,179.802
par13,I,491,1,79,59,179.92,180.291
par13,I,492,1,79,27,180.505,180.77
par13,I,493,1,77,62,180.497,180.837
par13,I,494,1,76,54,181.06,181.191
par13,I,495,1,74,33,181.364,181.437
par13,I,496,1,74,50,181.664,181.813
par13,I,497,1,74,19,181.955,182.019
par13,I,498,1,72,1,182.004,182.105
par13,I,499,1,72,52,182.215,182.653
par13,I,500,1,74,67,182.85,183.143
par13,I,501,1,79,56,183.477,183.691
par13,I,502,1,79,26,183.765,183.92
par13,I,503,1,79,56,184.04,184.516
par13,I,504,1,77,47,184.682,184.914
par13,I,505,1,76,54,184.71,185.076
par13,I,506,1,74,68,185.304,185.559
par13,I,507,1,72,73,185.886,186.003
par13,I,508,1,72,45,186.144,186.258
par13,I,509,1,72,56,186.438,186.561
par13,I,510,1,72,36,186.746,186.865
par13,I,511,1,72,41,187.085,187.843
par13,I,512,1,72,39,188.389,188.479
par13,I,513,1,79,75,188.352,189.011
par13,I,514,1,79,84,189.535,190.268
par13,I,515,1,72,82,189.539,190.29
par13,I,516,1,72,72,190.81,191.459
par13,I,517,1,74,70,190.83,191.466
par13,I,518,1,77,67,190.829,191.473
par13,I,519,1,76,74,190.819,191.477
par13,I,520,1,72,59,192.005,192.649
par13,I,521,1,74,68,192.012,192.677
par13,I,522,1,79,34,191.959,192.691
par13,I,523,1,76,54,192.033,192.714
par13,I,524,1,77,61,191.991,192.718
par13,I,525,1,74,71,193.197,193.885
par13,I,526,1,76,66,193.203,193.967
par13,I,527,1,77,62,193.203,193.969
par14,I,0,0,72,1,2.531,3.042
par14,I,1,0,74,41,3.08,3.626
par14,I,2,0,72,27,3.675,4.611
par14,I,3,0,74,31,4.897,5.355
par14,I,4,0,72,10,5.454,5.713
par14,I,5,0,79,31,7.267,7.782
par14,I,6,0,77,18,8.596,9.124
par14,I,7,0,76,37,9.765,10.079
par14,I,8,0,72,40,10.327,10.608
par14,I,9,0,76,42,10.91,11.459
par14,I,10,0,72,38,12.216,12.869
par14,I,11,0,72,33,13.381,14.063
par14,I,12,0,74,30,14.636,15.021
par14,I,13,0,76,46,15.232,15.465
par14,I,14,0,74,51,15.817,16.396
par14,I,15,0,77,35,17.054,17.428
par14,I,16,0,79,47,17.653,17.993
par14,I,17,0,72,36,18.275,18.454
par14,I,18,0,79,40,18.846,19.324
par14,I,19,0,76,51,19.503,19.957
par14,I,20,0,74,29,20.031,20.195
par14,I,21,0,72,48,20.681,21.291
par14,I,22,0,72,37,21.92,22.126
par14,I,23,0,74,22,22.547,22.68
par14,I,24,0,77,55,23.091,23.476
par14,I,25,0,77,18,24.409,24.697
par14,I,26,0,76,52,25.529,25.975
par14,I,27,0,79,27,26.751,27.198
par14,I,28,0,76,49,27.362,27.426
par14,I,29,0,76,38,27.632,27.703
par14,I,30,0,72,42,27.974,28.511
par14,I,31,0,72,36,29.151,29.756
par14,I,32,0,74,37,29.786,29.944
par14,I,33,0,76,50,30.359,30.93
par14,I,34,0,79,40,31.662,31.985
par14,I,35,0,72,43,32.825,33.202
par14,I,36,0,77,25,34.614,35.355
par14,I,37,0,79,18,34.048,35.646
par14,I,38,0,76,35,35.231,35.705
par14,I,39,0,79,36,36.501,37.161
par14,I,40,0,74,45,37.816,38.147
par14,I,41,0,79,23,37.856,38.37
par14,I,42,0,72,48,37.816,38.483
par14,I,43,0,76,25,39.535,39.992
par14,I,44,0,74,20,40.289,40.562
par14,I,45,0,79,54,38.876,40.799
par14,I,46,0,72,23,41.43,43.28
par14,I,47,0,77,51,43.197,43.632
par14,I,48,0,74,29,42.017,43.635
par14,I,49,0,76,47,42.601,43.64
par14,I,50,0,79,30,43.866,44.205
par14,I,51,0,79,51,44.42,44.734
par14,I,52,0,79,46,45.034,45.698
par14,I,53,0,77,42,46.252,46.663
par14,I,54,0,76,43,46.832,47.394
par14,I,55,0,74,32,47.394,48.199
par14,I,56,0,72,31,47.955,48.596
par14,I,57,0,79,46,48.655,48.974
par14,I,58,0,79,54,49.26,49.551
par14,I,59,0,72,31,49.899,50.098
par14,I,60,0,72,23,51.089,51.923
par14,I,61,0,79,3,51.714,52.478
par14,I,62,0,76,39,52.347,52.713
par14,I,63,0,76,57,53.572,53.782
par14,I,64,0,77,56,54.131,54.39
par14,I,65,0,79,52,54.735,55.145
par14,I,66,0,76,31,57.164,57.93
par14,I,67,0,77,20,56.604,58.169
par14,I,68,0,79,22,55.974,58.309
par14,I,69,0,74,47,57.773,58.403
par14,I,70,0,72,21,58.414,58.68
par14,I,71,0,72,41,59.008,59.241
par14,I,72,0,72,39,59.618,60.093
par14,I,73,0,79,1,63.093,63.756
par14,I,74,0,79,38,65.598,65.88
par14,I,75,0,79,48,66.195,66.379
par14,I,76,0,79,43,66.51,66.673
par14,I,77,0,79,45,66.798,67.158
par14,I,78,0,79,31,67.417,67.801
par14,I,79,0,77,31,68.239,68.574
par14,I,80,0,76,15,68.796,69.282
par14,I,81,0,74,44,69.41,69.795
par14,I,82,0,79,16,70.522,70.782
par14,I,83,0,79,46,71.083,71.248
par14,I,84,0,79,42,71.385,71.529
par14,I,85,0,79,42,71.673,71.832
par14,I,86,0,79,19,72.288,72.539
par14,I,87,0,79,11,72.878,73.922
par14,I,88,0,77,68,73.655,74.306
par14,I,89,0,72,42,74.27,74.931
par14,I,90,0,74,33,76.018,76.573
par14,I,91,0,72,17,75.387,76.88
par14,I,92,0,76,31,76.622,76.968
par14,I,93,0,76,33,78.509,79.071
par14,I,94,0,74,37,79.07,79.42
par14,I,95,0,72,23,77.855,79.562
par14,I,96,0,76,35,80.871,81.305
par14,I,97,0,72,40,80.244,81.325
par14,I,98,0,74,44,81.197,81.477
par14,I,99,0,72,29,81.742,81.962
par14,I,100,0,72,24,82.375,82.543
par14,I,101,0,76,50,82.911,83.351
par14,I,102,0,77,26,83.342,83.685
par14,I,103,0,79,29,84.034,84.581
par14,I,104,0,79,43,85.163,85.702
par14,I,105,0,79,14,86.363,86.825
par14,I,106,0,77,14,88.37,89.19
par14,I,107,0,79,38,87.606,89.241
par14,I,108,0,76,46,88.93,89.327
par14,I,109,0,77,38,90.621,91.297
par14,I,110,0,79,32,90.016,91.482
par14,I,111,0,76,52,91.233,91.615
par14,I,112,0,76,38,92.444,93.789
par14,I,113,0,77,33,92.978,93.97
par14,I,114,0,79,26,93.747,94.165
par14,I,115,0,72,36,94.913,95.079
par14,I,116,0,72,27,96.169,96.452
par14,I,117,0,72,38,97.342,97.624
par14,I,118,0,74,53,97.923,98.109
par14,I,119,0,72,39,98.502,99.06
par14,I,120,0,74,41,99.785,100.198
par14,I,121,0,76,39,100.239,100.598
par14,I,122,0,77,10,101.09,101.429
par14,I,123,0,77,62,102.258,102.39
par14,I,124,0,79,52,102.817,103.018
par14,I,125,0,79,33,103.364,103.75
par14,I,126,0,77,1,104.788,105.154
par14,I,127,0,79,37,105.231,105.405
par14,I,128,0,79,31,105.514,105.645
par14,I,129,0,79,39,105.813,105.959
par14,I,130,0,79,25,106.372,106.614
par14,I,131,0,77,39,107.012,107.505
par14,I,132,0,76,37,107.638,108.204
par14,I,133,0,74,39,108.274,108.463
par14,I,134,0,77,41,109.424,109.623
par14,I,135,0,79,33,109.972,110.136
par14,I,136,0,79,46,110.284,110.415
par14,I,137,0,79,36,110.574,110.699
par14,I,138,0,79,17,111.168,111.436
par14,I,139,0,74,1,112.693,113.006
par14,I,140,0,72,47,111.888,113.599
par14,I,141,0,74,51,113.235,113.664
par14,I,142,0,79,32,114.299,115.334
par14,I,143,0,79,40,115.576,116.189
par14,I,144,0,77,33,117.341,118.009
par14,I,145,0,76,48,117.964,118.254
par14,I,146,0,79,16,116.763,118.487
par14,I,147,0,79,32,119.17,119.711
par14,I,148,0,79,24,120.372,120.879
par14,I,149,0,74,36,122.228,123.104
par14,I,150,0,76,36,122.838,123.106
par14,I,151,0,72,43,121.639,123.361
par14,I,152,0,76,38,124.066,124.618
par14,I,153,0,76,1,125.276,125.787
par14,I,154,0,74,46,126.491,127.131
par14,I,155,0,72,38,127.01,127.434
par14,I,156,0,74,23,127.71,128.27
par14,I,157,0,79,38,129.104,129.719
par14,I,158,0,79,37,130.121,130.703
par14,I,159,0,77,29,131.953,132.731
par14,I,160,0,76,57,132.512,132.816
par14,I,161,0,79,33,131.325,132.821
par14,I,162,0,72,27,133.799,133.995
par14,I,163,0,72,24,134.347,134.545
par14,I,164,0,72,37,134.914,135.512
par14,I,165,0,79,46,136.079,136.431
par14,I,166,0,79,30,136.739,137.021
par14,I,167,0,79,33,137.377,137.955
par14,I,168,0,77,38,139.198,139.327
par14,I,169,0,77,31,139.518,139.578
par14,I,170,0,77,36,139.766,139.986
par14,I,171,0,79,25,138.584,140.645
par14,I,172,0,77,38,140.995,141.342
par14,I,173,0,76,30,141.663,142.13
par14,I,174,0,74,30,142.335,142.857
par14,I,175,0,79,1,143.597,144.355
par14,I,176,0,79,20,144.733,145.317
par14,I,177,0,77,51,145.913,146.333
par14,I,178,0,76,59,146.519,146.84
par14,I,179,0,74,39,147.17,147.614
par14,I,180,0,72,17,148.383,148.89
par14,I,181,0,72,27,149.573,150.043
par14,I,182,0,76,23,151.389,151.887
par14,I,183,0,74,16,150.779,151.985
par14,I,184,0,77,42,151.983,152.475
par14,I,185,0,79,31,153.247,153.541
par14,I,186,0,79,36,153.789,153.944
par14,I,187,0,79,44,154.091,154.226
par14,I,188,0,79,42,154.387,154.582
par14,I,189,0,77,42,155.596,157.081
par14,I,190,0,76,40,156.216,157.118
par14,I,191,0,74,41,156.859,157.151
par14,I,192,0,79,31,154.997,157.187
par14,I,193,0,79,43,158.069,158.32
par14,I,194,0,79,35,158.638,158.812
par14,I,195,0,79,49,158.965,159.112
par14,I,196,0,79,44,159.27,159.442
par14,I,197,0,79,49,159.872,160.041
par14,I,198,0,77,38,160.466,161.854
par14,I,199,0,76,38,161.068,161.863
par14,I,200,0,74,39,161.734,161.982
par14,I,201,0,72,31,162.988,163.197
par14,I,202,0,72,27,163.564,163.804
par14,I,203,0,72,13,164.212,164.772
par14,I,204,0,79,21,165.309,165.595
par14,I,205,0,79,41,165.925,166.148
par14,I,206,0,79,32,166.533,166.887
par14,I,207,0,79,43,167.795,168.003
par14,I,208,0,79,46,168.336,168.517
par14,I,209,0,79,24,168.645,168.789
par14,I,210,0,79,31,168.945,169.097
par14,I,211,0,76,25,171.388,171.737
par14,I,212,0,79,16,169.521,171.74
par14,I,213,0,74,13,170.808,171.75
par14,I,214,0,72,30,170.184,171.787
par14,I,215,0,74,18,173.911,174.174
par14,I,216,0,72,27,173.263,174.261
par14,I,217,0,79,21,172.636,174.361
par14,I,218,0,74,16,175.834,176.673
par14,I,219,0,72,28,175.276,176.848
par14,I,220,0,79,13,176.318,176.895
par14,I,221,0,79,40,177.468,177.716
par14,I,222,0,79,38,178.073,178.241
par14,I,223,0,79,45,178.376,178.535
par14,I,224,0,79,32,178.71,178.879
par14,I,225,0,79,38,179.261,179.493
par14,I,226,0,77,51,179.928,180.729
par14,I,227,0,76,32,180.607,181.283
par14,I,228,0,74,44,181.178,181.467
par14,I,229,0,72,26,182.367,182.583
par14,I,230,0,72,8,182.995,183.223
par14,I,231,0,72,35,183.585,184.141
par14,I,232,0,79,45,184.78,185.044
par14,I,233,0,79,32,185.366,185.648
par14,I,234,0,79,47,185.954,186.573
par14,I,235,0,77,46,187.293,187.419
par14,I,236,0,79,38,187.795,187.946
par14,I,237,0,79,54,188.071,188.214
par14,I,238,0,79,44,188.357,188.515
par14,I,239,0,79,52,188.95,189.154
par14,I,240,0,77,54,189.586,190.972
par14,I,241,0,76,57,190.205,190.996
par14,I,242,0,74,28,190.848,191.108
par14,I,243,0,72,37,192.097,192.244
par14,I,244,0,72,33,192.674,192.838
par14,I,245,0,72,44,193.254,193.554
par14,I,0,1,72,6,4.965,5.246
par14,I,1,1,72,29,5.588,5.781
par14,I,2,1,72,27,6.159,6.605
par14,I,3,1,79,28,7.387,7.616
par14,I,4,1,79,39,7.962,8.215
par14,I,5,1,79,38,8.568,8.92
par14,I,6,1,77,57,9.896,10.002
par14,I,7,1,79,16,9.975,10.142
par14,I,8,1,77,49,11.022,11.101
par14,I,9,1,77,51,11.514,11.693
par14,I,10,1,76,31,12.148,12.845
par14,I,11,1,74,56,12.766,13.107
par14,I,12,1,72,39,13.426,13.758
par14,I,13,1,72,49,14.68,14.821
par14,I,14,1,72,41,15.248,15.403
par14,I,15,1,72,46,15.804,16.134
par14,I,16,1,79,53,17.054,17.273
par14,I,17,1,79,51,17.616,17.844
par14,I,18,1,79,43,18.223,18.581
par14,I,19,1,79,45,19.487,19.694
par14,I,20,1,79,36,20.022,20.181
par14,I,21,1,79,54,20.31,20.465
par14,I,22,1,77,56,20.649,20.817
par14,I,23,1,76,68,21.25,21.386
par14,I,24,1,74,50,21.864,22.427
par14,I,25,1,72,37,22.517,23.012
par14,I,26,1,72,33,23.246,23.783
par14,I,27,1,79,29,24.413,24.773
par14,I,28,1,79,30,25.563,25.991
par14,I,29,1,77,43,27.407,28.131
par14,I,30,1,76,56,27.986,28.199
par14,I,31,1,79,33,26.845,28.271
par14,I,32,1,79,49,29.21,29.811
par14,I,33,1,79,31,30.439,30.903
par14,I,34,1,77,40,31.699,32.458
par14,I,35,1,76,52,32.254,32.52
par14,I,36,1,76,52,32.808,33.31
par14,I,37,1,72,25,34.126,34.281
par14,I,38,1,72,32,34.676,34.863
par14,I,39,1,72,26,35.275,35.74
par14,I,40,1,79,50,36.548,36.797
par14,I,41,1,79,35,37.143,37.365
par14,I,42,1,79,38,37.729,38.065
par14,I,43,1,79,32,38.986,39.271
par14,I,44,1,79,27,39.567,39.716
par14,I,45,1,79,40,39.867,39.988
par14,I,46,1,79,50,40.144,40.291
par14,I,47,1,76,37,42.036,43.134
par14,I,48,1,77,5,41.351,43.159
par14,I,49,1,79,30,40.712,43.204
par14,I,50,1,72,27,42.665,43.239
par14,I,51,1,72,1,43.836,44.423
par14,I,52,1,72,21,45.065,45.675
par14,I,53,1,74,18,46.346,46.782
par14,I,54,1,76,25,46.933,47.124
par14,I,55,1,77,24,47.505,47.955
par14,I,56,1,77,36,48.693,49.173
par14,I,57,1,76,51,49.258,49.603
par14,I,58,1,79,7,49.866,50.672
par14,I,59,1,76,20,50.589,50.837
par14,I,60,1,79,14,51.199,51.656
par14,I,61,1,76,1,52.522,52.935
par14,I,62,1,79,21,53.588,53.987
par14,I,63,1,79,27,54.787,55.369
par14,I,64,1,77,40,56.718,56.909
par14,I,65,1,79,26,55.964,57.589
par14,I,66,1,76,36,57.329,57.764
par14,I,67,1,79,19,58.447,58.917
par14,I,68,1,79,30,59.64,60.208
par14,I,69,1,77,48,61.4,62.284
par14,I,70,1,79,13,60.902,62.285
par14,I,71,1,76,28,62.004,62.323
par14,I,72,1,72,33,63.305,63.507
par14,I,73,1,72,23,63.926,64.119
par14,I,74,1,72,34,64.54,64.927
par14,I,75,1,79,31,65.76,66.008
par14,I,76,1,79,36,66.316,66.568
par14,I,77,1,79,27,66.928,67.385
par14,I,78,1,79,34,68.173,68.388
par14,I,79,1,79,33,68.737,68.898
par14,I,80,1,79,36,69.07,69.204
par14,I,81,1,79,42,69.351,69.515
par14,I,82,1,79,33,69.963,70.156
par14,I,83,1,72,22,71.184,71.892
par14,I,84,1,79,29,70.537,71.965
par14,I,85,1,74,24,71.801,72.03
par14,I,86,1,79,32,73.671,73.954
par14,I,87,1,79,32,74.249,74.766
par14,I,88,1,72,33,76.171,76.898
par14,I,89,1,79,17,75.515,76.957
par14,I,90,1,74,1,76.847,77.156
par14,I,91,1,79,35,77.845,78.055
par14,I,92,1,79,36,78.411,78.584
par14,I,93,1,79,38,78.747,78.884
par14,I,94,1,79,37,79.047,79.192
par14,I,95,1,79,23,79.672,79.861
par14,I,96,1,77,29,80.932,81.402
par14,I,97,1,76,30,81.49,81.962
par14,I,98,1,79,25,80.261,82.275
par14,I,99,1,72,3,82.747,82.964
par14,I,100,1,72,30,83.395,83.583
par14,I,101,1,72,41,83.961,84.357
par14,I,102,1,79,35,85.18,85.454
par14,I,103,1,79,55,85.754,86.092
par14,I,104,1,79,25,86.346,86.719
par14,I,105,1,77,25,87.608,87.83
par14,I,106,1,77,30,88.173,88.315
par14,I,107,1,77,32,88.477,88.576
par14,I,108,1,79,34,89.345,89.642
par14,I,109,1,77,1,90.592,91.664
par14,I,110,1,76,46,91.23,91.692
par14,I,111,1,79,23,90.007,91.892
par14,I,112,1,72,23,92.482,92.675
par14,I,113,1,72,38,93.12,93.326
par14,I,114,1,72,44,93.671,94.063
par14,I,115,1,79,37,94.911,95.19
par14,I,116,1,79,30,95.503,95.714
par14,I,117,1,79,39,96.089,96.595
par14,I,118,1,79,38,97.341,97.547
par14,I,119,1,79,49,97.891,98.07
par14,I,120,1,79,32,98.207,98.309
par14,I,121,1,79,53,98.484,98.694
par14,I,122,1,79,33,99.091,99.372
par14,I,123,1,76,39,100.32,101.061
par14,I,124,1,77,45,99.714,101.081
par14,I,125,1,79,1,99.673,101.213
par14,I,126,1,74,40,100.933,101.36
par14,I,127,1,72,32,102.202,102.378
par14,I,128,1,72,31,102.793,102.941
par14,I,129,1,72,40,103.403,103.864
par14,I,130,1,79,38,104.7,105.004
par14,I,131,1,79,46,105.307,105.53
par14,I,132,1,79,40,105.896,106.363
par14,I,133,1,79,19,107.11,107.311
par14,I,134,1,79,50,107.644,107.803
par14,I,135,1,79,48,107.937,108.075
par14,I,136,1,79,41,108.223,108.416
par14,I,137,1,76,39,110.084,110.986
par14,I,138,1,79,42,108.847,110.992
par14,I,139,1,77,32,109.457,111.046
par14,I,140,1,74,31,110.718,111.231
par14,I,141,1,72,31,111.961,112.208
par14,I,142,1,72,37,112.602,112.793
par14,I,143,1,72,37,113.124,113.573
par14,I,144,1,79,31,114.306,114.71
par14,I,145,1,77,58,114.986,115.197
par14,I,146,1,79,35,115.579,116.196
par14,I,147,1,79,26,116.766,117.003
par14,I,148,1,79,38,117.358,117.521
par14,I,149,1,79,50,117.664,117.831
par14,I,150,1,79,34,117.986,118.168
par14,I,151,1,79,40,118.565,118.788
par14,I,152,1,76,32,120.402,120.69
par14,I,153,1,77,10,119.796,120.701
par14,I,154,1,79,35,119.182,120.812
par14,I,155,1,72,30,121.648,121.831
par14,I,156,1,72,32,122.222,122.388
par14,I,157,1,72,36,122.808,123.175
par14,I,158,1,79,43,124.034,124.32
par14,I,159,1,79,18,124.714,124.911
par14,I,160,1,79,36,125.243,125.626
par14,I,161,1,72,28,126.546,126.79
par14,I,162,1,79,7,127.036,127.304
par14,I,163,1,72,1,127.582,127.669
par14,I,164,1,79,8,128.01,128.333
par14,I,165,1,72,34,128.93,129.584
par14,I,166,1,79,1,129.399,129.942
par14,I,167,1,77,18,130.179,130.638
par14,I,168,1,72,30,131.343,131.558
par14,I,169,1,72,19,131.989,132.163
par14,I,170,1,72,36,132.529,132.737
par14,I,171,1,79,42,133.765,134.074
par14,I,172,1,79,47,134.354,134.572
par14,I,173,1,79,35,134.951,135.348
par14,I,174,1,79,31,136.216,136.45
par14,I,175,1,79,29,136.846,136.961
par14,I,176,1,79,18,137.155,137.248
par14,I,177,1,79,29,137.457,137.597
par14,I,178,1,79,21,137.979,138.236
par14,I,179,1,77,10,138.616,139.564
par14,I,180,1,76,40,139.286,139.662
par14,I,181,1,74,38,139.936,140.256
par14,I,182,1,72,27,141.043,141.256
par14,I,183,1,72,18,141.677,141.888
par14,I,184,1,72,18,142.271,142.509
par14,I,185,1,74,1,143.674,143.869
par14,I,186,1,74,43,144.156,144.289
par14,I,187,1,74,28,144.679,145.195
par14,I,188,1,74,26,145.902,146.033
par14,I,189,1,74,41,146.457,146.589
par14,I,190,1,74,13,147.043,147.207
par14,I,191,1,74,45,147.64,147.814
par14,I,192,1,76,46,148.285,149.032
par14,I,193,1,74,35,148.908,149.535
par14,I,194,1,72,31,149.529,149.853
par14,I,195,1,72,30,150.81,151.044
par14,I,196,1,72,36,151.431,151.667
par14,I,197,1,72,36,152.017,152.275
par14,I,198,1,79,46,153.269,153.525
par14,I,199,1,79,39,153.894,154.117
par14,I,200,1,79,49,154.467,154.673
par14,I,201,1,79,33,155.786,156.007
par14,I,202,1,79,32,156.286,156.45
par14,I,203,1,79,37,156.612,156.725
par14,I,204,1,79,36,156.89,157.063
par14,I,205,1,79,42,157.469,157.617
par14,I,206,1,76,37,158.039,158.759
par14,I,207,1,74,39,158.67,159.143
par14,I,208,1,72,24,159.297,159.728
par14,I,209,1,72,37,160.552,160.773
par14,I,210,1,72,37,161.131,161.352
par14,I,211,1,72,49,161.692,162.164
par14,I,212,1,77,3,163.061,163.385
par14,I,213,1,77,42,163.644,163.923
par14,I,214,1,77,46,164.196,164.685
par14,I,215,1,72,48,165.399,165.617
par14,I,216,1,72,42,165.95,166.079
par14,I,217,1,72,16,166.281,166.369
par14,I,218,1,72,45,166.56,166.735
par14,I,219,1,72,50,167.163,167.369
par14,I,220,1,77,50,167.747,168.786
par14,I,221,1,76,54,168.352,169.145
par14,I,222,1,74,43,169.009,169.328
par14,I,223,1,72,14,170.368,170.549
par14,I,224,1,72,31,170.951,171.091
par14,I,225,1,72,49,171.456,171.693
par14,I,226,1,79,35,172.672,172.934
par14,I,227,1,79,37,173.28,173.497
par14,I,228,1,79,52,173.834,174.428
par14,I,229,1,79,27,175.108,175.384
par14,I,230,1,79,33,175.744,175.931
par14,I,231,1,79,40,176.076,176.227
par14,I,232,1,79,39,176.383,176.526
par14,I,233,1,79,29,176.947,177.177
par14,I,234,1,77,49,177.557,178.423
par14,I,235,1,76,64,178.119,178.882
par14,I,236,1,74,38,178.789,179.077
par14,I,237,1,72,35,180.04,180.213
par14,I,238,1,72,51,180.584,180.811
par14,I,239,1,72,55,181.167,181.888
par14,I,240,1,79,48,182.426,182.69
par14,I,241,1,79,46,183.01,183.262
par14,I,242,1,79,47,183.601,184.091
par14,I,243,1,77,22,184.919,185.027
par14,I,244,1,79,55,185.441,185.595
par14,I,245,1,79,54,185.715,185.868
par14,I,246,1,79,48,186.0,186.232
par14,I,247,1,79,42,186.616,186.866
par14,I,248,1,76,47,187.895,188.191
par14,I,249,1,77,48,187.257,188.437
par14,I,250,1,74,32,188.505,188.87
par14,I,251,1,74,36,189.74,190.27
par14,I,252,1,74,10,191.022,191.546
par14,I,253,1,79,39,192.144,192.441
par14,I,254,1,79,48,192.759,193.063
par14,I,255,1,79,50,193.374,194.003
par15,S,0,0,72,50,4.918,5.22
par15,S,1,0,74,49,5.097,5.292
par15,S,2,0,76,51,5.224,5.589
par15,S,3,0,77,60,5.445,5.656
par15,S,4,0,79,70,5.603,5.895
par15,S,5,0,72,51,6.214,6.44
par15,S,6,0,74,63,6.39,6.639
par15,S,7,0,76,51,6.582,6.936
par15,S,8,0,77,48,6.795,7.076
par15,S,9,0,79,59,6.988,7.329
par15,S,10,0,72,54,7.559,7.836
par15,S,11,0,74,58,7.782,8.006
par15,S,12,0,76,65,7.95,8.31
par15,S,13,0,77,68,8.183,8.457
par15,S,14,0,79,14,8.486,8.935
par15,S,15,0,72,67,9.184,9.498
par15,S,16,0,74,58,9.344,9.523
par15,S,17,0,76,58,9.47,9.863
par15,S,18,0,77,65,9.672,9.982
par15,S,19,0,79,77,9.884,10.146
par15,S,20,0,79,62,10.516,10.78
par15,S,21,0,77,60,10.73,11.07
par15,S,22,0,76,51,10.939,11.414
par15,S,23,0,74,55,11.3,11.768
par15,S,24,0,72,70,11.704,12.109
par15,S,25,0,79,52,12.233,12.705
par15,S,26,0,77,56,12.492,12.768
par15,S,27,0,76,76,12.673,13.076
par15,S,28,0,74,64,12.988,13.449
par15,S,29,0,72,72,13.376,13.766
par15,S,30,0,79,59,14.103,14.574
par15,S,31,0,77,54,14.393,14.626
par15,S,32,0,76,72,14.556,14.919
par15,S,33,0,74,62,14.861,15.261
par15,S,34,0,72,70,15.187,16.128
par15,S,35,0,74,55,17.074,17.326
par15,S,36,0,76,54,17.19,17.754
par15,S,37,0,77,58,17.416,17.767
par15,S,38,0,79,58,17.688,18.311
par15,S,39,0,72,65,18.218,18.67
par15,S,40,0,74,48,18.727,19.022
par15,S,41,0,76,58,18.979,19.444
par15,S,42,0,77,45,19.216,19.55
par15,S,43,0,79,64,19.433,19.913
par15,S,44,0,72,72,19.927,20.5
par15,S,45,0,74,48,20.416,20.555
par15,S,46,0,76,60,20.481,21.035
par15,S,47,0,77,62,20.749,21.049
par15,S,48,0,79,60,21.0,21.528
par15,S,49,0,72,75,21.51,22.148
par15,S,50,0,74,56,21.993,22.151
par15,S,51,0,76,51,22.101,22.52
par15,S,52,0,77,72,22.339,22.61
par15,S,53,0,79,69,22.534,23.436
par15,S,54,0,72,73,23.453,23.776
par15,S,55,0,77,55,28.027,28.245
par15,S,56,0,76,72,28.128,28.505
par15,S,57,0,74,70,28.43,28.803
par15,S,58,0,72,74,28.791,29.207
par15,S,59,0,77,46,29.81,30.004
par15,S,60,0,76,58,29.922,30.229
par15,S,61,0,79,73,29.134,30.269
par15,S,62,0,74,67,30.175,30.466
par15,S,63,0,72,72,30.466,31.012
par15,S,64,0,77,60,31.658,31.921
par15,S,65,0,76,63,31.845,32.197
par15,S,66,0,79,70,30.962,32.232
par15,S,67,0,74,65,32.101,32.444
par15,S,68,0,72,67,32.397,33.018
par15,S,69,0,77,48,33.469,33.726
par15,S,70,0,79,76,32.928,33.804
par15,S,71,0,76,46,33.625,33.962
par15,S,72,0,74,72,33.897,34.338
par15,S,73,0,72,60,34.262,34.796
par15,S,74,0,79,71,34.765,36.187
par15,S,75,0,76,52,36.678,37.21
par15,S,76,0,77,51,36.888,37.367
par15,S,77,0,74,41,37.847,38.075
par15,S,78,0,79,56,37.113,38.292
par15,S,79,0,72,54,38.032,38.438
par15,S,80,0,76,59,39.018,39.376
par15,S,81,0,77,64,39.215,39.456
par15,S,82,0,74,50,39.927,40.144
par15,S,83,0,79,63,39.38,40.343
par15,S,84,0,72,59,40.104,40.399
par15,S,85,0,76,57,41.318,41.634
par15,S,86,0,77,66,41.465,41.744
par15,S,87,0,74,51,42.204,42.428
par15,S,88,0,79,71,41.617,42.499
par15,S,89,0,72,64,42.364,42.64
par15,S,90,0,76,50,43.314,43.628
par15,S,91,0,77,71,43.458,43.863
par15,S,92,0,79,73,43.709,44.429
par15,S,93,0,74,55,44.229,44.448
par15,S,94,0,72,59,44.391,44.638
par15,S,95,0,76,60,45.214,45.538
par15,S,96,0,77,58,45.361,45.647
par15,S,97,0,74,47,46.045,46.255
par15,S,98,0,79,56,45.548,46.28
par15,S,99,0,72,52,46.19,46.539
par15,S,100,0,76,49,47.738,47.963
par15,S,101,0,74,57,47.888,48.186
par15,S,102,0,77,55,49.688,49.825
par15,S,103,0,72,57,48.094,49.984
par15,S,104,0,79,52,49.791,50.052
par15,S,105,0,76,53,50.998,51.211
par15,S,106,0,74,57,51.166,51.426
par15,S,107,0,72,63,51.386,52.217
par15,S,108,0,77,21,52.142,52.468
par15,S,109,0,77,63,52.615,52.91
par15,S,110,0,79,61,52.829,53.204
par15,S,111,0,76,40,53.66,53.896
par15,S,112,0,74,62,53.802,54.135
par15,S,113,0,72,72,54.06,54.769
par15,S,114,0,77,59,54.661,54.922
par15,S,115,0,79,71,54.824,55.649
par15,S,116,0,76,58,55.545,55.701
par15,S,117,0,74,66,55.662,55.898
par15,S,118,0,72,72,55.866,56.444
par15,S,119,0,77,49,56.31,56.519
par15,S,120,0,79,61,56.458,56.864
par15,S,121,0,77,48,60.702,60.989
par15,S,122,0,76,41,61.501,61.738
par15,S,123,0,79,62,60.854,61.896
par15,S,124,0,74,70,61.716,61.995
par15,S,125,0,72,60,61.97,62.691
par15,S,126,0,77,55,62.639,62.919
par15,S,127,0,76,43,63.447,63.746
par15,S,128,0,74,50,63.567,63.801
par15,S,129,0,79,70,62.842,63.998
par15,S,130,0,72,63,63.76,64.452
par15,S,131,0,77,37,64.497,64.741
par15,S,132,0,77,53,65.941,66.252
par15,S,133,0,77,57,66.617,66.849
par15,S,134,0,79,61,66.18,66.851
par15,S,135,0,76,53,66.773,67.07
par15,S,136,0,74,66,67.012,67.838
par15,S,137,0,72,72,68.22,68.435
par15,S,138,0,74,65,72.902,73.226
par15,S,139,0,76,54,73.382,73.667
par15,S,140,0,72,65,73.121,73.736
par15,S,141,0,77,59,73.587,73.833
par15,S,142,0,76,23,74.321,74.477
par15,S,143,0,74,61,74.804,75.182
par15,S,144,0,79,42,73.799,75.255
par15,S,145,0,72,67,74.999,75.497
par15,S,146,0,76,63,75.488,75.875
par15,S,147,0,77,59,75.717,76.006
par15,S,148,0,74,28,76.454,76.753
par15,S,149,0,79,73,75.9,76.832
par15,S,150,0,72,77,76.717,77.13
par15,S,151,0,76,63,77.119,77.528
par15,S,152,0,77,49,77.348,77.6
par15,S,153,0,74,52,77.934,78.181
par15,S,154,0,72,64,78.131,78.371
par15,S,155,0,79,68,77.542,78.758
par15,S,156,0,76,63,78.588,78.991
par15,S,157,0,77,44,78.809,79.095
par15,S,158,0,79,73,79.014,79.476
par15,S,159,0,72,17,81.087,81.195
par15,S,160,0,72,53,85.079,85.433
par15,S,161,0,74,59,85.284,85.498
par15,S,162,0,76,53,85.402,85.841
par15,S,163,0,77,53,85.722,86.047
par15,S,164,0,79,56,85.811,86.189
par15,S,165,0,72,49,86.23,86.532
par15,S,166,0,74,56,86.375,86.697
par15,S,167,0,76,53,86.505,87.124
par15,S,168,0,77,54,87.109,87.493
par15,S,169,0,79,56,87.454,87.875
par15,S,170,0,72,46,87.918,88.319
par15,S,171,0,74,51,88.22,88.58
par15,S,172,0,76,55,88.527,88.968
par15,S,173,0,77,68,88.83,89.179
par15,S,174,0,79,72,89.134,89.784
par15,S,175,0,77,51,92.702,92.982
par15,S,176,0,79,59,92.388,92.985
par15,S,177,0,76,69,92.932,93.328
par15,S,178,0,74,70,93.258,93.63
par15,S,179,0,72,68,93.597,94.133
par15,S,180,0,77,53,94.271,94.548
par15,S,181,0,79,53,94.013,94.601
par15,S,182,0,76,63,94.526,94.882
par15,S,183,0,74,70,94.845,95.122
par15,S,184,0,79,34,95.454,95.967
par15,S,185,0,72,64,95.124,96.082
par15,S,186,0,77,56,95.912,96.186
par15,S,187,0,76,66,96.132,96.506
par15,S,188,0,74,64,96.43,96.763
par15,S,189,0,72,63,96.747,97.485
par15,S,190,0,74,50,99.69,99.932
par15,S,191,0,76,45,99.859,100.323
par15,S,192,0,77,66,100.122,100.419
par15,S,193,0,79,68,100.322,100.827
par15,S,194,0,72,61,100.674,101.027
par15,S,195,0,74,68,101.012,101.242
par15,S,196,0,76,55,101.192,101.584
par15,S,197,0,77,62,101.415,101.748
par15,S,198,0,79,71,101.679,102.433
par15,S,199,0,72,52,102.364,102.945
par15,S,200,0,74,56,102.803,103.003
par15,S,201,0,76,53,102.957,103.458
par15,S,202,0,77,60,103.239,103.541
par15,S,203,0,79,65,103.435,103.843
par15,S,204,0,72,69,103.838,104.195
par15,S,205,0,74,55,104.137,104.298
par15,S,206,0,79,30,104.549,104.614
par15,S,207,0,76,62,104.274,104.85
par15,S,208,0,77,47,104.767,105.148
par15,S,209,0,79,60,105.034,105.707
par15,S,210,0,72,65,105.513,107.476
par15,S,211,0,77,60,110.638,110.864
par15,S,212,0,76,66,110.794,111.132
par15,S,213,0,74,66,111.059,111.349
par15,S,214,0,72,68,111.326,111.743
par15,S,215,0,79,68,111.607,112.237
par15,S,216,0,77,51,112.175,112.379
par15,S,217,0,76,72,112.341,112.687
par15,S,218,0,74,66,112.646,112.904
par15,S,219,0,72,62,112.876,113.724
par15,S,220,0,79,68,113.222,113.833
par15,S,221,0,77,63,113.76,114.013
par15,S,222,0,76,60,113.984,114.276
par15,S,223,0,74,64,114.224,114.554
par15,S,224,0,72,65,114.501,114.962
par15,S,225,0,77,46,115.363,115.556
par15,S,226,0,79,79,114.882,115.618
par15,S,227,0,76,69,115.515,115.859
par15,S,228,0,74,56,115.801,116.095
par15,S,229,0,72,60,116.058,116.561
par15,S,230,0,79,61,116.428,116.87
par15,S,231,0,76,23,119.176,119.504
par15,S,232,0,77,66,119.383,119.696
par15,S,233,0,74,53,120.497,120.71
par15,S,234,0,79,69,119.621,120.797
par15,S,235,0,72,65,120.687,121.53
par15,S,236,0,76,33,121.529,121.979
par15,S,237,0,77,67,121.82,122.127
par15,S,238,0,74,24,122.667,122.938
par15,S,239,0,79,67,122.069,123.017
par15,S,240,0,72,68,122.884,123.191
par15,S,241,0,76,49,123.569,123.988
par15,S,242,0,77,41,123.801,124.108
par15,S,243,0,74,55,124.531,124.735
par15,S,244,0,79,80,124.027,124.822
par15,S,245,0,72,55,124.688,125.589
par15,S,246,0,76,59,125.602,125.997
par15,S,247,0,77,70,125.878,126.245
par15,S,248,0,74,63,126.912,127.188
par15,S,249,0,79,64,126.126,127.294
par15,S,250,0,72,59,127.156,127.575
par15,S,251,0,76,57,129.011,129.288
par15,S,252,0,74,64,129.185,129.527
par15,S,253,0,77,64,130.38,130.588
par15,S,254,0,72,65,129.425,131.104
par15,S,255,0,79,42,130.623,131.205
par15,S,256,0,76,42,131.351,131.715
par15,S,257,0,74,62,131.611,131.973
par15,S,258,0,77,55,132.367,132.63
par15,S,259,0,72,47,131.889,132.872
par15,S,260,0,76,35,133.348,133.642
par15,S,261,0,74,64,133.555,133.892
par15,S,262,0,72,57,133.813,134.376
par15,S,263,0,79,67,132.565,134.433
par15,S,264,0,77,39,134.315,134.685
par15,S,265,0,79,32,134.55,135.075
par15,S,266,0,76,61,136.423,136.731
par15,S,267,0,74,64,136.638,136.881
par15,S,268,0,72,67,136.843,137.251
par15,S,269,0,77,56,137.127,137.417
par15,S,270,0,79,59,137.3,137.753
par15,S,271,0,77,69,142.064,142.343
par15,S,272,0,79,52,142.316,142.596
par15,S,273,0,77,20,142.482,142.613
par15,S,274,0,76,47,143.044,143.279
par15,S,275,0,74,59,143.223,143.51
par15,S,276,0,72,63,143.475,144.281
par15,S,277,0,77,53,144.516,144.705
par15,S,278,0,76,38,145.259,145.5
par15,S,279,0,74,56,145.466,145.721
par15,S,280,0,79,58,144.627,145.781
par15,S,281,0,72,61,145.714,146.273
par15,S,282,0,77,58,146.51,146.792
par15,S,283,0,76,37,147.262,147.485
par15,S,284,0,79,62,146.708,147.616
par15,S,285,0,74,64,147.442,147.707
par15,S,286,0,72,65,147.683,148.355
par15,S,287,0,77,57,148.432,148.731
par15,S,288,0,76,41,149.108,149.365
par15,S,289,0,74,58,149.32,149.568
par15,S,290,0,79,55,148.625,149.622
par15,S,291,0,72,55,149.556,149.787
par15,S,292,0,74,46,153.121,153.463
par15,S,293,0,72,53,153.325,153.683
par15,S,294,0,76,58,153.536,153.906
par15,S,295,0,77,60,153.765,154.059
par15,S,296,0,79,32,153.956,154.584
par15,S,297,0,74,56,154.527,154.773
par15,S,298,0,72,61,154.739,155.011
par15,S,299,0,76,51,154.912,155.336
par15,S,300,0,77,64,155.13,155.45
par15,S,301,0,79,70,155.316,155.754
par15,S,302,0,74,49,155.745,155.945
par15,S,303,0,72,65,155.878,156.191
par15,S,304,0,76,58,156.094,156.495
par15,S,305,0,77,58,156.305,156.683
par15,S,306,0,79,66,156.521,156.858
par15,S,307,0,74,22,157.048,157.317
par15,S,308,0,72,60,157.267,157.55
par15,S,309,0,76,58,157.472,157.877
par15,S,310,0,77,60,157.692,158.057
par15,S,311,0,79,64,157.908,158.286
par15,S,312,0,74,42,158.353,158.633
par15,S,313,0,72,66,158.58,158.917
par15,S,314,0,76,56,158.863,159.269
par15,S,315,0,77,58,159.063,159.546
par15,S,316,0,79,48,159.304,159.652
par15,S,317,0,72,46,160.973,161.168
par15,S,318,0,74,55,161.046,161.316
par15,S,319,0,76,51,161.238,161.61
par15,S,320,0,77,57,161.456,161.72
par15,S,321,0,79,50,161.509,161.996
par15,S,322,0,77,1,162.725,163.095
par15,S,323,0,79,63,162.277,163.599
par15,S,324,0,77,44,163.306,163.646
par15,S,325,0,76,60,163.518,163.838
par15,S,326,0,74,62,163.802,164.098
par15,S,327,0,72,29,164.14,164.255
par15,S,328,0,72,62,166.455,166.641
par15,S,329,0,74,58,166.586,166.767
par15,S,330,0,76,57,166.697,166.962
par15,S,331,0,79,66,166.95,167.175
par15,S,332,0,77,58,166.931,167.261
par15,S,333,0,72,52,167.701,167.961
par15,S,334,0,74,55,167.852,168.036
par15,S,335,0,76,53,167.978,168.462
par15,S,336,0,77,66,168.217,168.495
par15,S,337,0,79,67,168.494,168.698
par15,S,338,0,72,20,168.937,169.185
par15,S,339,0,74,64,169.153,169.333
par15,S,340,0,76,66,169.301,169.581
par15,S,341,0,77,66,169.533,169.803
par15,S,342,0,79,47,169.815,170.116
par15,S,343,0,72,55,170.224,170.464
par15,S,344,0,74,55,170.421,170.602
par15,S,345,0,76,28,170.594,170.899
par15,S,346,0,77,67,170.809,171.077
par15,S,347,0,79,20,171.125,171.299
par15,S,348,0,79,62,171.457,171.757
par15,S,349,0,77,59,171.707,171.989
par15,S,350,0,76,50,171.914,172.305
par15,S,351,0,74,58,172.246,172.503
par15,S,352,0,79,40,172.803,173.304
par15,S,353,0,72,61,172.467,173.351
par15,S,354,0,77,41,173.096,173.429
par15,S,355,0,76,73,173.386,173.729
par15,S,356,0,74,60,173.651,173.931
par15,S,357,0,79,56,174.15,174.536
par15,S,358,0,72,60,173.908,174.539
par15,S,359,0,76,56,174.511,174.673
par15,S,360,0,77,45,174.509,174.903
par15,S,361,0,77,63,175.123,175.395
par15,S,362,0,76,66,175.367,175.602
par15,S,363,0,72,43,175.6,175.938
par15,S,364,0,79,64,176.471,177.342
par15,S,365,0,77,56,176.922,177.509
par15,S,366,0,76,53,177.176,177.646
par15,S,367,0,74,70,177.572,178.06
par15,S,368,0,72,62,178.022,179.004
par15,S,369,0,74,53,178.957,179.094
par15,S,370,0,76,64,179.049,179.573
par15,S,371,0,77,63,179.3,179.609
par15,S,372,0,79,68,179.524,179.965
par15,S,373,0,72,55,179.858,180.104
par15,S,374,0,74,61,180.088,180.247
par15,S,375,0,76,47,180.219,180.693
par15,S,376,0,77,17,180.534,180.858
par15,S,377,0,79,58,181.048,181.17
par15,S,378,0,77,15,181.136,181.396
par15,S,379,0,79,47,181.318,181.526
par15,S,380,0,72,27,181.789,182.104
par15,S,381,0,74,73,182.417,182.635
par15,S,382,0,76,50,182.601,182.985
par15,S,383,0,77,66,182.849,183.24
par15,S,384,0,79,68,183.073,183.553
par15,S,385,0,72,67,183.532,184.004
par15,S,386,0,74,53,184.008,184.264
par15,S,387,0,76,64,184.251,184.799
par15,S,388,0,77,68,184.49,184.957
par15,S,389,0,79,48,184.778,185.157
par15,S,390,0,72,51,185.153,185.494
par15,S,391,0,77,38,188.211,188.647
par15,S,392,0,76,64,188.583,188.971
par15,S,393,0,74,62,188.89,189.157
par15,S,394,0,72,63,189.124,189.566
par15,S,395,0,79,52,189.409,189.827
par15,S,396,0,77,52,189.833,190.21
par15,S,397,0,76,53,190.11,190.422
par15,S,398,0,74,56,190.369,190.605
par15,S,399,0,72,57,190.619,191.188
par15,S,400,0,79,50,191.116,191.658
par15,S,401,0,77,57,191.597,191.866
par15,S,402,0,76,63,191.822,192.139
par15,S,403,0,74,55,192.101,192.603
par15,S,404,0,72,62,192.437,192.751
par15,S,405,0,79,52,192.721,193.459
par15,S,406,0,77,49,193.401,193.644
par15,S,407,0,76,62,193.608,193.928
par15,S,0,1,72,49,4.803,5.326
par15,S,1,1,74,62,5.122,5.373
par15,S,2,1,76,40,5.34,5.928
par15,S,3,1,77,66,5.682,5.959
par15,S,4,1,79,73,5.916,6.272
par15,S,5,1,72,66,6.284,6.637
par15,S,6,1,74,68,6.532,6.748
par15,S,7,1,76,60,6.679,7.093
par15,S,8,1,77,70,6.967,7.238
par15,S,9,1,79,82,7.178,7.513
par15,S,10,1,72,57,7.57,7.937
par15,S,11,1,74,42,7.797,8.081
par15,S,12,1,76,69,7.997,8.349
par15,S,13,1,77,76,8.232,8.503
par15,S,14,1,79,72,8.466,9.361
par15,S,15,1,77,57,11.152,11.441
par15,S,16,1,79,53,10.95,11.453
par15,S,17,1,76,55,11.356,11.743
par15,S,18,1,74,72,11.636,11.929
par15,S,19,1,79,50,12.168,12.57
par15,S,20,1,72,73,11.863,12.579
par15,S,21,1,77,58,12.471,12.737
par15,S,22,1,76,73,12.644,13.018
par15,S,23,1,74,68,12.936,13.169
par15,S,24,1,72,75,13.132,13.576
par15,S,25,1,79,62,13.425,13.828
par15,S,26,1,77,59,13.649,13.959
par15,S,27,1,76,74,13.854,14.459
par15,S,28,1,74,65,14.233,14.739
par15,S,29,1,72,78,14.689,15.425
par15,S,30,1,74,65,17.028,17.24
par15,S,31,1,76,62,17.136,17.535
par15,S,32,1,77,67,17.37,17.678
par15,S,33,1,79,68,17.572,17.901
par15,S,34,1,72,73,17.866,18.139
par15,S,35,1,74,67,18.107,18.343
par15,S,36,1,76,46,18.274,18.68
par15,S,37,1,77,65,18.509,18.903
par15,S,38,1,79,59,18.777,19.188
par15,S,39,1,72,64,19.094,19.318
par15,S,40,1,74,74,19.279,19.546
par15,S,41,1,76,64,19.486,19.901
par15,S,42,1,77,73,19.712,20.083
par15,S,43,1,79,74,19.931,20.646
par15,S,44,1,72,41,20.31,20.732
par15,S,45,1,74,56,20.66,20.98
par15,S,46,1,76,52,20.89,21.319
par15,S,47,1,77,65,21.135,21.425
par15,S,48,1,79,77,21.338,21.928
par15,S,49,1,72,78,21.783,23.043
par15,S,50,1,72,8,23.249,23.653
par15,S,51,1,77,56,26.631,26.879
par15,S,52,1,76,70,26.796,27.104
par15,S,53,1,74,62,27.01,27.336
par15,S,54,1,72,68,27.244,27.887
par15,S,55,1,79,61,27.684,28.123
par15,S,56,1,77,46,28.09,28.317
par15,S,57,1,76,58,28.234,28.565
par15,S,58,1,74,69,28.47,28.778
par15,S,59,1,72,72,28.707,29.212
par15,S,60,1,79,43,29.021,29.419
par15,S,61,1,77,43,29.393,29.637
par15,S,62,1,76,63,29.556,30.038
par15,S,63,1,74,58,29.821,30.15
par15,S,64,1,72,65,30.088,30.697
par15,S,65,1,79,53,30.376,31.165
par15,S,66,1,77,45,30.785,31.166
par15,S,67,1,76,70,31.065,31.371
par15,S,68,1,74,64,31.284,31.619
par15,S,69,1,72,74,31.548,31.991
par15,S,70,1,79,64,31.846,32.875
par15,S,71,1,77,48,32.453,32.905
par15,S,72,1,76,60,32.648,33.022
par15,S,73,1,74,65,32.885,33.249
par15,S,74,1,72,53,33.178,34.0
par15,S,75,1,79,76,33.646,35.4
par15,S,76,1,77,46,36.511,36.992
par15,S,77,1,79,31,37.042,37.139
par15,S,78,1,76,62,38.546,38.968
par15,S,79,1,77,64,38.711,39.163
par15,S,80,1,79,41,38.874,39.673
par15,S,81,1,74,58,39.986,40.226
par15,S,82,1,72,60,40.146,40.547
par15,S,83,1,76,57,40.678,41.018
par15,S,84,1,77,67,40.874,41.577
par15,S,85,1,79,59,41.117,41.889
par15,S,86,1,74,59,41.78,42.063
par15,S,87,1,72,73,41.996,42.488
par15,S,88,1,76,63,42.396,42.654
par15,S,89,1,77,72,42.547,42.822
par15,S,90,1,79,58,42.705,43.333
par15,S,91,1,74,61,43.286,43.56
par15,S,92,1,72,59,43.426,43.89
par15,S,93,1,76,49,43.874,44.227
par15,S,94,1,77,70,44.091,44.483
par15,S,95,1,79,66,44.294,44.888
par15,S,96,1,74,64,44.742,44.963
par15,S,97,1,72,67,44.9,45.857
par15,S,98,1,76,52,45.707,46.037
par15,S,99,1,77,67,45.941,46.368
par15,S,100,1,74,55,46.964,47.203
par15,S,101,1,79,66,46.26,47.272
par15,S,102,1,72,66,47.148,47.849
par15,S,103,1,76,67,47.766,48.211
par15,S,104,1,77,65,47.95,48.775
par15,S,105,1,79,68,48.152,48.893
par15,S,106,1,74,56,48.714,48.973
par15,S,107,1,72,68,48.883,49.171
par15,S,108,1,76,63,52.3,52.664
par15,S,109,1,74,62,52.509,53.012
par15,S,110,1,77,64,54.042,54.258
par15,S,111,1,72,65,52.807,54.317
par15,S,112,1,79,59,54.172,54.979
par15,S,113,1,76,61,54.808,55.093
par15,S,114,1,74,61,54.998,55.3
par15,S,115,1,77,41,55.889,56.119
par15,S,116,1,72,68,55.247,56.152
par15,S,117,1,76,52,56.622,56.919
par15,S,118,1,79,69,56.009,56.955
par15,S,119,1,74,64,56.849,57.161
par15,S,120,1,76,9,57.724,57.837
par15,S,121,1,72,72,57.106,57.859
par15,S,122,1,77,62,57.751,58.047
par15,S,123,1,79,61,57.966,58.435
par15,S,124,1,76,56,58.59,58.871
par15,S,125,1,74,65,58.816,59.065
par15,S,126,1,77,52,59.644,59.836
par15,S,127,1,72,73,59.023,59.922
par15,S,128,1,76,48,60.369,60.623
par15,S,129,1,79,64,59.787,60.774
par15,S,130,1,74,62,60.552,60.813
par15,S,131,1,72,70,60.764,61.318
par15,S,132,1,77,60,61.262,61.53
par15,S,133,1,79,28,61.387,61.944
par15,S,134,1,76,41,61.932,62.207
par15,S,135,1,74,57,62.141,62.385
par15,S,136,1,72,50,62.384,63.059
par15,S,137,1,77,63,63.826,64.083
par15,S,138,1,79,58,63.955,65.177
par15,S,139,1,77,65,66.686,67.06
par15,S,140,1,79,63,66.807,67.072
par15,S,141,1,76,64,67.057,67.357
par15,S,142,1,74,65,67.289,67.568
par15,S,143,1,72,68,67.492,67.868
par15,S,144,1,76,26,67.987,68.145
par15,S,145,1,77,57,68.11,68.363
par15,S,146,1,77,72,68.807,69.068
par15,S,147,1,79,66,68.981,69.92
par15,S,148,1,76,52,69.878,70.087
par15,S,149,1,74,64,70.016,70.442
par15,S,150,1,72,65,70.265,70.648
par15,S,151,1,77,61,71.047,71.265
par15,S,152,1,79,4,71.211,71.588
par15,S,153,1,79,72,71.784,72.653
par15,S,154,1,76,57,72.503,72.803
par15,S,155,1,74,64,72.731,72.956
par15,S,156,1,72,70,72.937,73.729
par15,S,157,1,77,49,73.695,73.934
par15,S,158,1,76,43,74.933,75.175
par15,S,159,1,79,62,73.816,75.493
par15,S,160,1,74,60,75.119,75.579
par15,S,161,1,72,56,75.365,75.77
par15,S,162,1,74,56,78.845,79.243
par15,S,163,1,72,61,79.05,79.705
par15,S,164,1,76,35,79.582,79.983
par15,S,165,1,77,52,79.77,80.036
par15,S,166,1,79,71,79.94,80.489
par15,S,167,1,74,57,80.405,80.612
par15,S,168,1,72,68,80.559,81.048
par15,S,169,1,76,47,80.926,81.27
par15,S,170,1,77,57,81.076,81.359
par15,S,171,1,79,63,81.267,81.814
par15,S,172,1,74,48,81.703,82.214
par15,S,173,1,72,61,82.141,82.59
par15,S,174,1,76,50,82.522,82.835
par15,S,175,1,77,60,82.73,82.973
par15,S,176,1,79,52,82.902,83.422
par15,S,177,1,74,47,83.315,83.533
par15,S,178,1,72,57,83.487,84.053
par15,S,179,1,76,56,83.976,84.233
par15,S,180,1,77,65,84.173,84.384
par15,S,181,1,79,39,84.342,84.863
par15,S,182,1,72,54,84.81,84.902
par15,S,183,1,74,64,84.886,85.332
par15,S,184,1,74,67,85.748,85.981
par15,S,185,1,72,63,85.907,86.351
par15,S,186,1,76,52,86.413,86.961
par15,S,187,1,77,1,86.647,87.062
par15,S,188,1,79,69,86.977,87.524
par15,S,189,1,74,60,87.407,87.667
par15,S,190,1,72,69,87.623,88.195
par15,S,191,1,74,33,88.309,88.364
par15,S,192,1,76,55,88.102,88.524
par15,S,193,1,77,36,88.503,88.626
par15,S,194,1,79,68,88.483,88.825
par15,S,195,1,74,64,89.234,89.439
par15,S,196,1,72,56,89.401,89.696
par15,S,197,1,76,56,89.63,90.004
par15,S,198,1,77,67,89.855,90.184
par15,S,199,1,79,67,90.099,90.517
par15,S,200,1,74,47,92.523,92.654
par15,S,201,1,72,61,92.304,92.694
par15,S,202,1,76,60,92.593,93.048
par15,S,203,1,77,61,92.849,93.195
par15,S,204,1,79,48,92.999,93.295
par15,S,205,1,72,53,93.315,93.576
par15,S,206,1,74,55,93.499,93.731
par15,S,207,1,76,51,93.613,94.078
par15,S,208,1,77,59,93.869,94.266
par15,S,209,1,79,74,94.192,94.622
par15,S,210,1,72,53,94.534,94.856
par15,S,211,1,74,64,94.759,94.96
par15,S,212,1,76,61,94.897,95.363
par15,S,213,1,77,68,95.128,95.494
par15,S,214,1,79,64,95.348,95.941
par15,S,215,1,77,55,98.72,98.973
par15,S,216,1,79,61,98.458,99.003
par15,S,217,1,76,60,98.888,99.282
par15,S,218,1,74,64,99.158,99.453
par15,S,219,1,72,66,99.429,100.015
par15,S,220,1,77,48,100.146,100.466
par15,S,221,1,79,62,99.818,100.501
par15,S,222,1,76,59,100.372,100.798
par15,S,223,1,74,58,100.668,101.036
par15,S,224,1,72,66,100.97,101.392
par15,S,225,1,79,54,101.303,102.041
par15,S,226,1,77,44,101.581,102.091
par15,S,227,1,76,35,101.84,102.342
par15,S,228,1,74,51,102.132,102.443
par15,S,229,1,72,63,102.372,102.775
par15,S,230,1,74,47,104.582,104.876
par15,S,231,1,76,54,104.718,105.196
par15,S,232,1,77,67,104.944,105.317
par15,S,233,1,79,71,105.168,105.571
par15,S,234,1,72,69,105.482,105.751
par15,S,235,1,74,70,105.708,105.873
par15,S,236,1,76,58,105.818,106.3
par15,S,237,1,77,65,106.078,106.405
par15,S,238,1,79,35,106.195,106.647
par15,S,239,1,72,56,106.558,106.922
par15,S,240,1,74,56,106.749,107.163
par15,S,241,1,76,51,106.897,107.577
par15,S,242,1,77,60,107.476,108.191
par15,S,243,1,79,61,107.94,108.336
par15,S,244,1,72,55,108.254,108.678
par15,S,245,1,74,61,108.544,108.766
par15,S,246,1,76,40,108.684,109.232
par15,S,247,1,77,70,108.978,109.256
par15,S,248,1,79,70,109.182,110.37
par15,S,249,1,72,76,109.685,111.221
par15,S,250,1,77,63,111.737,112.097
par15,S,251,1,76,64,111.932,112.252
par15,S,252,1,74,59,112.138,112.396
par15,S,253,1,72,64,112.332,112.682
par15,S,254,1,77,55,113.002,113.242
par15,S,255,1,79,67,112.555,113.275
par15,S,256,1,76,56,113.166,113.498
par15,S,257,1,74,65,113.414,113.717
par15,S,258,1,72,65,113.673,113.921
par15,S,259,1,79,70,113.883,114.446
par15,S,260,1,77,49,114.232,114.502
par15,S,261,1,76,53,114.402,114.681
par15,S,262,1,74,60,114.628,114.851
par15,S,263,1,72,73,114.807,115.125
par15,S,264,1,77,47,115.062,115.21
par15,S,265,1,79,66,115.126,115.792
par15,S,266,1,77,59,115.686,115.95
par15,S,267,1,76,46,115.874,116.176
par15,S,268,1,74,61,116.089,116.315
par15,S,269,1,72,78,116.278,116.601
par15,S,270,1,79,69,116.493,117.154
par15,S,271,1,77,62,116.957,117.293
par15,S,272,1,76,10,117.185,117.574
par15,S,273,1,74,63,117.515,117.801
par15,S,274,1,72,68,117.767,118.106
par15,S,275,1,81,60,118.022,118.147
par15,S,276,1,79,48,118.012,118.407
par15,S,277,1,76,64,121.615,122.006
par15,S,278,1,77,24,121.749,122.133
par15,S,279,1,74,59,122.632,122.9
par15,S,280,1,72,65,122.853,123.24
par15,S,281,1,79,74,121.986,123.251
par15,S,282,1,76,55,123.574,123.892
par15,S,283,1,77,54,123.791,124.208
par15,S,284,1,74,54,124.74,124.911
par15,S,285,1,79,77,124.175,125.039
par15,S,286,1,72,72,124.887,125.7
par15,S,287,1,76,62,126.197,126.763
par15,S,288,1,77,61,126.397,127.059
par15,S,289,1,72,54,127.301,127.407
par15,S,290,1,79,59,126.589,127.555
par15,S,291,1,74,26,127.199,127.759
par15,S,292,1,76,52,128.231,128.757
par15,S,293,1,77,66,128.467,128.821
par15,S,294,1,74,55,129.1,129.347
par15,S,295,1,79,52,128.621,129.65
par15,S,296,1,72,58,129.296,129.868
par15,S,297,1,76,53,129.848,130.301
par15,S,298,1,77,55,130.081,130.378
par15,S,299,1,74,54,130.818,131.176
par15,S,300,1,79,74,130.321,131.336
par15,S,301,1,72,57,131.074,131.646
par15,S,302,1,74,52,131.913,132.792
par15,S,303,1,72,61,132.172,133.042
par15,S,304,1,76,53,132.923,133.456
par15,S,305,1,77,56,133.123,133.623
par15,S,306,1,79,69,133.329,133.752
par15,S,307,1,74,54,133.64,133.925
par15,S,308,1,72,64,133.856,134.348
par15,S,309,1,76,67,134.268,134.63
par15,S,310,1,77,65,134.49,134.814
par15,S,311,1,79,77,134.772,135.273
par15,S,312,1,74,52,135.155,135.439
par15,S,313,1,72,54,135.377,135.814
par15,S,314,1,76,64,137.24,137.494
par15,S,315,1,74,63,137.417,137.728
par15,S,316,1,72,64,137.636,138.14
par15,S,317,1,77,27,137.983,138.396
par15,S,318,1,76,70,139.151,139.427
par15,S,319,1,74,61,139.331,139.682
par15,S,320,1,72,62,139.567,140.54
par15,S,321,1,76,72,140.863,141.17
par15,S,322,1,74,59,141.066,141.467
par15,S,323,1,77,62,141.685,142.068
par15,S,324,1,72,58,141.261,142.288
par15,S,325,1,79,71,142.008,142.55
par15,S,326,1,76,49,142.497,142.791
par15,S,327,1,74,62,142.732,143.029
par15,S,328,1,77,66,143.471,143.808
par15,S,329,1,72,65,142.986,143.923
par15,S,330,1,79,67,143.705,144.182
par15,S,331,1,76,31,144.104,144.477
par15,S,332,1,74,50,144.389,144.662
par15,S,333,1,72,54,144.582,145.106
par15,S,334,1,77,61,144.957,145.335
par15,S,335,1,76,43,145.886,146.212
par15,S,336,1,79,41,145.251,146.308
par15,S,337,1,74,53,146.098,146.388
par15,S,338,1,72,64,146.343,147.398
par15,S,339,1,77,66,147.181,147.554
par15,S,340,1,81,48,147.422,147.579
par15,S,341,1,79,47,147.414,147.827
par15,S,342,1,77,65,150.719,151.199
par15,S,343,1,76,53,151.413,151.766
par15,S,344,1,74,72,151.647,151.944
par15,S,345,1,79,66,151.016,152.049
par15,S,346,1,72,60,151.878,152.675
par15,S,347,1,77,64,152.582,152.857
par15,S,348,1,76,51,153.303,153.664
par15,S,349,1,79,73,152.796,153.731
par15,S,350,1,74,63,153.527,153.798
par15,S,351,1,72,65,153.742,154.332
par15,S,352,1,76,57,154.384,154.516
par15,S,353,1,77,14,154.401,154.704
par15,S,354,1,77,63,154.92,155.524
par15,S,355,1,79,44,155.016,155.544
par15,S,356,1,76,54,155.523,155.856
par15,S,357,1,74,58,155.743,155.983
par15,S,358,1,72,64,155.918,156.403
par15,S,359,1,79,70,156.629,157.059
par15,S,360,1,77,59,156.348,157.082
par15,S,361,1,76,58,157.007,157.34
par15,S,362,1,74,57,157.253,157.554
par15,S,363,1,72,74,157.503,157.802
par15,S,364,1,74,52,160.266,160.621
par15,S,365,1,72,55,160.471,161.049
par15,S,366,1,76,23,160.818,161.339
par15,S,367,1,77,72,161.066,161.464
par15,S,368,1,79,71,161.283,161.763
par15,S,369,1,74,51,161.671,161.914
par15,S,370,1,72,66,161.861,162.274
par15,S,371,1,76,51,162.161,162.626
par15,S,372,1,77,63,162.402,162.725
par15,S,373,1,79,69,162.587,163.123
par15,S,374,1,74,38,163.031,163.328
par15,S,375,1,72,69,163.263,163.691
par15,S,376,1,76,55,163.53,164.146
par15,S,377,1,77,69,163.842,164.456
par15,S,378,1,79,63,164.106,164.595
par15,S,379,1,74,65,164.521,164.787
par15,S,380,1,72,68,164.733,165.271
par15,S,381,1,76,60,165.124,165.554
par15,S,382,1,77,73,165.38,165.905
par15,S,383,1,79,57,165.611,166.633
par15,S,384,1,74,59,168.649,169.014
par15,S,385,1,72,57,168.871,169.37
par15,S,386,1,76,52,169.103,169.606
par15,S,387,1,77,70,169.322,169.799
par15,S,388,1,79,74,169.566,170.022
par15,S,389,1,72,62,170.386,170.75
par15,S,390,1,74,47,170.575,170.943
par15,S,391,1,76,1,170.835,171.184
par15,S,392,1,77,61,171.108,171.392
par15,S,393,1,72,50,171.81,172.167
par15,S,394,1,74,67,172.01,172.231
par15,S,395,1,76,62,172.17,172.513
par15,S,396,1,77,66,172.389,172.763
par15,S,397,1,79,67,172.491,172.788
par15,S,398,1,72,61,172.937,173.332
par15,S,399,1,74,64,173.139,173.53
par15,S,400,1,76,40,173.261,173.975
par15,S,401,1,74,62,175.115,175.39
par15,S,402,1,72,68,174.871,175.793
par15,S,403,1,76,65,175.317,175.997
par15,S,404,1,77,64,175.645,176.066
par15,S,405,1,79,75,175.929,176.292
par15,S,406,1,74,68,176.564,176.835
par15,S,407,1,72,49,176.302,176.943
par15,S,408,1,76,58,176.764,177.307
par15,S,409,1,77,74,177.066,177.417
par15,S,410,1,79,68,177.319,177.861
par15,S,411,1,72,44,177.7,178.158
par15,S,412,1,74,64,178.006,178.276
par15,S,413,1,76,55,178.202,179.223
par15,S,414,1,77,52,178.566,179.391
par15,S,415,1,79,56,178.838,179.678
par15,S,416,1,79,50,181.034,181.824
par15,S,417,1,77,48,181.329,182.03
par15,S,418,1,76,59,181.621,182.102
par15,S,419,1,74,48,181.948,182.248
par15,S,420,1,72,59,182.21,182.747
par15,S,421,1,77,43,182.897,183.579
par15,S,422,1,76,36,183.213,183.581
par15,S,423,1,74,57,183.488,183.773
par15,S,424,1,79,61,182.588,183.785
par15,S,425,1,72,65,183.719,184.215
par15,S,426,1,79,55,184.058,185.009
par15,S,427,1,77,45,184.383,185.069
par15,S,428,1,76,50,184.704,185.141
par15,S,429,1,74,55,184.97,185.319
par15,S,430,1,72,64,185.227,185.645
par15,S,431,1,74,42,187.039,187.341
par15,S,432,1,76,58,187.255,187.654
par15,S,433,1,77,58,187.474,187.727
par15,S,434,1,79,58,187.645,188.049
par15,S,435,1,72,64,187.979,188.499
par15,S,436,1,74,55,188.861,189.067
par15,S,437,1,76,54,188.994,189.411
par15,S,438,1,77,69,189.202,189.58
par15,S,439,1,79,67,189.472,190.155
par15,S,440,1,72,67,189.828,190.257
par15,S,441,1,74,41,190.142,190.355
par15,S,442,1,76,59,190.273,190.746
par15,S,443,1,77,71,190.562,190.912
par15,S,444,1,79,78,190.829,191.326
par15,S,445,1,72,57,191.195,191.572
par15,S,446,1,74,48,191.489,191.695
par15,S,447,1,76,57,191.634,192.186
par15,S,448,1,77,63,191.889,192.213
par15,S,449,1,74,42,192.537,192.729
par15,S,450,1,79,64,192.155,193.157
par16,S,0,0,72,40,3.084,3.422
par16,S,1,0,74,49,3.491,3.773
par16,S,2,0,76,47,3.883,4.135
par16,S,3,0,77,23,4.236,4.608
par16,S,4,0,79,45,4.647,5.163
par16,S,5,0,79,55,5.558,5.812
par16,S,6,0,77,40,5.967,6.174
par16,S,7,0,76,1,6.338,6.536
par16,S,8,0,72,57,7.649,7.853
par16,S,9,0,74,52,7.96,8.115
par16,S,10,0,76,48,8.259,8.442
par16,S,11,0,77,42,8.566,8.802
par16,S,12,0,79,43,8.93,9.241
par16,S,13,0,72,35,9.761,9.953
par16,S,14,0,74,53,10.068,10.235
par16,S,15,0,76,41,10.381,10.572
par16,S,16,0,77,33,10.707,10.935
par16,S,17,0,79,53,11.056,11.313
par16,S,18,0,72,41,12.119,12.335
par16,S,19,0,74,46,12.469,12.652
par16,S,20,0,76,46,12.767,12.965
par16,S,21,0,77,25,13.11,13.367
par16,S,22,0,79,51,13.443,13.709
par16,S,23,0,72,35,14.507,14.702
par16,S,24,0,74,40,14.93,15.089
par16,S,25,0,76,55,15.246,15.418
par16,S,26,0,77,35,15.526,15.725
par16,S,27,0,79,47,15.851,16.245
par16,S,28,0,79,43,17.016,17.243
par16,S,29,0,77,44,17.341,17.517
par16,S,30,0,76,51,17.653,17.847
par16,S,31,0,74,47,17.955,18.167
par16,S,32,0,72,42,18.271,18.62
par16,S,33,0,79,49,19.41,19.615
par16,S,34,0,77,7,19.749,19.992
par16,S,35,0,76,44,20.074,20.284
par16,S,36,0,74,44,20.375,20.595
par16,S,37,0,72,47,20.679,21.057
par16,S,38,0,79,48,21.937,22.15
par16,S,39,0,77,31,22.251,22.512
par16,S,40,0,76,62,22.531,22.765
par16,S,41,0,74,45,22.832,23.085
par16,S,42,0,72,54,23.13,23.432
par16,S,43,0,79,42,24.32,24.519
par16,S,44,0,77,17,24.643,24.878
par16,S,45,0,76,45,24.955,25.18
par16,S,46,0,74,48,25.253,25.503
par16,S,47,0,72,44,25.557,25.93
par16,S,48,0,74,46,26.843,27.091
par16,S,49,0,76,44,27.129,27.423
par16,S,50,0,77,1,27.414,27.788
par16,S,51,0,79,28,27.718,28.066
par16,S,52,0,72,39,28.119,28.796
par16,S,53,0,74,49,29.239,29.446
par16,S,54,0,76,49,29.56,29.815
par16,S,55,0,77,49,29.877,30.107
par16,S,56,0,79,33,30.176,30.387
par16,S,57,0,72,46,30.474,31.215
par16,S,58,0,74,45,31.701,31.909
par16,S,59,0,76,42,32.004,32.188
par16,S,60,0,77,47,32.286,32.56
par16,S,61,0,79,51,32.565,32.814
par16,S,62,0,72,47,32.919,33.649
par16,S,63,0,74,42,34.127,34.347
par16,S,64,0,76,45,34.422,34.64
par16,S,65,0,77,40,34.738,34.956
par16,S,66,0,79,51,35.021,35.236
par16,S,67,0,72,33,35.371,35.945
par16,S,68,0,77,46,36.554,36.75
par16,S,69,0,76,41,36.826,37.043
par16,S,70,0,74,24,37.177,37.417
par16,S,71,0,72,42,37.47,37.737
par16,S,72,0,79,43,37.791,38.638
par16,S,73,0,77,30,38.983,39.187
par16,S,74,0,76,42,39.238,39.507
par16,S,75,0,74,23,39.599,39.866
par16,S,76,0,72,49,39.883,40.122
par16,S,77,0,79,46,40.222,40.97
par16,S,78,0,77,42,41.407,41.655
par16,S,79,0,76,45,41.682,41.922
par16,S,80,0,74,22,42.034,42.324
par16,S,81,0,72,38,42.331,42.567
par16,S,82,0,79,38,42.684,43.382
par16,S,83,0,77,45,43.886,44.073
par16,S,84,0,76,34,44.179,44.421
par16,S,85,0,74,36,44.513,44.754
par16,S,86,0,72,42,44.774,45.007
par16,S,87,0,79,42,45.121,45.737
par16,S,88,0,76,49,47.538,47.739
par16,S,89,0,77,45,47.825,48.028
par16,S,90,0,79,38,48.137,48.373
par16,S,91,0,74,40,48.469,48.711
par16,S,92,0,72,38,48.754,49.005
par16,S,93,0,76,44,49.994,50.236
par16,S,94,0,77,36,50.318,50.538
par16,S,95,0,79,43,50.594,50.81
par16,S,96,0,74,50,50.903,51.153
par16,S,97,0,72,40,51.196,51.46
par16,S,98,0,76,54,52.375,52.584
par16,S,99,0,77,45,52.687,52.872
par16,S,100,0,79,36,52.988,53.257
par16,S,101,0,74,44,53.292,53.519
par16,S,102,0,72,45,53.579,53.84
par16,S,103,0,76,48,54.795,55.063
par16,S,104,0,77,31,55.079,55.351
par16,S,105,0,79,36,55.387,55.702
par16,S,106,0,74,45,55.72,55.962
par16,S,107,0,72,44,55.994,56.248
par16,S,108,0,76,32,57.229,57.5
par16,S,109,0,74,45,57.537,57.823
par16,S,110,0,72,41,57.841,58.093
par16,S,111,0,77,29,58.167,58.45
par16,S,112,0,79,54,58.439,59.209
par16,S,113,0,76,38,59.658,59.927
par16,S,114,0,74,42,59.965,60.19
par16,S,115,0,72,37,60.264,60.517
par16,S,116,0,77,33,60.591,60.879
par16,S,117,0,79,42,60.868,61.631
par16,S,118,0,76,48,62.055,62.302
par16,S,119,0,74,50,62.336,62.572
par16,S,120,0,72,31,62.64,62.857
par16,S,121,0,77,39,63.04,63.295
par16,S,122,0,79,40,63.319,64.007
par16,S,123,0,76,46,64.5,64.767
par16,S,124,0,74,58,64.776,65.031
par16,S,125,0,72,42,65.05,65.276
par16,S,126,0,77,22,65.476,65.82
par16,S,127,0,79,47,65.785,66.329
par16,S,128,0,77,44,66.966,67.271
par16,S,129,0,79,59,67.257,67.501
par16,S,130,0,76,43,67.613,67.892
par16,S,131,0,74,57,67.891,68.146
par16,S,132,0,72,50,68.156,68.614
par16,S,133,0,77,39,69.408,69.698
par16,S,134,0,79,45,69.68,69.971
par16,S,135,0,76,53,70.005,70.275
par16,S,136,0,74,50,70.27,70.533
par16,S,137,0,72,31,70.553,71.213
par16,S,138,0,77,40,71.823,72.108
par16,S,139,0,79,55,72.092,72.33
par16,S,140,0,76,46,72.412,72.688
par16,S,141,0,74,61,72.687,72.959
par16,S,142,0,72,40,72.968,73.42
par16,S,143,0,77,46,74.239,74.491
par16,S,144,0,79,36,74.55,74.786
par16,S,145,0,76,36,74.923,75.193
par16,S,146,0,74,47,75.176,75.431
par16,S,147,0,72,44,75.445,75.988
par16,S,148,0,74,44,76.658,76.938
par16,S,149,0,72,50,76.939,77.204
par16,S,150,0,76,33,77.297,77.665
par16,S,151,0,77,43,77.555,77.801
par16,S,152,0,79,34,77.839,78.675
par16,S,153,0,74,50,79.094,79.385
par16,S,154,0,72,45,79.379,79.654
par16,S,155,0,76,41,79.718,79.964
par16,S,156,0,77,32,79.973,80.223
par16,S,157,0,79,36,80.266,81.056
par16,S,158,0,74,35,81.56,81.831
par16,S,159,0,72,53,81.823,82.094
par16,S,160,0,76,33,82.13,82.555
par16,S,161,0,77,38,82.403,82.712
par16,S,162,0,79,45,82.696,83.478
par16,S,163,0,74,42,83.952,84.23
par16,S,164,0,72,52,84.216,84.483
par16,S,165,0,76,41,84.543,84.973
par16,S,166,0,77,50,84.834,85.136
par16,S,167,0,79,41,85.13,85.968
par16,S,168,0,72,47,91.267,91.542
par16,S,169,0,74,12,91.63,91.781
par16,S,170,0,76,27,91.845,92.258
par16,S,171,0,77,44,92.131,92.446
par16,S,172,0,79,49,92.425,92.913
par16,S,173,0,72,40,93.681,93.936
par16,S,174,0,74,27,93.995,94.228
par16,S,175,0,76,39,94.247,94.651
par16,S,176,0,77,41,94.537,94.81
par16,S,177,0,79,38,94.824,95.271
par16,S,178,0,72,46,96.06,96.359
par16,S,179,0,74,12,96.414,96.698
par16,S,180,0,76,44,96.667,97.109
par16,S,181,0,77,41,96.951,97.237
par16,S,182,0,79,44,97.25,97.86
par16,S,183,0,72,42,98.524,98.807
par16,S,184,0,74,46,98.839,99.077
par16,S,185,0,76,34,99.102,99.546
par16,S,186,0,77,33,99.427,99.707
par16,S,187,0,79,46,99.739,100.135
par16,S,188,0,79,54,100.942,101.196
par16,S,189,0,77,26,101.184,101.516
par16,S,190,0,76,41,101.517,101.806
par16,S,191,0,74,43,101.854,102.135
par16,S,192,0,72,51,102.127,102.556
par16,S,193,0,79,55,103.362,103.913
par16,S,194,0,77,26,103.654,103.95
par16,S,195,0,76,53,103.93,104.217
par16,S,196,0,74,51,104.252,104.526
par16,S,197,0,72,46,104.521,104.965
par16,S,198,0,79,31,105.794,106.08
par16,S,199,0,77,43,106.091,106.375
par16,S,200,0,76,45,106.375,106.636
par16,S,201,0,74,28,106.71,106.961
par16,S,202,0,72,35,106.952,107.516
par16,S,203,0,79,51,108.262,108.536
par16,S,204,0,77,36,108.56,108.847
par16,S,205,0,76,46,108.862,109.117
par16,S,206,0,74,47,109.157,109.478
par16,S,207,0,72,47,109.464,110.007
par16,S,208,0,74,41,110.728,110.925
par16,S,209,0,76,12,110.899,111.482
par16,S,210,0,77,31,111.243,111.624
par16,S,211,0,79,44,111.589,111.957
par16,S,212,0,72,42,111.977,112.746
par16,S,213,0,74,40,113.159,113.382
par16,S,214,0,76,46,113.429,113.875
par16,S,215,0,77,33,113.751,114.115
par16,S,216,0,79,31,114.138,114.441
par16,S,217,0,72,48,114.492,114.945
par16,S,218,0,74,46,115.573,115.807
par16,S,219,0,76,37,115.84,116.118
par16,S,220,0,77,28,116.148,116.388
par16,S,221,0,79,43,116.404,116.725
par16,S,222,0,72,42,116.751,117.418
par16,S,223,0,74,44,118.003,118.26
par16,S,224,0,76,43,118.288,118.737
par16,S,225,0,77,34,118.572,118.826
par16,S,226,0,79,49,118.814,119.154
par16,S,227,0,72,41,119.178,119.631
par16,S,228,0,77,39,120.426,120.719
par16,S,229,0,76,42,120.662,121.011
par16,S,230,0,74,37,120.991,121.326
par16,S,231,0,72,45,121.3,121.6
par16,S,232,0,79,41,121.632,122.496
par16,S,233,0,77,32,122.831,123.092
par16,S,234,0,76,50,123.087,123.379
par16,S,235,0,74,43,123.388,123.705
par16,S,236,0,72,39,123.697,123.983
par16,S,237,0,79,45,124.016,124.757
par16,S,238,0,77,45,125.3,125.645
par16,S,239,0,76,41,125.608,125.868
par16,S,240,0,74,35,125.902,126.177
par16,S,241,0,72,43,126.193,126.446
par16,S,242,0,79,34,126.532,127.245
par16,S,243,0,77,31,127.688,127.945
par16,S,244,0,76,36,127.974,128.279
par16,S,245,0,74,40,128.288,128.587
par16,S,246,0,72,45,128.549,128.843
par16,S,247,0,79,52,128.859,129.603
par16,S,248,0,76,42,130.155,130.448
par16,S,249,0,77,23,130.48,131.058
par16,S,250,0,79,31,130.755,131.171
par16,S,251,0,74,53,131.088,131.345
par16,S,252,0,72,46,131.368,132.05
par16,S,253,0,76,43,132.563,132.88
par16,S,254,0,77,36,132.816,133.106
par16,S,255,0,79,40,133.116,133.405
par16,S,256,0,76,43,133.423,133.509
par16,S,257,0,74,44,133.837,134.104
par16,S,258,0,72,44,134.102,134.507
par16,S,259,0,76,43,135.077,135.318
par16,S,260,0,77,46,135.299,135.578
par16,S,261,0,79,46,135.581,135.808
par16,S,262,0,74,38,135.889,136.141
par16,S,263,0,72,38,136.172,136.558
par16,S,264,0,76,45,137.406,137.666
par16,S,265,0,77,16,137.702,138.035
par16,S,266,0,79,22,137.967,138.436
par16,S,267,0,74,41,138.382,138.641
par16,S,268,0,72,37,138.672,139.229
par16,S,269,0,77,37,139.86,140.145
par16,S,270,0,76,44,140.135,140.473
par16,S,271,0,74,38,140.416,140.727
par16,S,272,0,72,22,140.671,140.978
par16,S,273,0,77,32,141.005,141.509
par16,S,274,0,79,20,141.399,141.953
par16,S,275,0,77,24,142.318,142.562
par16,S,276,0,76,38,142.541,143.091
par16,S,277,0,76,40,143.624,143.845
par16,S,278,0,74,40,143.87,144.186
par16,S,279,0,72,37,144.132,144.372
par16,S,280,0,77,32,144.464,144.782
par16,S,281,0,79,51,144.746,145.492
par16,S,282,0,76,36,145.903,146.206
par16,S,283,0,74,36,146.244,146.503
par16,S,284,0,72,43,146.493,146.742
par16,S,285,0,77,35,146.858,147.214
par16,S,286,0,79,60,147.156,147.846
par16,S,287,0,76,54,148.346,148.653
par16,S,288,0,74,39,148.653,148.942
par16,S,289,0,72,40,148.925,149.194
par16,S,290,0,77,33,149.274,149.587
par16,S,291,0,79,33,149.593,150.342
par16,S,292,0,76,40,150.864,151.14
par16,S,293,0,74,36,151.132,151.45
par16,S,294,0,72,44,151.421,151.685
par16,S,295,0,77,32,151.758,152.061
par16,S,296,0,79,46,152.029,152.563
par16,S,297,0,77,48,153.242,153.564
par16,S,298,0,79,47,153.524,153.781
par16,S,299,0,76,49,153.846,154.149
par16,S,300,0,74,49,154.111,154.371
par16,S,301,0,72,39,154.391,154.819
par16,S,302,0,77,37,155.698,156.002
par16,S,303,0,79,36,155.998,156.183
par16,S,304,0,76,34,156.333,156.628
par16,S,305,0,74,46,156.602,156.838
par16,S,306,0,72,31,156.866,157.431
par16,S,307,0,77,17,158.043,158.642
par16,S,308,0,79,31,158.36,158.665
par16,S,309,0,76,24,158.714,158.948
par16,S,310,0,74,38,158.939,159.236
par16,S,311,0,72,32,159.246,159.931
par16,S,312,0,79,30,160.865,161.107
par16,S,313,0,77,41,160.558,161.143
par16,S,314,0,76,39,161.164,161.505
par16,S,315,0,74,48,161.461,161.745
par16,S,316,0,72,42,161.744,162.3
par16,S,317,0,74,35,163.003,163.327
par16,S,318,0,72,56,163.286,163.57
par16,S,319,0,76,41,163.596,163.875
par16,S,320,0,77,23,163.863,164.195
par16,S,321,0,79,45,164.152,164.865
par16,S,322,0,74,38,165.394,165.72
par16,S,323,0,72,36,165.694,165.995
par16,S,324,0,76,38,166.058,166.311
par16,S,325,0,77,33,166.327,166.614
par16,S,326,0,79,48,166.59,167.353
par16,S,327,0,74,42,167.885,168.185
par16,S,328,0,72,53,168.132,168.399
par16,S,329,0,76,38,168.455,168.788
par16,S,330,0,77,34,168.714,169.012
par16,S,331,0,79,40,168.995,169.643
par16,S,332,0,74,37,170.293,170.622
par16,S,333,0,72,49,170.581,170.823
par16,S,334,0,76,28,170.932,171.37
par16,S,335,0,77,27,171.224,171.517
par16,S,336,0,79,35,171.498,172.206
par16,S,337,0,72,60,175.198,175.462
par16,S,338,0,74,47,175.483,175.7
par16,S,339,0,76,33,175.747,176.137
par16,S,340,0,77,41,176.03,176.349
par16,S,341,0,79,50,176.335,176.799
par16,S,342,0,72,56,177.575,177.817
par16,S,343,0,74,33,177.867,178.197
par16,S,344,0,76,50,178.179,178.571
par16,S,345,0,77,30,178.461,178.821
par16,S,346,0,79,47,178.771,179.18
par16,S,347,0,72,38,180.037,180.317
par16,S,348,0,74,42,180.322,180.594
par16,S,349,0,76,45,180.589,181.028
par16,S,350,0,77,44,180.879,181.163
par16,S,351,0,79,45,181.162,181.783
par16,S,352,0,72,40,182.433,182.772
par16,S,353,0,74,47,182.762,183.029
par16,S,354,0,76,45,183.025,183.487
par16,S,355,0,77,37,183.336,183.652
par16,S,356,0,79,49,183.63,184.212
par16,S,357,0,79,54,184.873,185.13
par16,S,358,0,77,10,185.073,185.462
par16,S,359,0,76,28,185.324,185.845
par16,S,360,0,74,48,185.848,186.205
par16,S,361,0,72,56,186.144,186.89
par16,S,362,0,79,41,187.28,187.594
par16,S,363,0,77,52,187.612,187.924
par16,S,364,0,76,41,187.923,188.219
par16,S,365,0,74,42,188.222,188.501
par16,S,366,0,72,51,188.487,188.981
par16,S,367,0,77,18,190.08,190.403
par16,S,368,0,79,56,189.765,190.407
par16,S,369,0,76,45,190.395,190.64
par16,S,370,0,74,38,190.669,190.971
par16,S,371,0,72,49,190.942,191.283
par16,S,372,0,77,30,192.455,192.755
par16,S,373,0,79,50,192.149,192.763
par16,S,374,0,76,42,192.741,193.069
par16,S,375,0,74,45,193.035,193.347
par16,S,376,0,72,49,193.333,193.888
par16,S,0,1,72,55,2.5,2.792
par16,S,1,1,74,61,2.8,3.045
par16,S,2,1,76,56,3.103,3.595
par16,S,3,1,77,47,3.401,3.648
par16,S,4,1,79,1,3.642,4.389
par16,S,5,1,72,57,4.954,5.189
par16,S,6,1,74,55,5.21,5.475
par16,S,7,1,76,55,5.524,5.788
par16,S,8,1,77,41,5.818,6.078
par16,S,9,1,79,54,6.1,6.829
par16,S,10,1,72,60,7.303,7.54
par16,S,11,1,74,52,7.611,7.889
par16,S,12,1,76,43,7.947,8.235
par16,S,13,1,77,32,8.249,8.513
par16,S,14,1,79,45,8.544,9.228
par16,S,15,1,72,61,9.685,9.959
par16,S,16,1,74,56,10.011,10.298
par16,S,17,1,76,49,10.317,10.606
par16,S,18,1,77,41,10.646,10.946
par16,S,19,1,79,44,10.941,11.685
par16,S,20,1,79,55,12.12,12.585
par16,S,21,1,77,45,12.449,12.713
par16,S,22,1,76,46,12.739,13.016
par16,S,23,1,74,52,13.064,13.323
par16,S,24,1,72,47,13.351,14.005
par16,S,25,1,79,51,14.588,14.982
par16,S,26,1,77,43,14.882,15.193
par16,S,27,1,76,45,15.19,15.486
par16,S,28,1,74,48,15.491,15.803
par16,S,29,1,72,51,15.799,16.404
par16,S,30,1,79,49,17.025,17.491
par16,S,31,1,77,37,17.339,17.602
par16,S,32,1,76,39,17.636,17.955
par16,S,33,1,74,49,17.942,18.242
par16,S,34,1,72,56,18.236,18.849
par16,S,35,1,79,56,19.462,19.746
par16,S,36,1,77,35,19.763,20.062
par16,S,37,1,76,51,20.057,20.346
par16,S,38,1,74,45,20.371,20.666
par16,S,39,1,72,47,20.681,21.066
par16,S,40,1,74,45,21.917,22.199
par16,S,41,1,76,54,22.209,22.649
par16,S,42,1,77,31,22.516,22.935
par16,S,43,1,79,25,22.794,23.151
par16,S,44,1,72,46,23.16,24.027
par16,S,45,1,74,50,24.391,24.571
par16,S,46,1,76,43,24.633,24.882
par16,S,47,1,77,25,24.939,25.186
par16,S,48,1,79,42,25.189,25.52
par16,S,49,1,72,47,25.537,26.348
par16,S,50,1,74,54,26.776,27.021
par16,S,51,1,76,40,27.033,27.47
par16,S,52,1,77,33,27.352,27.607
par16,S,53,1,79,35,27.626,27.927
par16,S,54,1,72,42,27.97,28.753
par16,S,55,1,74,41,29.208,29.434
par16,S,56,1,76,12,29.524,29.943
par16,S,57,1,77,30,29.825,30.103
par16,S,58,1,79,43,30.087,30.382
par16,S,59,1,72,42,30.404,31.168
par16,S,60,1,77,35,31.663,31.957
par16,S,61,1,76,54,31.917,32.299
par16,S,62,1,74,57,32.224,32.536
par16,S,63,1,72,51,32.501,32.811
par16,S,64,1,79,52,32.795,34.028
par16,S,65,1,77,41,34.131,34.416
par16,S,66,1,76,56,34.357,34.716
par16,S,67,1,74,55,34.678,34.921
par16,S,68,1,72,46,34.889,35.21
par16,S,69,1,79,62,35.194,36.483
par16,S,70,1,77,30,36.498,36.753
par16,S,71,1,76,49,36.734,37.084
par16,S,72,1,74,52,37.043,37.347
par16,S,73,1,72,44,37.308,37.651
par16,S,74,1,79,46,37.636,39.037
par16,S,75,1,77,23,38.86,39.2
par16,S,76,1,76,27,39.19,39.575
par16,S,77,1,74,43,39.531,39.882
par16,S,78,1,72,35,39.822,40.133
par16,S,79,1,79,63,40.118,41.096
par16,S,80,1,76,48,41.385,41.83
par16,S,81,1,77,37,41.699,42.22
par16,S,82,1,79,13,42.092,42.522
par16,S,83,1,74,46,42.41,42.706
par16,S,84,1,72,44,42.709,43.42
par16,S,85,1,74,48,43.827,44.126
par16,S,86,1,76,45,44.119,44.546
par16,S,87,1,77,30,44.397,44.646
par16,S,88,1,79,32,44.62,45.237
par16,S,89,1,76,56,46.173,46.648
par16,S,90,1,77,42,46.492,47.119
par16,S,91,1,74,51,47.175,47.446
par16,S,92,1,79,1,46.827,47.458
par16,S,93,1,72,53,47.443,48.426
par16,S,94,1,76,49,48.646,49.053
par16,S,95,1,77,29,48.924,49.207
par16,S,96,1,79,41,49.226,49.799
par16,S,97,1,74,20,49.587,49.848
par16,S,98,1,72,37,49.834,50.683
par16,S,99,1,76,44,51.113,51.376
par16,S,100,1,77,38,51.362,51.664
par16,S,101,1,74,34,52.012,52.259
par16,S,102,1,79,35,51.662,52.337
par16,S,103,1,72,35,52.278,53.446
par16,S,104,1,76,46,53.516,53.927
par16,S,105,1,77,38,53.817,54.07
par16,S,106,1,79,44,54.069,54.43
par16,S,107,1,74,35,54.391,54.678
par16,S,108,1,72,39,54.67,55.323
par16,S,109,1,76,47,55.9,56.164
par16,S,110,1,74,46,56.181,56.575
par16,S,111,1,72,32,56.485,56.861
par16,S,112,1,77,35,56.865,57.2
par16,S,113,1,79,41,57.165,58.405
par16,S,114,1,76,29,58.398,58.66
par16,S,115,1,74,47,58.684,58.938
par16,S,116,1,72,30,58.965,59.234
par16,S,117,1,77,31,59.294,59.593
par16,S,118,1,79,36,59.585,60.636
par16,S,119,1,76,40,60.837,61.03
par16,S,120,1,74,29,61.074,61.334
par16,S,121,1,72,23,61.355,61.681
par16,S,122,1,77,30,61.736,61.995
par16,S,123,1,79,41,62.043,63.2
par16,S,124,1,76,40,63.25,63.51
par16,S,125,1,74,38,63.524,63.795
par16,S,126,1,72,48,63.789,64.077
par16,S,127,1,77,38,64.122,64.44
par16,S,128,1,79,51,64.437,65.608
par16,S,129,1,77,42,65.672,65.927
par16,S,130,1,79,42,65.975,66.614
par16,S,131,1,76,45,66.325,66.629
par16,S,132,1,74,41,66.58,66.858
par16,S,133,1,72,36,66.872,67.806
par16,S,134,1,77,46,68.141,68.374
par16,S,135,1,79,54,68.41,68.925
par16,S,136,1,76,45,68.724,68.999
par16,S,137,1,74,48,68.982,69.309
par16,S,138,1,72,31,69.318,70.254
par16,S,139,1,77,31,70.578,70.837
par16,S,140,1,76,42,71.127,71.397
par16,S,141,1,79,56,70.823,71.473
par16,S,142,1,74,39,71.421,71.709
par16,S,143,1,72,42,71.709,72.625
par16,S,144,1,77,45,72.988,73.271
par16,S,145,1,79,46,73.255,73.783
par16,S,146,1,76,49,73.572,73.843
par16,S,147,1,74,46,73.838,74.121
par16,S,148,1,72,37,74.15,74.998
par16,S,149,1,74,33,75.424,75.745
par16,S,150,1,72,52,75.713,75.994
par16,S,151,1,76,38,76.013,76.486
par16,S,152,1,77,27,76.382,76.67
par16,S,153,1,79,17,76.638,77.637
par16,S,154,1,74,42,77.822,78.07
par16,S,155,1,72,56,78.093,78.368
par16,S,156,1,76,53,78.398,78.638
par16,S,157,1,77,35,78.719,79.007
par16,S,158,1,79,49,79.006,80.233
par16,S,159,1,74,42,80.275,80.514
par16,S,160,1,72,30,80.579,80.877
par16,S,161,1,76,37,80.906,81.356
par16,S,162,1,77,26,81.219,81.421
par16,S,163,1,79,49,81.455,82.438
par16,S,164,1,74,46,82.698,82.898
par16,S,165,1,72,35,82.939,83.271
par16,S,166,1,76,38,83.279,83.666
par16,S,167,1,77,28,83.596,83.866
par16,S,168,1,79,37,83.867,84.711
par16,S,169,1,72,57,85.088,85.357
par16,S,170,1,74,50,85.407,85.646
par16,S,171,1,76,32,85.659,86.242
par16,S,172,1,77,14,86.051,86.346
par16,S,173,1,79,46,86.35,87.349
par16,S,174,1,72,53,87.587,87.854
par16,S,175,1,74,37,87.898,88.161
par16,S,176,1,76,51,88.134,88.573
par16,S,177,1,77,30,88.416,88.706
par16,S,178,1,79,43,88.715,89.536
par16,S,179,1,72,52,90.0,90.211
par16,S,180,1,74,51,90.285,90.58
par16,S,181,1,76,51,90.566,91.085
par16,S,182,1,77,30,90.91,91.225
par16,S,183,1,79,40,91.212,91.999
par16,S,184,1,72,46,92.474,92.708
par16,S,185,1,74,31,92.777,93.042
par16,S,186,1,76,51,93.046,93.561
par16,S,187,1,77,23,93.318,93.661
par16,S,188,1,79,35,93.638,94.4
par16,S,189,1,77,47,95.154,95.466
par16,S,190,1,76,49,95.413,95.747
par16,S,191,1,79,51,94.844,96.0
par16,S,192,1,74,34,95.733,96.007
par16,S,193,1,72,45,95.999,96.831
par16,S,194,1,79,57,97.256,97.962
par16,S,195,1,77,33,97.586,97.983
par16,S,196,1,76,52,97.902,98.245
par16,S,197,1,74,42,98.218,98.486
par16,S,198,1,72,46,98.53,99.466
par16,S,199,1,79,59,99.791,100.192
par16,S,200,1,77,30,100.054,100.38
par16,S,201,1,76,46,100.358,100.638
par16,S,202,1,74,49,100.629,100.94
par16,S,203,1,72,45,100.914,101.76
par16,S,204,1,79,43,102.168,102.578
par16,S,205,1,77,40,102.472,102.784
par16,S,206,1,76,45,102.757,103.022
par16,S,207,1,74,34,103.056,103.328
par16,S,208,1,72,49,103.344,104.242
par16,S,209,1,74,20,104.698,104.959
par16,S,210,1,76,50,104.933,105.334
par16,S,211,1,77,26,105.186,105.578
par16,S,212,1,79,30,105.475,105.808
par16,S,213,1,72,39,105.793,106.897
par16,S,214,1,74,47,107.054,107.267
par16,S,215,1,76,40,107.285,107.754
par16,S,216,1,77,44,107.617,107.818
par16,S,217,1,79,38,107.844,108.179
par16,S,218,1,72,43,108.167,109.28
par16,S,219,1,74,51,109.445,109.647
par16,S,220,1,76,42,109.679,110.047
par16,S,221,1,77,32,109.987,110.349
par16,S,222,1,79,34,110.303,110.612
par16,S,223,1,72,41,110.63,111.541
par16,S,224,1,74,50,111.895,112.157
par16,S,225,1,76,40,112.142,112.544
par16,S,226,1,77,37,112.461,112.654
par16,S,227,1,79,10,112.655,113.043
par16,S,228,1,72,43,113.042,114.103
par16,S,229,1,77,38,114.331,114.614
par16,S,230,1,76,47,114.605,114.917
par16,S,231,1,74,43,114.88,115.168
par16,S,232,1,72,54,115.155,115.472
par16,S,233,1,79,52,115.454,116.798
par16,S,234,1,77,54,116.648,116.92
par16,S,235,1,76,30,116.967,117.295
par16,S,236,1,74,38,117.274,117.593
par16,S,237,1,72,45,117.619,117.883
par16,S,238,1,79,55,117.94,119.146
par16,S,239,1,77,1,119.111,119.57
par16,S,240,1,76,27,119.477,119.721
par16,S,241,1,74,49,119.744,119.991
par16,S,242,1,72,51,120.025,120.284
par16,S,243,1,79,52,120.34,121.298
par16,S,244,1,77,57,121.559,121.786
par16,S,245,1,76,44,121.831,122.071
par16,S,246,1,74,41,122.197,122.347
par16,S,247,1,72,27,122.402,122.715
par16,S,248,1,79,52,122.747,123.765
par16,S,249,1,76,54,124.033,124.413
par16,S,250,1,77,41,124.323,124.584
par16,S,251,1,79,47,124.598,124.943
par16,S,252,1,74,51,124.894,125.134
par16,S,253,1,72,40,125.182,126.136
par16,S,254,1,76,48,126.411,126.657
par16,S,255,1,77,26,126.717,126.938
par16,S,256,1,79,38,126.993,127.365
par16,S,257,1,74,41,127.332,127.549
par16,S,258,1,72,43,127.6,128.469
par16,S,259,1,76,58,128.862,129.271
par16,S,260,1,77,42,129.155,129.386
par16,S,261,1,79,50,129.44,129.841
par16,S,262,1,74,45,129.761,130.003
par16,S,263,1,72,40,130.068,130.8
par16,S,264,1,76,49,131.309,131.601
par16,S,265,1,77,26,131.605,131.796
par16,S,266,1,74,41,132.188,132.433
par16,S,267,1,79,25,131.831,132.459
par16,S,268,1,72,54,132.47,133.292
par16,S,269,1,76,40,133.712,133.952
par16,S,270,1,74,48,134.006,134.274
par16,S,271,1,72,39,134.3,134.608
par16,S,272,1,77,37,134.63,134.862
par16,S,273,1,79,51,134.918,135.937
par16,S,274,1,76,53,136.161,136.425
par16,S,275,1,74,54,136.428,136.697
par16,S,276,1,72,48,136.726,136.944
par16,S,277,1,77,37,137.041,137.308
par16,S,278,1,79,53,137.33,138.48
par16,S,279,1,76,37,138.594,138.941
par16,S,280,1,74,44,138.893,139.175
par16,S,281,1,72,52,139.174,139.415
par16,S,282,1,77,26,139.468,139.685
par16,S,283,1,79,47,139.751,141.03
par16,S,284,1,76,49,141.032,141.264
par16,S,285,1,74,53,141.27,141.558
par16,S,286,1,72,54,141.55,141.801
par16,S,287,1,77,40,141.873,142.171
par16,S,288,1,79,55,142.156,142.934
par16,S,289,1,77,27,143.46,143.787
par16,S,290,1,79,62,143.754,144.166
par16,S,291,1,76,52,144.041,144.25
par16,S,292,1,74,40,144.283,144.576
par16,S,293,1,72,46,144.575,145.491
par16,S,294,1,77,46,145.813,146.086
par16,S,295,1,79,41,146.125,146.527
par16,S,296,1,76,50,146.466,146.704
par16,S,297,1,74,45,146.716,146.993
par16,S,298,1,72,47,147.009,147.683
par16,S,299,1,77,47,148.311,148.512
par16,S,300,1,79,41,148.557,148.915
par16,S,301,1,76,47,148.869,149.143
par16,S,302,1,74,45,149.124,149.434
par16,S,303,1,72,47,149.467,150.3
par16,S,304,1,77,42,150.728,150.956
par16,S,305,1,79,51,150.988,151.371
par16,S,306,1,76,32,151.357,151.799
par16,S,307,1,74,23,151.681,151.947
par16,S,308,1,72,39,151.927,152.818
par16,S,309,1,74,44,153.143,153.43
par16,S,310,1,72,44,153.415,153.665
par16,S,311,1,76,33,153.74,154.145
par16,S,312,1,77,37,154.031,154.253
par16,S,313,1,79,39,154.308,155.367
par16,S,314,1,74,47,155.624,155.869
par16,S,315,1,72,56,155.873,156.161
par16,S,316,1,76,43,156.19,156.684
par16,S,317,1,77,45,156.496,156.781
par16,S,318,1,79,53,156.767,157.592
par16,S,319,1,74,50,158.036,158.282
par16,S,320,1,72,57,158.315,158.59
par16,S,321,1,76,53,158.602,159.052
par16,S,322,1,77,41,158.93,159.201
par16,S,323,1,79,36,159.209,160.001
par16,S,324,1,74,44,160.437,160.704
par16,S,325,1,72,65,160.708,160.972
par16,S,326,1,76,43,161.03,161.435
par16,S,327,1,77,36,161.388,161.678
par16,S,328,1,79,51,161.692,162.485
par16,S,329,1,72,54,162.943,163.181
par16,S,330,1,74,37,163.228,163.55
par16,S,331,1,76,46,163.522,164.043
par16,S,332,1,77,39,163.838,164.133
par16,S,333,1,79,41,164.104,165.112
par16,S,334,1,72,49,165.395,165.636
par16,S,335,1,74,49,165.655,165.955
par16,S,336,1,76,52,165.925,166.487
par16,S,337,1,77,31,166.259,166.562
par16,S,338,1,79,45,166.534,167.463
par16,S,339,1,72,52,167.785,168.042
par16,S,340,1,74,55,168.03,168.421
par16,S,341,1,76,60,168.362,168.757
par16,S,342,1,77,35,168.611,168.935
par16,S,343,1,79,59,168.91,169.853
par16,S,344,1,72,49,170.209,170.467
par16,S,345,1,74,52,170.508,170.793
par16,S,346,1,76,43,170.762,171.313
par16,S,347,1,77,27,171.117,171.422
par16,S,348,1,79,55,171.404,172.192
par16,S,349,1,79,53,172.567,173.062
par16,S,350,1,77,49,172.885,173.157
par16,S,351,1,76,1,173.11,173.477
par16,S,352,1,74,29,173.454,173.773
par16,S,353,1,72,52,173.769,174.76
par16,S,354,1,79,56,175.056,175.572
par16,S,355,1,77,35,175.406,175.667
par16,S,356,1,76,43,175.704,175.971
par16,S,357,1,74,50,175.985,176.233
par16,S,358,1,72,54,176.258,177.054
par16,S,359,1,79,49,177.496,178.014
par16,S,360,1,77,50,177.874,178.114
par16,S,361,1,76,42,178.104,178.376
par16,S,362,1,74,38,178.404,178.652
par16,S,363,1,72,49,178.688,179.618
par16,S,364,1,79,52,179.95,180.213
par16,S,365,1,77,50,180.233,180.469
par16,S,366,1,76,49,180.501,180.728
par16,S,367,1,74,34,180.81,181.052
par16,S,368,1,72,49,181.116,181.969
par16,S,369,1,74,49,182.394,182.602
par16,S,370,1,76,36,182.646,183.122
par16,S,371,1,77,41,182.962,183.196
par16,S,372,1,79,29,183.201,183.571
par16,S,373,1,72,33,183.562,184.561
par16,S,374,1,74,43,184.827,185.053
par16,S,375,1,76,40,185.103,185.331
par16,S,376,1,77,31,185.398,185.622
par16,S,377,1,79,48,185.642,185.953
par16,S,378,1,72,53,185.971,186.965
par16,S,379,1,74,48,187.278,187.505
par16,S,380,1,76,37,187.515,187.832
par16,S,381,1,77,50,187.822,188.044
par16,S,382,1,79,46,188.043,188.377
par16,S,383,1,72,45,188.384,189.427
par16,S,384,1,74,44,189.658,189.87
par16,S,385,1,76,43,189.897,190.214
par16,S,386,1,77,40,190.206,190.432
par16,S,387,1,79,44,190.456,190.785
par16,S,388,1,72,45,190.784,191.724
par16,S,389,1,77,45,192.042,192.257
par16,S,390,1,76,38,192.304,192.597
par16,S,391,1,74,36,192.625,192.896
par16,S,392,1,72,47,192.917,193.176
par16,S,393,1,79,51,193.18,194.311
par17,I,0,0,72,46,1.379,1.756
par17,I,1,0,74,39,1.603,1.88
par17,I,2,0,76,47,1.73,2.151
par17,I,3,0,77,42,2.014,2.322
par17,I,4,0,79,29,2.416,2.617
par17,I,5,0,72,23,2.892,3.084
par17,I,6,0,74,42,3.115,3.346
par17,I,7,0,76,35,3.32,3.542
par17,I,8,0,77,46,3.538,3.78
par17,I,9,0,79,40,3.787,4.02
par17,I,10,0,72,33,4.258,4.379
par17,I,11,0,74,38,4.388,4.6
par17,I,12,0,76,54,4.615,4.848
par17,I,13,0,77,50,4.842,5.074
par17,I,14,0,79,47,5.079,5.281
par17,I,15,0,72,49,5.717,5.957
par17,I,16,0,73,52,5.907,6.179
par17,I,17,0,74,44,6.188,6.383
par17,I,18,0,75,1,6.453,6.785
par17,I,19,0,72,41,7.331,7.49
par17,I,20,0,73,61,7.452,7.785
par17,I,21,0,72,27,9.766,10.169
par17,I,22,0,74,25,10.075,10.275
par17,I,23,0,76,57,10.295,10.69
par17,I,24,0,77,56,10.594,11.1
par17,I,25,0,79,54,10.855,11.185
par17,I,26,0,72,30,12.932,13.266
par17,I,27,0,74,44,13.221,13.445
par17,I,28,0,76,59,13.449,13.747
par17,I,29,0,77,52,13.723,13.967
par17,I,30,0,79,51,13.982,14.227
par17,I,31,0,72,39,15.732,15.919
par17,I,32,0,74,36,15.958,16.107
par17,I,33,0,76,32,16.131,16.363
par17,I,34,0,74,35,16.505,16.846
par17,I,35,0,72,1,17.008,17.176
par17,I,36,0,72,35,17.974,18.239
par17,I,37,0,74,55,18.178,18.302
par17,I,38,0,76,76,18.311,18.665
par17,I,39,0,77,49,18.559,18.806
par17,I,40,0,79,52,18.814,19.072
par17,I,41,0,72,24,19.483,19.726
par17,I,42,0,74,42,19.707,19.839
par17,I,43,0,76,73,19.843,20.194
par17,I,44,0,77,55,20.079,20.351
par17,I,45,0,79,1,20.44,20.669
par17,I,46,0,72,44,21.061,21.25
par17,I,47,0,74,55,21.267,21.453
par17,I,48,0,76,66,21.452,21.841
par17,I,49,0,77,59,21.674,21.976
par17,I,50,0,79,67,21.953,22.337
par17,I,51,0,72,17,22.653,22.911
par17,I,52,0,74,48,22.891,23.112
par17,I,53,0,76,47,23.064,23.47
par17,I,54,0,77,52,23.321,23.636
par17,I,55,0,79,64,23.593,24.128
par17,I,56,0,72,42,24.176,24.268
par17,I,57,0,74,56,24.341,24.587
par17,I,58,0,76,67,24.557,24.797
par17,I,59,0,77,71,24.764,25.014
par17,I,60,0,79,59,25.04,25.602
par17,I,61,0,72,49,25.659,25.865
par17,I,62,0,74,62,25.852,26.077
par17,I,63,0,76,59,26.062,26.294
par17,I,64,0,77,74,26.256,26.43
par17,I,65,0,79,70,26.39,27.109
par17,I,66,0,72,23,27.164,27.353
par17,I,67,0,74,51,27.387,27.571
par17,I,68,0,76,72,27.572,27.799
par17,I,69,0,77,51,27.775,28.099
par17,I,70,0,79,55,28.034,28.737
par17,I,71,0,72,51,28.725,28.894
par17,I,72,0,74,58,28.917,29.18
par17,I,73,0,76,66,29.145,29.48
par17,I,74,0,77,56,29.372,29.613
par17,I,75,0,79,44,29.594,30.245
par17,I,76,0,72,44,30.265,30.445
par17,I,77,0,74,44,30.446,30.672
par17,I,78,0,76,72,30.641,30.888
par17,I,79,0,77,54,30.886,31.133
par17,I,80,0,79,61,31.147,31.726
par17,I,81,0,72,33,31.762,31.859
par17,I,82,0,74,56,31.858,32.119
par17,I,83,0,76,70,32.108,32.772
par17,I,84,0,77,50,32.651,32.986
par17,I,85,0,79,46,33.028,33.909
par17,I,86,0,72,24,33.955,34.282
par17,I,87,0,74,45,34.257,34.535
par17,I,88,0,76,68,34.54,34.894
par17,I,89,0,77,57,34.832,35.157
par17,I,90,0,79,60,35.161,36.493
par17,I,91,0,72,45,36.471,37.073
par17,I,92,0,74,36,36.857,37.085
par17,I,93,0,76,61,37.096,37.608
par17,I,94,0,77,46,37.447,37.824
par17,I,95,0,79,62,37.752,38.927
par17,I,96,0,72,55,38.961,39.309
par17,I,97,0,74,53,39.269,39.373
par17,I,98,0,76,59,39.414,39.831
par17,I,99,0,74,62,39.821,40.158
par17,I,100,0,72,48,40.129,40.682
par17,I,101,0,74,49,40.545,40.722
par17,I,102,0,76,72,40.734,41.465
par17,I,103,0,72,56,41.445,41.721
par17,I,104,0,74,63,41.73,41.898
par17,I,105,0,76,71,41.932,42.303
par17,I,106,0,77,62,42.237,42.563
par17,I,107,0,79,62,42.564,43.766
par17,I,108,0,72,55,43.796,43.979
par17,I,109,0,74,40,44.1,44.276
par17,I,110,0,76,64,44.378,44.807
par17,I,111,0,74,61,44.716,45.106
par17,I,112,0,72,33,44.996,45.51
par17,I,113,0,74,37,45.44,45.641
par17,I,114,0,76,56,45.639,46.105
par17,I,115,0,77,57,45.927,46.213
par17,I,116,0,79,66,46.227,46.587
par17,I,117,0,77,44,46.57,46.768
par17,I,118,0,76,1,46.864,47.482
par17,I,119,0,77,48,47.412,47.699
par17,I,120,0,79,51,47.662,48.514
par17,I,121,0,77,62,47.979,48.544
par17,I,122,0,76,74,48.518,48.854
par17,I,123,0,74,64,48.818,49.104
par17,I,124,0,72,68,49.087,49.721
par17,I,125,0,74,51,49.599,49.736
par17,I,126,0,76,36,49.762,50.141
par17,I,127,0,74,60,50.021,50.351
par17,I,128,0,72,57,50.328,51.068
par17,I,129,0,74,61,50.993,51.133
par17,I,130,0,76,56,51.145,51.5
par17,I,131,0,77,48,51.41,51.725
par17,I,132,0,79,66,51.686,52.113
par17,I,133,0,72,16,52.197,52.54
par17,I,134,0,72,58,52.736,53.045
par17,I,135,0,74,68,52.926,53.211
par17,I,136,0,76,38,53.142,53.542
par17,I,137,0,72,42,54.063,54.437
par17,I,138,0,74,55,54.303,54.962
par17,I,139,0,76,35,54.559,54.962
par17,I,140,0,77,46,54.862,55.689
par17,I,141,0,79,32,55.387,55.937
par17,I,142,0,72,28,56.139,56.451
par17,I,143,0,74,31,56.45,56.712
par17,I,144,0,76,53,56.668,57.103
par17,I,145,0,77,51,56.927,57.202
par17,I,146,0,79,59,57.16,57.564
par17,I,147,0,77,62,57.465,57.744
par17,I,148,0,76,73,57.739,58.138
par17,I,149,0,77,54,58.069,58.387
par17,I,150,0,79,65,58.385,58.714
par17,I,151,0,77,81,58.668,58.851
par17,I,152,0,76,56,58.872,59.158
par17,I,153,0,74,66,59.165,59.448
par17,I,154,0,72,44,59.495,59.839
par17,I,155,0,74,73,59.823,59.985
par17,I,156,0,76,67,60.005,60.336
par17,I,157,0,74,74,60.319,60.624
par17,I,158,0,72,58,60.599,60.851
par17,I,159,0,74,68,60.877,61.118
par17,I,160,0,76,67,61.089,61.444
par17,I,161,0,77,50,61.356,61.85
par17,I,162,0,79,61,61.645,62.17
par17,I,163,0,77,60,62.103,62.399
par17,I,164,0,79,60,62.422,62.795
par17,I,165,0,77,69,62.736,62.911
par17,I,166,0,76,65,62.925,63.222
par17,I,167,0,74,61,63.191,63.489
par17,I,168,0,72,34,63.513,63.987
par17,I,169,0,74,66,63.972,64.274
par17,I,170,0,72,53,64.226,64.721
par17,I,171,0,74,55,64.535,64.731
par17,I,172,0,76,61,64.717,65.065
par17,I,173,0,77,24,65.003,65.408
par17,I,174,0,76,54,65.379,65.653
par17,I,175,0,74,68,65.661,65.918
par17,I,176,0,74,48,66.216,66.357
par17,I,177,0,72,66,65.901,66.505
par17,I,178,0,76,59,66.481,66.798
par17,I,179,0,77,49,66.742,67.089
par17,I,180,0,79,54,67.033,67.469
par17,I,181,0,77,54,67.398,67.601
par17,I,182,0,76,66,67.633,67.878
par17,I,183,0,74,62,67.867,68.122
par17,I,184,0,72,69,68.127,68.451
par17,I,185,0,74,63,68.429,68.575
par17,I,186,0,76,66,68.635,68.853
par17,I,187,0,74,64,68.838,69.118
par17,I,188,0,72,71,69.102,69.481
par17,I,189,0,74,63,69.453,69.604
par17,I,190,0,76,62,69.643,69.906
par17,I,191,0,77,54,69.875,70.183
par17,I,192,0,81,31,70.221,70.356
par17,I,193,0,79,46,70.199,70.685
par17,I,194,0,77,1,71.032,71.364
par17,I,195,0,76,59,71.627,71.841
par17,I,196,0,77,70,71.788,72.148
par17,I,197,0,79,72,72.016,72.329
par17,I,198,0,72,49,72.892,73.185
par17,I,199,0,74,56,73.166,73.348
par17,I,200,0,76,55,73.365,73.691
par17,I,201,0,77,48,73.65,73.997
par17,I,202,0,79,62,73.982,74.653
par17,I,203,0,72,31,75.225,75.506
par17,I,204,0,74,52,75.465,75.702
par17,I,205,0,76,57,75.698,75.933
par17,I,206,0,74,64,75.95,76.23
par17,I,207,0,72,56,76.21,76.427
par17,I,208,0,74,55,76.504,76.799
par17,I,209,0,76,52,76.769,77.041
par17,I,210,0,74,72,77.037,77.342
par17,I,211,0,72,44,77.361,77.61
par17,I,212,0,74,58,77.64,77.821
par17,I,213,0,76,70,77.829,78.157
par17,I,214,0,77,49,78.071,78.376
par17,I,215,0,76,68,78.373,78.621
par17,I,216,0,74,60,78.64,78.852
par17,I,217,0,76,65,78.874,79.12
par17,I,218,0,77,49,79.145,79.439
par17,I,219,0,77,28,79.507,79.684
par17,I,220,0,79,38,79.464,80.191
par17,I,221,0,77,50,80.093,80.268
par17,I,222,0,76,72,80.288,80.559
par17,I,223,0,74,65,80.55,80.797
par17,I,224,0,76,76,80.806,81.117
par17,I,225,0,77,52,81.05,81.321
par17,I,226,0,79,37,81.378,82.04
par17,I,227,0,72,42,82.51,82.905
par17,I,228,0,74,45,82.804,82.924
par17,I,229,0,76,60,82.922,83.299
par17,I,230,0,77,59,83.215,83.506
par17,I,231,0,76,72,83.5,83.755
par17,I,232,0,74,54,83.74,84.004
par17,I,233,0,72,51,83.985,84.651
par17,I,234,0,74,53,84.58,84.745
par17,I,235,0,76,49,84.791,85.178
par17,I,236,0,77,51,85.069,85.406
par17,I,237,0,79,39,85.396,85.838
par17,I,238,0,72,56,85.926,86.09
par17,I,239,0,74,50,86.118,86.343
par17,I,240,0,76,65,86.333,86.598
par17,I,241,0,77,49,86.594,86.925
par17,I,242,0,79,23,86.956,87.526
par17,I,243,0,72,30,87.514,87.73
par17,I,244,0,74,24,87.845,88.095
par17,I,245,0,76,52,88.082,88.419
par17,I,246,0,77,46,88.386,88.748
par17,I,247,0,79,56,88.704,89.072
par17,I,248,0,77,64,89.007,89.238
par17,I,249,0,76,67,89.24,89.482
par17,I,250,0,74,54,89.514,89.799
par17,I,251,0,72,56,89.807,89.989
par17,I,252,0,74,50,90.261,90.495
par17,I,253,0,72,42,90.519,90.714
par17,I,254,0,72,38,90.862,91.026
par17,I,255,0,72,1,91.277,92.047
par17,I,256,0,74,14,92.63,92.728
par17,I,257,0,72,56,92.341,92.819
par17,I,258,0,76,60,92.707,93.168
par17,I,259,0,77,54,93.062,93.406
par17,I,260,0,79,57,93.363,93.872
par17,I,261,0,72,58,93.881,94.076
par17,I,262,0,74,50,94.144,94.283
par17,I,263,0,76,59,94.324,94.579
par17,I,264,0,77,52,94.553,94.803
par17,I,265,0,79,39,94.851,95.179
par17,I,266,0,77,35,95.518,95.584
par17,I,267,0,76,70,95.194,95.726
par17,I,268,0,77,31,95.711,96.057
par17,I,269,0,72,49,97.072,97.535
par17,I,270,0,74,46,97.364,97.72
par17,I,271,0,76,49,97.577,97.911
par17,I,272,0,77,38,97.854,98.126
par17,I,273,0,79,46,98.199,98.521
par17,I,274,0,77,55,98.581,99.154
par17,I,275,0,79,46,98.95,99.437
par17,I,276,0,77,18,100.3,100.449
par17,I,277,0,79,18,100.448,100.784
par17,I,278,0,72,50,101.907,102.185
par17,I,279,0,74,44,102.169,102.402
par17,I,280,0,76,36,102.432,102.959
par17,I,281,0,77,44,102.725,103.016
par17,I,282,0,79,52,103.027,103.35
par17,I,283,0,77,49,103.355,103.622
par17,I,284,0,79,41,103.673,104.008
par17,I,285,0,77,66,103.992,104.189
par17,I,286,0,76,53,104.205,104.495
par17,I,287,0,74,54,104.51,104.796
par17,I,288,0,72,38,104.873,105.178
par17,I,289,0,74,51,105.189,105.384
par17,I,290,0,76,51,105.418,105.788
par17,I,291,0,77,45,105.684,105.918
par17,I,292,0,79,63,105.975,106.415
par17,I,293,0,77,52,106.304,106.505
par17,I,294,0,76,56,106.655,106.803
par17,I,295,0,77,25,106.879,107.671
par17,I,296,0,76,58,107.68,108.087
par17,I,297,0,79,45,108.254,108.826
par17,I,298,0,77,56,108.634,108.871
par17,I,299,0,76,54,108.832,109.114
par17,I,300,0,74,60,109.107,109.371
par17,I,301,0,72,64,109.375,109.553
par17,I,302,0,79,46,109.879,110.578
par17,I,303,0,77,44,111.317,111.534
par17,I,304,0,79,50,111.008,111.577
par17,I,305,0,76,47,111.528,111.789
par17,I,306,0,74,55,111.797,112.065
par17,I,307,0,72,61,112.032,112.243
par17,I,308,0,79,22,112.403,112.83
par17,I,309,0,77,36,112.787,113.012
par17,I,310,0,76,60,112.999,113.256
par17,I,311,0,74,52,113.258,113.546
par17,I,312,0,72,65,113.496,113.703
par17,I,313,0,79,37,113.918,114.352
par17,I,314,0,77,46,114.254,114.43
par17,I,315,0,76,74,114.424,114.718
par17,I,316,0,74,60,114.689,114.928
par17,I,317,0,72,60,114.927,115.094
par17,I,318,0,74,56,115.174,115.324
par17,I,319,0,76,66,115.333,115.628
par17,I,320,0,77,59,115.571,115.866
par17,I,321,0,79,40,115.858,116.176
par17,I,322,0,79,56,116.306,116.601
par17,I,323,0,77,46,116.57,116.669
par17,I,324,0,76,49,116.704,116.955
par17,I,325,0,74,54,116.955,117.258
par17,I,326,0,72,62,117.201,117.381
par17,I,327,0,74,55,117.496,117.682
par17,I,328,0,76,65,117.687,117.963
par17,I,329,0,77,51,117.924,118.218
par17,I,330,0,79,53,118.187,118.51
par17,I,331,0,77,55,118.529,118.679
par17,I,332,0,76,57,118.71,118.937
par17,I,333,0,74,58,118.934,119.196
par17,I,334,0,72,58,119.183,119.483
par17,I,335,0,74,45,119.498,119.631
par17,I,336,0,76,71,119.634,119.949
par17,I,337,0,77,56,119.871,120.168
par17,I,338,0,79,41,120.172,120.661
par17,I,339,0,77,60,120.612,120.831
par17,I,340,0,76,60,120.84,121.085
par17,I,341,0,74,58,121.07,121.376
par17,I,342,0,72,61,121.331,121.769
par17,I,343,0,74,56,121.716,121.867
par17,I,344,0,76,56,121.848,122.403
par17,I,345,0,77,60,122.133,122.467
par17,I,346,0,79,40,122.43,122.974
par17,I,347,0,77,55,122.868,123.042
par17,I,348,0,76,56,123.067,123.288
par17,I,349,0,74,58,123.281,123.591
par17,I,350,0,72,58,123.559,124.002
par17,I,351,0,74,66,124.017,124.356
par17,I,352,0,72,53,124.27,124.496
par17,I,353,0,72,63,125.099,125.397
par17,I,354,0,74,51,125.336,125.55
par17,I,355,0,76,55,125.544,125.981
par17,I,356,0,77,50,125.841,126.168
par17,I,357,0,79,53,126.119,126.392
par17,I,358,0,72,28,126.588,126.837
par17,I,359,0,74,55,126.856,127.017
par17,I,360,0,76,55,126.995,127.386
par17,I,361,0,77,51,127.245,127.561
par17,I,362,0,79,48,127.515,127.842
par17,I,363,0,72,51,127.963,128.187
par17,I,364,0,74,57,128.184,128.383
par17,I,365,0,76,54,128.387,128.678
par17,I,366,0,77,41,128.633,128.945
par17,I,367,0,79,38,128.95,129.41
par17,I,368,0,77,57,129.382,129.48
par17,I,369,0,76,60,129.49,129.756
par17,I,370,0,74,52,129.786,129.985
par17,I,371,0,72,56,130.018,130.354
par17,I,372,0,74,50,130.416,130.529
par17,I,373,0,76,62,130.542,131.091
par17,I,374,0,77,57,130.801,131.139
par17,I,375,0,79,23,131.127,131.611
par17,I,376,0,77,38,131.583,131.635
par17,I,377,0,76,43,131.665,131.895
par17,I,378,0,74,64,131.915,132.193
par17,I,379,0,72,59,132.178,132.665
par17,I,380,0,74,53,132.633,132.776
par17,I,381,0,77,51,133.018,133.321
par17,I,382,0,76,61,132.767,133.325
par17,I,383,0,79,37,133.278,133.782
par17,I,384,0,77,53,133.718,133.94
par17,I,385,0,76,59,133.895,134.186
par17,I,386,0,74,60,134.195,134.457
par17,I,387,0,72,59,134.484,134.672
par17,I,388,0,72,18,134.858,135.12
par17,I,389,0,74,55,135.09,135.335
par17,I,390,0,76,47,135.318,135.879
par17,I,391,0,77,48,135.569,135.896
par17,I,392,0,79,29,135.859,136.388
par17,I,393,0,77,37,136.336,136.559
par17,I,394,0,76,44,136.582,136.829
par17,I,395,0,74,62,136.829,137.091
par17,I,396,0,72,67,137.089,137.594
par17,I,397,0,74,52,137.558,137.669
par17,I,398,0,76,58,137.658,138.046
par17,I,399,0,77,51,137.931,138.24
par17,I,400,0,79,54,138.185,138.687
par17,I,401,0,77,47,138.654,138.866
par17,I,402,0,76,52,138.866,139.14
par17,I,403,0,74,70,139.147,139.405
par17,I,404,0,72,62,139.4,139.829
par17,I,405,0,74,60,139.828,140.009
par17,I,406,0,76,69,139.994,140.475
par17,I,407,0,77,52,140.224,140.526
par17,I,408,0,79,59,140.486,141.028
par17,I,409,0,77,57,140.964,141.14
par17,I,410,0,76,59,141.138,141.394
par17,I,411,0,74,61,141.377,141.655
par17,I,412,0,72,66,141.647,142.183
par17,I,413,0,74,56,142.13,142.447
par17,I,414,0,76,62,142.272,142.767
par17,I,415,0,77,63,142.695,142.91
par17,I,416,0,79,33,142.87,143.421
par17,I,417,0,77,54,143.366,143.515
par17,I,418,0,76,1,143.58,144.085
par17,I,419,0,72,62,144.573,144.827
par17,I,420,0,74,50,144.814,145.016
par17,I,421,0,76,64,145.0,145.496
par17,I,422,0,77,39,145.258,145.543
par17,I,423,0,79,47,145.533,146.028
par17,I,424,0,77,52,145.951,146.163
par17,I,425,0,76,58,146.161,146.492
par17,I,426,0,74,50,146.454,146.696
par17,I,427,0,72,70,146.688,147.105
par17,I,428,0,74,55,147.108,147.24
par17,I,429,0,76,46,147.22,147.563
par17,I,430,0,77,61,147.47,147.791
par17,I,431,0,79,55,147.719,148.192
par17,I,432,0,77,64,148.151,148.318
par17,I,433,0,76,69,148.312,148.58
par17,I,434,0,74,66,148.561,148.798
par17,I,435,0,72,75,148.796,149.284
par17,I,436,0,74,54,149.27,149.348
par17,I,437,0,76,60,149.381,149.684
par17,I,438,0,74,76,149.669,149.962
par17,I,439,0,76,57,149.963,150.526
par17,I,440,0,77,57,150.393,150.676
par17,I,441,0,79,55,150.632,151.049
par17,I,442,0,77,46,150.968,151.176
par17,I,443,0,76,61,151.172,151.386
par17,I,444,0,74,61,151.395,151.653
par17,I,445,0,72,62,151.635,152.082
par17,I,446,0,74,51,152.024,152.128
par17,I,447,0,76,61,152.112,152.464
par17,I,448,0,77,53,152.375,152.611
par17,I,449,0,77,55,153.219,153.416
par17,I,450,0,79,41,152.651,153.466
par17,I,451,0,76,64,153.434,153.637
par17,I,452,0,74,58,153.649,153.917
par17,I,453,0,72,67,153.901,154.479
par17,I,454,0,74,36,154.373,154.481
par17,I,455,0,76,69,154.476,154.875
par17,I,456,0,77,53,154.736,155.144
par17,I,457,0,79,23,155.119,155.599
par17,I,458,0,77,54,155.561,155.695
par17,I,459,0,76,60,155.666,155.911
par17,I,460,0,74,59,155.919,156.16
par17,I,461,0,72,59,156.177,156.624
par17,I,462,0,74,57,156.592,156.725
par17,I,463,0,76,62,156.689,157.071
par17,I,464,0,77,59,156.956,157.25
par17,I,465,0,79,37,157.201,157.717
par17,I,466,0,77,75,157.671,157.817
par17,I,467,0,76,66,157.774,158.037
par17,I,468,0,72,59,158.303,158.572
par17,I,469,0,74,57,158.047,158.708
par17,I,470,0,72,38,158.828,159.126
par17,I,471,0,74,56,159.066,159.245
par17,I,472,0,76,52,159.235,159.84
par17,I,473,0,77,46,159.543,159.867
par17,I,474,0,79,58,159.81,160.311
par17,I,475,0,77,56,160.25,160.312
par17,I,476,0,76,61,160.341,160.601
par17,I,477,0,74,57,160.597,161.054
par17,I,478,0,72,45,160.891,161.439
par17,I,479,0,74,57,161.387,161.522
par17,I,480,0,76,58,161.503,161.894
par17,I,481,0,77,58,161.763,162.049
par17,I,482,0,79,65,162.009,162.52
par17,I,483,0,77,61,162.444,162.711
par17,I,484,0,76,62,162.56,162.854
par17,I,485,0,74,70,162.851,163.125
par17,I,486,0,72,56,163.109,163.723
par17,I,487,0,74,61,163.67,163.82
par17,I,488,0,76,69,163.795,164.11
par17,I,489,0,77,65,164.051,164.363
par17,I,490,0,77,63,164.692,164.862
par17,I,491,0,79,59,164.296,164.897
par17,I,492,0,76,66,164.834,165.059
par17,I,493,0,74,63,165.071,165.298
par17,I,494,0,72,60,165.303,165.854
par17,I,495,0,74,56,165.78,165.922
par17,I,496,0,76,57,165.89,166.255
par17,I,497,0,77,54,166.158,166.392
par17,I,498,0,79,34,166.391,166.952
par17,I,499,0,77,57,166.878,167.024
par17,I,500,0,76,46,167.011,167.274
par17,I,501,0,74,59,167.248,167.483
par17,I,502,0,74,50,167.879,168.026
par17,I,503,0,72,74,167.448,168.161
par17,I,504,0,76,55,167.998,168.41
par17,I,505,0,77,57,168.301,168.586
par17,I,506,0,79,54,168.559,168.972
par17,I,507,0,77,47,169.026,169.241
par17,I,508,0,76,47,169.025,169.558
par17,I,509,0,74,48,169.523,169.734
par17,I,510,0,72,53,169.713,170.336
par17,I,511,0,74,62,170.21,170.389
par17,I,512,0,76,60,170.356,170.736
par17,I,513,0,77,56,170.587,170.776
par17,I,514,0,79,53,170.737,171.219
par17,I,515,0,76,45,171.284,171.559
par17,I,516,0,74,55,172.152,172.832
par17,I,517,0,72,46,171.924,172.85
par17,I,518,0,76,25,172.418,173.241
par17,I,519,0,77,45,172.858,173.309
par17,I,520,0,79,64,173.228,173.792
par17,I,521,0,77,51,173.618,173.82
par17,I,522,0,76,73,173.795,174.098
par17,I,523,0,74,56,174.083,174.344
par17,I,524,0,72,64,174.33,174.782
par17,I,525,0,74,57,174.714,174.859
par17,I,526,0,76,65,174.835,175.225
par17,I,527,0,77,51,175.105,175.374
par17,I,528,0,77,55,175.782,175.919
par17,I,529,0,79,28,175.396,175.922
par17,I,530,0,76,68,175.865,176.158
par17,I,531,0,74,60,176.16,176.402
par17,I,532,0,72,57,176.394,176.899
par17,I,533,0,74,56,176.897,177.0
par17,I,534,0,76,56,177.017,177.43
par17,I,535,0,77,58,177.299,177.587
par17,I,536,0,79,48,177.556,178.135
par17,I,537,0,77,59,177.981,178.169
par17,I,538,0,76,53,178.161,178.395
par17,I,539,0,74,65,178.393,178.661
par17,I,540,0,72,65,178.646,178.995
par17,I,541,0,74,67,178.984,179.19
par17,I,542,0,76,63,179.147,179.806
par17,I,543,0,77,71,179.726,180.066
par17,I,544,0,79,67,180.024,180.548
par17,I,545,0,77,49,180.415,180.59
par17,I,546,0,76,65,180.58,180.869
par17,I,547,0,74,61,180.856,181.128
par17,I,548,0,74,53,181.51,181.69
par17,I,549,0,72,54,181.104,181.741
par17,I,550,0,77,38,181.987,182.095
par17,I,551,0,76,57,181.66,182.367
par17,I,552,0,79,47,182.304,182.769
par17,I,553,0,77,59,182.745,183.0
par17,I,554,0,76,63,182.92,183.222
par17,I,555,0,74,60,183.206,183.521
par17,I,556,0,72,54,183.483,184.038
par17,I,557,0,74,58,183.886,184.071
par17,I,558,0,76,62,184.029,184.577
par17,I,559,0,77,51,184.285,184.627
par17,I,560,0,79,62,184.552,185.095
par17,I,561,0,77,53,185.004,185.178
par17,I,562,0,76,56,185.084,185.397
par17,I,563,0,74,52,185.389,185.693
par17,I,564,0,74,44,186.173,186.365
par17,I,565,0,72,50,185.653,186.39
par17,I,566,0,76,67,186.365,186.95
par17,I,567,0,77,57,186.625,186.961
par17,I,568,0,77,51,187.379,187.567
par17,I,569,0,79,54,186.889,187.631
par17,I,570,0,76,40,187.522,187.797
par17,I,571,0,74,57,187.776,188.155
par17,I,572,0,72,67,188.001,188.496
par17,I,573,0,74,27,188.433,188.595
par17,I,574,0,76,69,188.552,189.046
par17,I,575,0,77,58,188.815,189.163
par17,I,576,0,79,56,188.959,189.672
par17,I,577,0,76,11,189.736,189.886
par17,I,578,0,77,12,189.735,189.904
par17,I,579,0,72,40,190.339,190.631
par17,I,580,0,74,51,190.616,190.858
par17,I,581,0,77,16,191.098,191.486
par17,I,582,0,76,50,190.786,191.51
par17,I,583,0,72,46,191.788,192.26
par17,I,584,0,74,59,192.212,192.407
par17,I,585,0,76,45,192.35,192.724
par17,I,586,0,77,65,192.629,192.997
par17,I,587,0,79,40,193.008,193.53
par17,I,588,0,77,52,193.413,193.624
par17,I,589,0,76,56,193.585,193.856
par17,I,590,0,74,68,193.865,194.119
par17,I,0,1,72,49,2.467,2.967
par17,I,1,1,74,30,2.834,3.001
par17,I,2,1,76,56,3.024,3.426
par17,I,3,1,77,58,3.346,3.605
par17,I,4,1,79,52,3.574,4.047
par17,I,5,1,72,44,4.046,4.165
par17,I,6,1,74,49,4.197,4.453
par17,I,7,1,76,61,4.433,4.801
par17,I,8,1,77,61,4.772,5.135
par17,I,9,1,72,17,7.376,7.608
par17,I,10,1,74,24,7.727,7.866
par17,I,11,1,76,59,7.897,8.289
par17,I,12,1,77,49,8.221,8.459
par17,I,13,1,79,54,8.452,8.756
par17,I,14,1,77,20,8.841,8.979
par17,I,15,1,76,73,8.959,9.255
par17,I,16,1,74,64,9.269,9.521
par17,I,17,1,72,57,9.498,10.052
par17,I,18,1,74,48,9.97,10.099
par17,I,19,1,76,72,10.107,10.612
par17,I,20,1,77,55,10.366,10.654
par17,I,21,1,79,46,10.625,11.083
par17,I,22,1,77,44,11.057,11.368
par17,I,23,1,76,63,11.205,11.58
par17,I,24,1,74,64,11.547,11.826
par17,I,25,1,72,54,11.805,12.024
par17,I,26,1,74,39,12.249,12.416
par17,I,27,1,76,78,12.421,12.792
par17,I,28,1,77,51,12.696,13.003
par17,I,29,1,79,64,12.977,13.429
par17,I,30,1,77,47,13.368,13.558
par17,I,31,1,76,70,13.555,13.83
par17,I,32,1,74,56,13.82,14.063
par17,I,33,1,72,41,14.073,14.481
par17,I,34,1,74,45,14.463,14.602
par17,I,35,1,76,68,14.614,14.857
par17,I,36,1,77,65,14.815,15.07
par17,I,37,1,79,48,15.102,15.5
par17,I,38,1,77,38,15.476,15.663
par17,I,39,1,76,69,15.641,15.965
par17,I,40,1,74,48,15.962,16.22
par17,I,41,1,72,50,16.212,16.696
par17,I,42,1,74,40,16.61,16.757
par17,I,43,1,76,67,16.752,17.033
par17,I,44,1,77,59,16.961,17.225
par17,I,45,1,79,60,17.217,17.637
par17,I,46,1,77,36,17.584,17.732
par17,I,47,1,76,61,17.735,18.055
par17,I,48,1,74,53,18.052,18.318
par17,I,49,1,72,54,18.309,18.723
par17,I,50,1,74,52,18.733,18.906
par17,I,51,1,76,68,18.899,19.341
par17,I,52,1,77,47,19.178,19.482
par17,I,53,1,79,22,19.5,20.01
par17,I,54,1,77,46,19.925,20.143
par17,I,55,1,76,64,20.114,20.487
par17,I,56,1,74,54,20.45,20.722
par17,I,57,1,72,53,20.691,21.194
par17,I,58,1,74,44,21.151,21.321
par17,I,59,1,76,60,21.33,21.679
par17,I,60,1,77,48,21.566,21.841
par17,I,61,1,79,59,21.838,22.286
par17,I,62,1,77,66,22.254,22.461
par17,I,63,1,76,62,22.45,22.693
par17,I,64,1,74,60,22.718,23.022
par17,I,65,1,72,51,22.983,23.459
par17,I,66,1,74,54,23.449,23.688
par17,I,67,1,76,54,23.656,23.978
par17,I,68,1,77,46,23.894,24.237
par17,I,69,1,79,37,24.222,25.054
par17,I,70,1,77,4,24.757,25.191
par17,I,71,1,76,76,25.196,25.523
par17,I,72,1,74,64,25.534,25.816
par17,I,73,1,72,46,25.774,26.383
par17,I,74,1,74,53,26.227,26.431
par17,I,75,1,76,73,26.43,26.772
par17,I,76,1,77,65,26.67,26.975
par17,I,77,1,79,47,26.929,27.417
par17,I,78,1,77,49,27.356,27.631
par17,I,79,1,76,59,27.589,27.827
par17,I,80,1,74,57,27.832,28.082
par17,I,81,1,72,58,28.084,28.718
par17,I,82,1,74,40,28.563,28.731
par17,I,83,1,76,65,28.743,29.155
par17,I,84,1,77,46,28.982,29.309
par17,I,85,1,79,51,29.257,29.76
par17,I,86,1,77,45,29.694,30.057
par17,I,87,1,76,56,29.943,30.22
par17,I,88,1,74,47,30.212,30.753
par17,I,89,1,72,51,30.479,31.129
par17,I,90,1,74,12,31.059,31.254
par17,I,91,1,76,33,31.207,31.431
par17,I,92,1,72,54,31.906,32.17
par17,I,93,1,74,43,32.074,32.268
par17,I,94,1,76,60,32.236,32.589
par17,I,95,1,77,56,32.459,32.734
par17,I,96,1,79,55,32.703,33.099
par17,I,97,1,77,60,33.068,33.226
par17,I,98,1,76,51,33.189,33.378
par17,I,99,1,74,52,33.396,33.604
par17,I,100,1,72,59,33.597,34.172
par17,I,101,1,74,48,34.019,34.222
par17,I,102,1,76,84,34.221,34.47
par17,I,103,1,77,72,34.398,34.653
par17,I,104,1,79,38,34.624,35.065
par17,I,105,1,77,48,35.055,35.219
par17,I,106,1,76,54,35.143,35.431
par17,I,107,1,74,56,35.427,35.62
par17,I,108,1,72,55,35.595,36.09
par17,I,109,1,74,55,36.025,36.174
par17,I,110,1,76,69,36.161,36.432
par17,I,111,1,77,56,36.359,36.63
par17,I,112,1,79,41,36.589,37.001
par17,I,113,1,77,59,36.928,37.076
par17,I,114,1,76,59,37.049,37.271
par17,I,115,1,74,52,37.263,37.45
par17,I,116,1,72,65,37.441,37.914
par17,I,117,1,74,52,37.799,37.974
par17,I,118,1,76,67,37.93,38.176
par17,I,119,1,77,60,38.129,38.349
par17,I,120,1,79,50,38.317,38.686
par17,I,121,1,77,61,38.65,38.908
par17,I,122,1,76,66,38.747,39.163
par17,I,123,1,74,45,39.088,39.348
par17,I,124,1,72,52,39.303,39.649
par17,I,125,1,72,52,39.805,40.058
par17,I,126,1,74,56,39.991,40.15
par17,I,127,1,76,72,40.114,40.399
par17,I,128,1,77,58,40.303,40.555
par17,I,129,1,79,59,40.503,40.892
par17,I,130,1,77,55,40.844,41.043
par17,I,131,1,76,55,41.023,41.316
par17,I,132,1,74,52,41.301,41.525
par17,I,133,1,72,52,41.508,41.95
par17,I,134,1,74,50,41.886,42.037
par17,I,135,1,76,56,42.01,42.506
par17,I,136,1,77,55,42.24,42.508
par17,I,137,1,79,61,42.457,42.891
par17,I,138,1,77,52,42.818,42.984
par17,I,139,1,76,61,42.953,43.252
par17,I,140,1,74,58,43.221,43.49
par17,I,141,1,72,57,43.469,43.965
par17,I,142,1,74,53,43.867,44.05
par17,I,143,1,76,70,44.024,44.508
par17,I,144,1,77,62,44.265,44.649
par17,I,145,1,79,31,44.613,45.144
par17,I,146,1,72,55,46.166,46.49
par17,I,147,1,74,46,46.441,46.621
par17,I,148,1,76,36,46.655,47.055
par17,I,149,1,77,66,47.004,47.323
par17,I,150,1,79,51,47.328,47.71
par17,I,151,1,77,51,47.633,47.898
par17,I,152,1,76,46,47.894,48.308
par17,I,153,1,74,46,48.254,48.561
par17,I,154,1,72,40,48.609,48.921
par17,I,155,1,74,50,48.919,49.173
par17,I,156,1,76,60,49.14,49.652
par17,I,157,1,77,33,49.481,49.828
par17,I,158,1,79,51,49.781,50.281
par17,I,159,1,77,48,50.111,50.465
par17,I,160,1,76,51,50.309,50.676
par17,I,161,1,74,35,50.633,51.022
par17,I,162,1,72,32,50.922,51.464
par17,I,163,1,74,55,51.387,51.647
par17,I,164,1,77,45,51.899,52.048
par17,I,165,1,76,56,51.595,52.194
par17,I,166,1,79,57,52.152,52.543
par17,I,167,1,77,46,52.488,52.731
par17,I,168,1,76,49,52.626,53.023
par17,I,169,1,74,44,52.923,53.197
par17,I,170,1,72,41,53.231,53.589
par17,I,171,1,72,45,53.719,53.941
par17,I,172,1,74,53,53.884,54.171
par17,I,173,1,76,29,54.093,54.466
par17,I,174,1,77,66,54.289,54.503
par17,I,175,1,79,64,54.475,54.884
par17,I,176,1,77,54,54.81,55.147
par17,I,177,1,76,37,54.935,55.184
par17,I,178,1,74,50,55.168,55.435
par17,I,179,1,72,53,55.427,55.805
par17,I,180,1,74,51,55.742,55.895
par17,I,181,1,76,65,55.855,56.147
par17,I,182,1,77,54,56.064,56.233
par17,I,183,1,79,54,56.217,56.575
par17,I,184,1,77,56,56.515,56.689
par17,I,185,1,76,46,56.626,56.875
par17,I,186,1,74,55,56.841,57.067
par17,I,187,1,72,59,57.032,57.511
par17,I,188,1,74,51,57.361,57.529
par17,I,189,1,76,69,57.481,57.754
par17,I,190,1,77,60,57.693,57.9
par17,I,191,1,79,44,57.876,58.243
par17,I,192,1,77,64,58.19,58.363
par17,I,193,1,76,65,58.292,58.544
par17,I,194,1,74,52,58.49,58.692
par17,I,195,1,74,51,58.957,59.124
par17,I,196,1,72,61,58.691,59.171
par17,I,197,1,76,66,59.088,59.408
par17,I,198,1,77,56,59.32,59.504
par17,I,199,1,79,49,59.469,59.869
par17,I,200,1,77,59,59.81,59.982
par17,I,201,1,76,56,59.899,60.173
par17,I,202,1,74,60,60.162,60.361
par17,I,203,1,72,62,60.354,60.702
par17,I,204,1,74,53,60.628,60.831
par17,I,205,1,76,65,60.777,61.095
par17,I,206,1,79,18,61.147,61.539
par17,I,207,1,72,50,61.923,62.205
par17,I,208,1,74,50,62.081,62.282
par17,I,209,1,76,66,62.22,62.816
par17,I,210,1,77,50,62.648,62.968
par17,I,211,1,79,49,62.945,63.408
par17,I,212,1,72,38,63.354,63.587
par17,I,213,1,74,56,63.566,63.823
par17,I,214,1,76,64,63.766,64.113
par17,I,215,1,77,48,64.001,64.14
par17,I,216,1,79,40,64.079,64.486
par17,I,217,1,72,69,65.581,65.849
par17,I,218,1,74,56,65.83,66.046
par17,I,219,1,76,46,66.032,66.704
par17,I,220,1,77,70,66.46,66.832
par17,I,221,1,79,51,66.779,67.243
par17,I,222,1,77,64,67.077,67.38
par17,I,223,1,76,60,67.282,67.583
par17,I,224,1,74,63,67.537,67.791
par17,I,225,1,72,65,67.766,68.247
par17,I,226,1,74,53,68.038,68.274
par17,I,227,1,76,54,68.236,68.844
par17,I,228,1,77,35,68.513,68.906
par17,I,229,1,79,56,68.769,69.389
par17,I,230,1,77,43,69.215,69.49
par17,I,231,1,76,42,69.351,69.713
par17,I,232,1,74,49,69.581,69.811
par17,I,233,1,74,39,70.168,70.516
par17,I,234,1,77,51,70.682,70.915
par17,I,235,1,76,52,70.365,70.934
par17,I,236,1,72,50,69.791,71.08
par17,I,237,1,74,48,71.624,71.906
par17,I,238,1,72,47,71.393,71.978
par17,I,239,1,76,60,71.833,72.187
par17,I,240,1,79,22,72.151,72.42
par17,I,241,1,74,51,75.62,75.813
par17,I,242,1,72,42,75.34,75.823
par17,I,243,1,76,34,75.822,76.444
par17,I,244,1,77,45,76.204,76.521
par17,I,245,1,79,56,76.493,76.955
par17,I,246,1,77,54,76.809,77.054
par17,I,247,1,76,53,77.01,77.396
par17,I,248,1,74,60,77.302,77.67
par17,I,249,1,72,52,77.631,78.005
par17,I,250,1,74,57,77.935,78.156
par17,I,251,1,76,56,78.102,78.681
par17,I,252,1,77,61,78.406,78.771
par17,I,253,1,77,45,79.038,79.271
par17,I,254,1,79,51,78.708,79.396
par17,I,255,1,76,53,79.158,79.677
par17,I,256,1,74,57,79.44,79.734
par17,I,257,1,72,53,79.717,79.92
par17,I,258,1,72,51,80.07,80.329
par17,I,259,1,74,56,80.265,80.538
par17,I,260,1,76,57,80.477,80.841
par17,I,261,1,77,55,80.732,81.049
par17,I,262,1,79,57,80.999,81.392
par17,I,263,1,77,62,81.37,81.69
par17,I,264,1,76,57,81.515,81.847
par17,I,265,1,74,55,81.811,82.023
par17,I,266,1,72,46,82.028,82.404
par17,I,267,1,74,55,82.377,82.542
par17,I,268,1,76,55,82.523,82.816
par17,I,269,1,77,67,82.76,83.065
par17,I,270,1,77,1,83.233,83.405
par17,I,271,1,79,1,83.253,83.701
par17,I,272,1,79,42,83.799,84.304
par17,I,273,1,77,39,84.233,84.321
par17,I,274,1,76,49,84.333,84.72
par17,I,275,1,74,61,84.622,84.893
par17,I,276,1,72,59,84.836,85.48
par17,I,277,1,74,49,85.269,85.489
par17,I,278,1,76,63,85.463,85.87
par17,I,279,1,77,60,85.722,86.087
par17,I,280,1,77,57,86.454,86.717
par17,I,281,1,76,60,86.611,86.896
par17,I,282,1,79,40,86.044,87.098
par17,I,283,1,74,61,86.852,87.109
par17,I,284,1,72,56,87.104,87.581
par17,I,285,1,74,60,87.487,87.672
par17,I,286,1,76,52,87.633,88.059
par17,I,287,1,77,57,87.881,88.249
par17,I,288,1,79,58,88.161,88.701
par17,I,289,1,77,38,88.568,88.864
par17,I,290,1,76,1,88.713,89.075
par17,I,291,1,74,55,89.015,89.292
par17,I,292,1,72,51,89.262,89.896
par17,I,293,1,74,42,89.749,89.897
par17,I,294,1,76,70,89.872,90.244
par17,I,295,1,77,61,90.123,90.516
par17,I,296,1,81,41,90.486,90.662
par17,I,297,1,79,42,90.473,90.801
par17,I,298,1,72,54,91.557,91.882
par17,I,299,1,74,60,91.849,91.99
par17,I,300,1,76,52,91.978,92.319
par17,I,301,1,77,59,92.213,92.544
par17,I,302,1,79,71,92.446,92.919
par17,I,303,1,72,56,92.939,93.182
par17,I,304,1,74,50,93.213,93.316
par17,I,305,1,76,63,93.305,93.603
par17,I,306,1,77,66,93.539,93.817
par17,I,307,1,79,42,93.812,94.138
par17,I,308,1,77,62,94.064,94.305
par17,I,309,1,76,60,94.226,94.508
par17,I,310,1,74,51,94.473,94.71
par17,I,311,1,72,56,94.7,95.046
par17,I,312,1,74,52,94.99,95.138
par17,I,313,1,76,64,95.099,95.469
par17,I,314,1,77,58,95.316,95.676
par17,I,315,1,77,57,95.926,96.151
par17,I,316,1,79,33,95.583,96.197
par17,I,317,1,76,41,96.03,96.368
par17,I,318,1,74,52,96.29,96.526
par17,I,319,1,72,59,96.517,96.978
par17,I,320,1,74,52,96.791,97.01
par17,I,321,1,76,60,96.956,97.647
par17,I,322,1,77,44,97.245,97.691
par17,I,323,1,77,58,98.039,98.359
par17,I,324,1,76,48,98.247,98.509
par17,I,325,1,79,17,97.651,98.585
par17,I,326,1,74,55,98.483,98.769
par17,I,327,1,74,39,99.15,99.319
par17,I,328,1,72,61,98.743,99.448
par17,I,329,1,79,45,100.827,101.239
par17,I,330,1,77,50,101.156,101.584
par17,I,331,1,76,43,101.389,101.982
par17,I,332,1,74,55,101.64,102.126
par17,I,333,1,72,49,102.008,102.306
par17,I,334,1,79,52,102.295,102.735
par17,I,335,1,77,42,102.631,102.809
par17,I,336,1,76,62,102.801,103.042
par17,I,337,1,74,49,103.035,103.434
par17,I,338,1,72,51,103.283,103.692
par17,I,339,1,74,51,103.685,103.793
par17,I,340,1,76,71,103.786,104.101
par17,I,341,1,77,55,104.035,104.308
par17,I,342,1,79,49,104.264,104.772
par17,I,343,1,77,64,104.648,104.889
par17,I,344,1,76,26,104.853,105.126
par17,I,345,1,74,56,105.086,105.353
par17,I,346,1,72,54,105.345,105.814
par17,I,347,1,74,49,105.759,105.916
par17,I,348,1,76,59,105.884,106.457
par17,I,349,1,77,48,106.105,106.578
par17,I,350,1,79,28,106.446,107.056
par17,I,351,1,77,55,106.907,107.12
par17,I,352,1,76,52,107.101,107.389
par17,I,353,1,74,52,107.324,107.528
par17,I,354,1,74,32,107.932,108.07
par17,I,355,1,72,66,107.526,108.116
par17,I,356,1,76,60,108.054,108.396
par17,I,357,1,77,54,108.313,108.652
par17,I,358,1,79,51,108.592,109.08
par17,I,359,1,77,46,108.992,109.217
par17,I,360,1,76,43,109.146,109.459
par17,I,361,1,74,45,109.43,109.723
par17,I,362,1,74,1,110.345,110.464
par17,I,363,1,72,48,109.697,110.475
par17,I,364,1,76,55,110.413,110.79
par17,I,365,1,77,50,110.622,110.86
par17,I,366,1,79,45,110.732,111.391
par17,I,367,1,77,47,111.305,111.591
par17,I,368,1,76,58,111.489,111.731
par17,I,369,1,74,62,111.707,111.935
par17,I,370,1,72,63,111.926,112.489
par17,I,371,1,74,50,112.292,112.526
par17,I,372,1,79,41,112.722,112.907
par17,I,373,1,76,61,112.473,113.045
par17,I,374,1,77,65,112.924,113.087
par17,I,375,1,72,46,113.605,113.873
par17,I,376,1,74,52,113.81,113.999
par17,I,377,1,76,58,113.975,114.378
par17,I,378,1,77,58,114.2,114.553
par17,I,379,1,79,31,114.546,115.013
par17,I,380,1,77,43,114.846,115.022
par17,I,381,1,76,48,115.007,115.304
par17,I,382,1,74,47,115.268,115.546
par17,I,383,1,72,50,115.525,115.942
par17,I,384,1,79,49,115.927,116.375
par17,I,385,1,77,34,116.22,116.441
par17,I,386,1,76,52,116.373,116.591
par17,I,387,1,74,54,116.581,116.795
par17,I,388,1,72,58,116.773,117.249
par17,I,389,1,74,48,117.069,117.311
par17,I,390,1,76,54,117.24,117.653
par17,I,391,1,77,51,117.489,117.793
par17,I,392,1,79,47,117.71,118.148
par17,I,393,1,77,40,118.028,118.185
par17,I,394,1,76,55,118.124,118.424
par17,I,395,1,74,48,118.352,118.597
par17,I,396,1,72,60,118.559,118.916
par17,I,397,1,74,53,118.897,119.029
par17,I,398,1,76,63,119.009,119.362
par17,I,399,1,77,57,119.232,119.648
par17,I,400,1,79,39,119.439,120.031
par17,I,401,1,77,38,120.011,120.087
par17,I,402,1,76,63,120.064,120.377
par17,I,403,1,74,53,120.34,120.566
par17,I,404,1,72,61,120.534,120.868
par17,I,405,1,74,54,120.875,121.089
par17,I,406,1,76,62,121.028,121.443
par17,I,407,1,77,53,121.245,121.566
par17,I,408,1,79,48,121.504,121.938
par17,I,409,1,77,46,121.85,122.137
par17,I,410,1,76,59,122.04,122.391
par17,I,411,1,74,49,122.326,122.581
par17,I,412,1,72,45,122.569,123.169
par17,I,413,1,74,51,123.095,123.274
par17,I,414,1,76,55,123.244,123.603
par17,I,415,1,77,54,123.506,123.927
par17,I,416,1,77,54,124.249,124.52
par17,I,417,1,76,52,124.413,124.705
par17,I,418,1,79,37,123.821,124.806
par17,I,419,1,74,50,124.664,124.91
par17,I,420,1,72,57,124.878,125.395
par17,I,421,1,74,47,125.325,125.515
par17,I,422,1,76,46,125.47,125.791
par17,I,423,1,77,48,125.737,126.05
par17,I,424,1,77,23,126.373,126.666
par17,I,425,1,79,21,125.906,126.768
par17,I,426,1,72,56,127.513,127.802
par17,I,427,1,74,53,127.791,128.134
par17,I,428,1,76,60,128.074,128.466
par17,I,429,1,77,57,128.388,128.761
par17,I,430,1,79,58,128.677,129.153
par17,I,431,1,72,33,129.107,129.518
par17,I,432,1,74,54,129.491,129.704
par17,I,433,1,76,57,129.703,130.02
par17,I,434,1,77,61,129.96,130.294
par17,I,435,1,79,61,130.238,130.68
par17,I,436,1,77,42,130.517,130.878
par17,I,437,1,76,37,130.788,131.076
par17,I,438,1,74,50,131.03,131.255
par17,I,439,1,72,60,131.241,131.501
par17,I,440,1,74,58,131.5,131.691
par17,I,441,1,76,58,131.665,131.945
par17,I,442,1,77,64,131.895,132.181
par17,I,443,1,77,60,132.597,132.863
par17,I,444,1,76,46,132.749,133.065
par17,I,445,1,79,29,132.207,133.083
par17,I,446,1,74,50,133.001,133.284
par17,I,447,1,72,47,133.269,133.615
par17,I,448,1,74,47,133.59,133.752
par17,I,449,1,76,58,133.717,134.014
par17,I,450,1,77,57,133.936,134.185
par17,I,451,1,76,49,134.17,134.746
par17,I,452,1,74,47,134.66,134.965
par17,I,453,1,77,58,134.97,135.358
par17,I,454,1,74,49,135.369,135.667
par17,I,455,1,76,25,135.724,136.197
par17,I,456,1,72,38,136.347,136.477
par17,I,457,1,76,40,136.551,136.663
par17,I,458,1,74,46,136.106,136.779
par17,I,459,1,72,36,137.26,137.635
par17,I,460,1,74,40,137.542,137.726
par17,I,461,1,76,30,137.625,137.959
par17,I,462,1,77,62,137.849,138.213
par17,I,463,1,76,58,138.16,138.382
par17,I,464,1,74,56,138.381,138.639
par17,I,465,1,76,33,138.67,139.09
par17,I,466,1,77,56,138.854,139.1
par17,I,467,1,79,44,139.055,139.947
par17,I,468,1,77,24,139.698,139.992
par17,I,469,1,76,54,139.897,140.149
par17,I,470,1,74,52,140.124,140.364
par17,I,471,1,72,63,140.36,140.597
par17,I,472,1,74,61,140.598,140.736
par17,I,473,1,76,68,140.716,140.98
par17,I,474,1,77,64,140.909,141.299
par17,I,475,1,77,57,141.547,141.715
par17,I,476,1,79,36,141.19,141.724
par17,I,477,1,76,54,141.659,141.896
par17,I,478,1,74,63,141.871,142.094
par17,I,479,1,72,69,142.083,142.358
par17,I,480,1,74,48,142.378,142.677
par17,I,481,1,76,70,142.492,142.82
par17,I,482,1,77,56,142.724,142.947
par17,I,483,1,79,42,142.933,143.327
par17,I,484,1,77,50,143.229,143.517
par17,I,485,1,76,53,143.342,143.57
par17,I,486,1,74,49,143.545,143.768
par17,I,487,1,72,55,143.788,144.117
par17,I,488,1,74,60,144.113,144.255
par17,I,489,1,76,66,144.23,144.521
par17,I,490,1,77,61,144.448,144.724
par17,I,491,1,79,53,144.673,145.046
par17,I,492,1,77,59,144.985,145.122
par17,I,493,1,76,53,145.102,145.375
par17,I,494,1,74,62,145.348,145.552
par17,I,495,1,72,53,145.56,145.834
par17,I,496,1,74,57,145.829,145.963
par17,I,497,1,76,65,145.947,146.239
par17,I,498,1,77,62,146.154,146.452
par17,I,499,1,79,58,146.423,146.815
par17,I,500,1,77,53,146.746,146.884
par17,I,501,1,76,40,146.899,147.103
par17,I,502,1,74,48,147.107,147.306
par17,I,503,1,72,64,147.324,147.538
par17,I,504,1,74,48,147.56,147.681
par17,I,505,1,76,65,147.686,147.962
par17,I,506,1,77,62,147.885,148.186
par17,I,507,1,79,21,148.211,148.659
par17,I,508,1,77,59,148.602,148.748
par17,I,509,1,76,62,148.711,148.933
par17,I,510,1,74,61,148.909,149.105
par17,I,511,1,72,68,149.11,149.427
par17,I,512,1,74,54,149.426,149.541
par17,I,513,1,76,66,149.502,149.789
par17,I,514,1,77,63,149.699,149.991
par17,I,515,1,79,50,149.926,150.395
par17,I,516,1,77,60,150.32,150.56
par17,I,517,1,76,54,150.494,150.698
par17,I,518,1,74,57,150.679,150.914
par17,I,519,1,72,70,150.911,151.161
par17,I,520,1,74,57,151.187,151.331
par17,I,521,1,76,67,151.306,151.662
par17,I,522,1,77,58,151.519,151.85
par17,I,523,1,79,13,151.809,152.278
par17,I,524,1,77,54,152.2,152.418
par17,I,525,1,76,44,152.386,152.588
par17,I,526,1,74,61,152.583,152.797
par17,I,527,1,72,59,152.783,152.979
par17,I,528,1,74,18,153.117,153.211
par17,I,529,1,72,8,153.146,153.493
par17,I,530,1,72,62,153.672,153.938
par17,I,531,1,74,64,153.873,153.994
par17,I,532,1,76,69,153.963,154.259
par17,I,533,1,77,61,154.178,154.479
par17,I,534,1,79,57,154.421,154.749
par17,I,535,1,77,70,154.751,154.89
par17,I,536,1,76,53,155.042,155.188
par17,I,537,1,74,49,155.141,155.398
par17,I,538,1,72,64,155.377,155.675
par17,I,539,1,74,55,155.689,155.806
par17,I,540,1,76,73,155.801,156.165
par17,I,541,1,77,57,155.997,156.175
par17,I,542,1,79,43,156.17,156.671
par17,I,543,1,77,70,156.557,156.722
par17,I,544,1,76,47,156.656,156.937
par17,I,545,1,74,54,156.831,157.045
par17,I,546,1,72,61,157.024,157.571
par17,I,547,1,74,47,157.49,157.639
par17,I,548,1,76,67,157.6,157.822
par17,I,549,1,77,55,157.754,157.99
par17,I,550,1,79,32,157.975,158.576
par17,I,551,1,72,41,158.625,158.775
par17,I,552,1,74,60,158.774,158.962
par17,I,553,1,76,66,158.922,159.302
par17,I,554,1,77,51,159.156,159.427
par17,I,555,1,79,48,159.352,159.744
par17,I,556,1,72,46,159.936,160.18
par17,I,557,1,74,58,160.18,160.288
par17,I,558,1,76,68,160.281,160.541
par17,I,559,1,77,61,160.481,160.636
par17,I,560,1,79,41,160.63,161.058
par17,I,561,1,77,32,161.003,161.247
par17,I,562,1,76,33,161.053,161.367
par17,I,563,1,74,56,161.346,161.492
par17,I,564,1,72,67,161.494,161.728
par17,I,565,1,79,53,161.767,162.126
par17,I,566,1,77,45,162.041,162.217
par17,I,567,1,76,49,162.189,162.406
par17,I,568,1,74,58,162.397,162.573
par17,I,569,1,72,57,162.581,162.847
par17,I,570,1,74,64,162.819,162.919
par17,I,571,1,76,69,162.911,163.153
par17,I,572,1,77,63,163.086,163.393
par17,I,573,1,79,50,163.318,163.596
par17,I,574,1,77,48,163.607,163.785
par17,I,575,1,76,59,163.739,163.978
par17,I,576,1,74,65,163.977,164.197
par17,I,577,1,72,66,164.2,164.482
par17,I,578,1,74,60,164.502,164.628
par17,I,579,1,76,67,164.625,164.848
par17,I,580,1,77,56,164.786,165.076
par17,I,581,1,79,42,164.993,165.335
par17,I,582,1,77,54,165.325,165.497
par17,I,583,1,76,63,165.428,165.643
par17,I,584,1,74,57,165.583,165.866
par17,I,585,1,74,39,166.272,166.497
par17,I,586,1,72,48,165.825,166.52
par17,I,587,1,76,73,166.499,166.704
par17,I,588,1,77,65,166.642,166.941
par17,I,589,1,79,57,166.876,167.265
par17,I,590,1,77,1,167.368,167.511
par17,I,591,1,76,44,167.392,167.763
par17,I,592,1,74,55,167.515,167.788
par17,I,593,1,72,61,167.805,168.056
par17,I,594,1,77,1,168.064,168.152
par17,I,595,1,76,49,168.064,168.192
par17,I,596,1,72,57,170.12,170.354
par17,I,597,1,74,52,170.428,170.659
par17,I,598,1,76,45,170.694,171.348
par17,I,599,1,77,37,171.081,171.784
par17,I,600,1,79,18,171.68,171.907
par17,I,601,1,74,49,172.59,172.862
par17,I,602,1,72,56,172.347,172.975
par17,I,603,1,76,33,172.644,173.024
par17,I,604,1,77,68,172.855,173.076
par17,I,605,1,72,54,173.578,173.957
par17,I,606,1,74,33,173.856,174.034
par17,I,607,1,76,39,173.936,174.361
par17,I,608,1,72,47,174.96,175.261
par17,I,609,1,74,55,175.243,175.427
par17,I,610,1,76,42,175.511,176.196
par17,I,611,1,77,46,176.065,176.229
par17,I,612,1,79,53,176.508,176.892
par17,I,613,1,77,62,176.848,177.07
par17,I,614,1,76,46,177.019,177.254
par17,I,615,1,74,65,177.23,177.452
par17,I,616,1,72,58,177.399,177.883
par17,I,617,1,74,57,177.824,177.993
par17,I,618,1,76,37,177.967,178.282
par17,I,619,1,77,58,178.197,178.664
par17,I,620,1,79,32,178.525,179.067
par17,I,621,1,77,61,178.974,179.148
par17,I,622,1,76,42,179.087,179.371
par17,I,623,1,74,58,179.321,179.589
par17,I,624,1,72,56,179.525,179.91
par17,I,625,1,74,58,179.92,180.063
par17,I,626,1,76,52,180.025,180.375
par17,I,627,1,77,57,180.282,180.559
par17,I,628,1,79,46,180.5,180.93
par17,I,629,1,77,45,180.84,181.061
par17,I,630,1,76,50,181.014,181.304
par17,I,631,1,74,49,181.265,181.479
par17,I,632,1,72,51,181.466,181.925
par17,I,633,1,74,44,181.875,182.066
par17,I,634,1,76,40,182.018,182.381
par17,I,635,1,77,57,182.286,182.65
par17,I,636,1,77,13,182.964,183.286
par17,I,637,1,79,45,182.589,183.488
par17,I,638,1,72,60,184.026,184.27
par17,I,639,1,74,55,184.254,184.435
par17,I,640,1,76,59,184.432,184.866
par17,I,641,1,77,43,184.638,184.928
par17,I,642,1,72,58,185.288,185.497
par17,I,643,1,74,54,185.542,185.727
par17,I,644,1,76,58,185.738,185.986
par17,I,645,1,77,59,185.973,186.253
par17,I,646,1,79,56,186.244,186.545
par17,I,647,1,77,65,186.531,186.662
par17,I,648,1,76,43,186.682,186.888
par17,I,649,1,74,63,186.892,187.12
par17,I,650,1,72,40,187.144,187.463
par17,I,651,1,74,52,187.484,187.659
par17,I,652,1,76,63,187.656,187.904
par17,I,653,1,77,66,187.888,188.104
par17,I,654,1,79,42,188.032,188.428
par17,I,655,1,77,60,188.367,188.548
par17,I,656,1,76,46,188.513,188.738
par17,I,657,1,74,52,188.715,188.951
par17,I,658,1,72,47,188.941,189.404
par17,I,659,1,74,49,189.353,189.518
par17,I,660,1,76,63,189.502,189.771
par17,I,661,1,77,60,189.73,190.072
par17,I,662,1,77,55,190.403,190.594
par17,I,663,1,79,41,190.012,190.645
par17,I,664,1,76,61,190.556,190.824
par17,I,665,1,74,58,190.796,191.006
par17,I,666,1,72,67,190.995,191.331
par17,I,667,1,74,58,191.378,191.517
par17,I,668,1,76,70,191.521,191.894
par17,I,669,1,77,51,191.755,192.13
par17,I,670,1,79,56,192.071,192.483
par17,I,671,1,77,40,192.406,192.566
par17,I,672,1,76,55,192.466,192.75
par17,I,673,1,74,47,192.735,192.964
par17,I,674,1,72,58,192.963,193.335
par17,I,675,1,79,60,193.282,193.621
par17,I,676,1,77,49,193.556,193.698
par17,I,677,1,76,50,193.662,193.885
par17,I,678,1,74,54,193.879,194.094
par17,I,679,1,72,58,194.078,194.279
par18,S,0,0,72,58,3.737,4.016
par18,S,1,0,74,54,4.305,4.574
par18,S,2,0,76,50,4.868,5.109
par18,S,3,0,77,44,5.474,5.695
par18,S,4,0,79,55,6.13,6.396
par18,S,5,0,72,57,7.352,7.593
par18,S,6,0,74,57,7.877,8.095
par18,S,7,0,76,54,8.47,8.684
par18,S,8,0,77,46,9.031,9.223
par18,S,9,0,79,51,9.632,9.891
par18,S,10,0,72,53,10.995,11.222
par18,S,11,0,74,48,11.565,11.781
par18,S,12,0,76,53,12.164,12.374
par18,S,13,0,77,52,12.753,12.975
par18,S,14,0,79,57,13.378,13.652
par18,S,15,0,72,51,14.628,14.87
par18,S,16,0,74,49,15.206,15.407
par18,S,17,0,76,48,15.769,15.946
par18,S,18,0,77,46,16.345,16.546
par18,S,19,0,79,43,16.921,17.164
par18,S,20,0,79,67,20.486,20.701
par18,S,21,0,77,45,21.002,21.216
par18,S,22,0,79,55,23.237,23.468
par18,S,23,0,77,35,23.74,23.96
par18,S,24,0,76,45,24.317,24.441
par18,S,25,0,72,57,24.997,25.216
par18,S,26,0,79,49,28.001,28.236
par18,S,27,0,77,47,28.569,28.805
par18,S,28,0,76,47,29.164,29.363
par18,S,29,0,74,46,29.74,29.934
par18,S,30,0,72,59,30.289,30.521
par18,S,31,0,79,36,32.823,33.058
par18,S,32,0,77,51,33.413,33.64
par18,S,33,0,76,53,34.016,34.219
par18,S,34,0,74,44,34.548,34.735
par18,S,35,0,72,70,35.126,35.592
par18,S,36,0,79,50,37.717,37.951
par18,S,37,0,77,46,38.312,38.535
par18,S,38,0,76,56,38.901,39.087
par18,S,39,0,74,43,39.424,39.63
par18,S,40,0,72,56,40.034,40.503
par18,S,41,0,79,52,42.474,42.716
par18,S,42,0,77,47,43.116,43.328
par18,S,43,0,76,41,43.691,43.903
par18,S,44,0,74,54,44.235,44.426
par18,S,45,0,72,61,44.813,45.329
par18,S,46,0,76,62,50.003,50.224
par18,S,47,0,77,52,50.526,50.747
par18,S,48,0,79,52,51.109,51.313
par18,S,49,0,72,51,51.7,52.015
par18,S,50,0,74,52,54.797,55.042
par18,S,51,0,76,52,55.34,55.539
par18,S,52,0,77,48,55.971,56.201
par18,S,53,0,74,54,59.612,59.846
par18,S,54,0,76,58,60.173,60.39
par18,S,55,0,77,53,60.725,60.928
par18,S,56,0,79,56,61.271,61.477
par18,S,57,0,72,53,62.073,62.404
par18,S,58,0,74,49,63.275,63.513
par18,S,59,0,76,50,63.856,64.067
par18,S,60,0,77,42,64.422,64.625
par18,S,61,0,79,57,65.063,65.264
par18,S,62,0,72,44,65.633,66.055
par18,S,63,0,74,54,66.879,67.105
par18,S,64,0,76,43,67.444,67.658
par18,S,65,0,77,53,68.032,68.228
par18,S,66,0,79,54,68.605,68.807
par18,S,67,0,72,67,69.226,69.752
par18,S,68,0,77,62,74.273,74.495
par18,S,69,0,76,54,74.807,75.056
par18,S,70,0,74,50,75.406,75.6
par18,S,71,0,72,55,75.965,76.219
par18,S,72,0,79,47,76.651,77.358
par18,S,73,0,77,52,77.915,78.137
par18,S,74,0,76,52,78.462,78.675
par18,S,75,0,74,48,79.038,79.247
par18,S,76,0,72,52,79.594,79.806
par18,S,77,0,79,63,80.251,80.85
par18,S,78,0,77,61,81.527,81.751
par18,S,79,0,76,55,82.161,82.349
par18,S,80,0,74,52,82.683,82.898
par18,S,81,0,72,54,83.28,83.5
par18,S,82,0,79,52,83.902,84.494
par18,S,83,0,77,55,85.186,85.408
par18,S,84,0,76,55,85.737,85.965
par18,S,85,0,74,48,86.319,86.51
par18,S,86,0,72,42,86.935,87.163
par18,S,87,0,79,59,87.618,88.316
par18,S,88,0,77,63,88.828,89.04
par18,S,89,0,76,48,89.395,89.597
par18,S,90,0,74,48,89.973,90.172
par18,S,91,0,72,49,90.6,90.8
par18,S,92,0,79,63,91.213,91.792
par18,S,93,0,76,51,96.16,96.39
par18,S,94,0,77,55,96.732,96.922
par18,S,95,0,79,48,97.327,97.537
par18,S,96,0,74,49,97.908,98.08
par18,S,97,0,72,56,98.503,99.133
par18,S,98,0,76,54,99.796,100.004
par18,S,99,0,77,48,100.337,100.526
par18,S,100,0,79,42,100.934,101.153
par18,S,101,0,74,46,101.48,101.69
par18,S,102,0,72,62,102.132,102.608
par18,S,103,0,76,58,103.436,103.659
par18,S,104,0,77,54,104.034,104.242
par18,S,105,0,79,55,104.598,104.822
par18,S,106,0,74,52,105.157,105.361
par18,S,107,0,72,62,105.797,106.408
par18,S,108,0,76,59,107.11,107.358
par18,S,109,0,77,57,107.697,107.913
par18,S,110,0,79,52,108.261,108.473
par18,S,111,0,74,58,108.857,109.06
par18,S,112,0,72,53,109.452,110.251
par18,S,113,0,76,54,113.159,113.387
par18,S,114,0,74,56,113.818,114.004
par18,S,115,0,72,50,114.282,114.508
par18,S,116,0,77,51,114.877,115.055
par18,S,117,0,79,62,115.444,116.056
par18,S,118,0,76,52,116.808,117.014
par18,S,119,0,74,42,117.354,117.578
par18,S,120,0,72,61,117.949,118.176
par18,S,121,0,77,60,118.522,118.73
par18,S,122,0,79,63,119.072,119.725
par18,S,123,0,76,57,120.389,120.672
par18,S,124,0,74,60,120.939,121.167
par18,S,125,0,72,61,121.499,121.753
par18,S,126,0,77,53,122.102,122.365
par18,S,127,0,79,63,122.67,123.354
par18,S,128,0,76,52,124.125,124.341
par18,S,129,0,74,61,124.644,124.926
par18,S,130,0,72,56,125.211,125.442
par18,S,131,0,77,57,125.808,126.04
par18,S,132,0,79,57,126.389,127.092
par18,S,133,0,76,54,127.714,127.953
par18,S,134,0,74,55,128.284,128.494
par18,S,135,0,72,63,128.849,129.074
par18,S,136,0,77,54,129.399,129.623
par18,S,137,0,79,64,130.193,130.986
par18,S,138,0,77,62,135.06,135.297
par18,S,139,0,79,56,135.642,135.889
par18,S,140,0,76,52,136.201,136.404
par18,S,141,0,74,47,136.718,136.92
par18,S,142,0,72,54,137.361,138.113
par18,S,143,0,77,54,138.663,138.918
par18,S,144,0,79,58,139.239,139.47
par18,S,145,0,76,50,139.817,140.047
par18,S,146,0,74,54,140.419,140.619
par18,S,147,0,72,60,141.031,141.742
par18,S,148,0,77,59,142.265,142.534
par18,S,149,0,79,52,142.854,143.081
par18,S,150,0,76,44,143.464,143.667
par18,S,151,0,74,38,144.037,144.248
par18,S,152,0,72,61,144.682,145.443
par18,S,153,0,77,61,145.934,146.178
par18,S,154,0,79,53,146.503,146.73
par18,S,155,0,77,48,147.118,147.279
par18,S,156,0,77,67,148.711,148.97
par18,S,157,0,79,56,149.267,149.51
par18,S,158,0,76,56,150.261,150.512
par18,S,159,0,74,49,150.78,150.968
par18,S,160,0,72,56,151.311,152.209
par18,S,161,0,74,57,154.487,154.736
par18,S,162,0,72,47,155.054,155.298
par18,S,163,0,76,52,155.641,155.864
par18,S,164,0,77,54,156.223,156.421
par18,S,165,0,79,61,156.84,157.608
par18,S,166,0,74,52,158.233,158.473
par18,S,167,0,72,49,158.712,158.97
par18,S,168,0,76,36,159.27,159.503
par18,S,169,0,77,59,159.856,160.082
par18,S,170,0,79,46,160.493,161.137
par18,S,171,0,74,64,161.716,161.958
par18,S,172,0,72,57,162.261,162.497
par18,S,173,0,76,57,162.888,163.14
par18,S,174,0,77,48,163.44,163.674
par18,S,175,0,79,48,163.985,164.637
par18,S,176,0,74,55,165.346,165.567
par18,S,177,0,72,66,165.9,166.142
par18,S,178,0,76,53,166.468,166.697
par18,S,179,0,77,48,167.035,167.27
par18,S,180,0,79,64,167.619,168.715
par18,S,181,0,72,58,176.394,176.694
par18,S,182,0,74,58,176.941,177.207
par18,S,183,0,76,52,177.484,177.791
par18,S,184,0,77,58,178.083,178.356
par18,S,185,0,79,44,178.717,179.461
par18,S,186,0,72,56,179.995,180.326
par18,S,187,0,72,68,184.484,184.713
par18,S,188,0,74,52,184.99,185.189
par18,S,189,0,76,60,185.469,185.677
par18,S,190,0,77,54,185.963,186.181
par18,S,191,0,79,18,186.537,186.876
par18,S,192,0,72,61,188.481,188.755
par18,S,193,0,74,57,189.085,189.32
par18,S,194,0,76,47,189.616,189.866
par18,S,195,0,77,61,190.24,190.456
par18,S,196,0,79,53,190.842,191.458
par18,S,197,0,72,63,192.147,192.46
par18,S,198,0,74,56,192.722,192.973
par18,S,199,0,76,33,193.324,193.578
par18,S,200,0,77,51,193.957,194.176
par18,S,0,1,72,61,2.501,2.809
par18,S,1,1,74,43,3.04,3.336
par18,S,2,1,76,52,3.621,3.862
par18,S,3,1,77,52,4.229,4.449
par18,S,4,1,79,61,4.855,5.467
par18,S,5,1,72,63,6.137,6.413
par18,S,6,1,74,59,6.683,6.972
par18,S,7,1,76,50,7.249,7.519
par18,S,8,1,77,46,7.904,8.155
par18,S,9,1,79,54,8.499,9.036
par18,S,10,1,72,65,9.765,10.034
par18,S,11,1,74,52,10.331,10.615
par18,S,12,1,76,51,10.921,11.169
par18,S,13,1,77,55,11.501,11.728
par18,S,14,1,79,50,12.078,12.74
par18,S,15,1,72,51,13.4,13.697
par18,S,16,1,74,55,13.98,14.24
par18,S,17,1,76,41,14.556,14.791
par18,S,18,1,77,59,15.168,15.39
par18,S,19,1,79,64,15.847,16.43
par18,S,20,1,79,51,17.075,17.373
par18,S,21,1,77,46,17.67,17.917
par18,S,22,1,76,54,18.247,18.5
par18,S,23,1,74,60,18.822,19.04
par18,S,24,1,72,66,19.432,20.113
par18,S,25,1,79,58,20.694,20.936
par18,S,26,1,77,54,21.275,21.596
par18,S,27,1,76,51,21.866,22.092
par18,S,28,1,74,56,22.39,22.586
par18,S,29,1,72,60,22.987,23.677
par18,S,30,1,77,22,24.548,24.627
par18,S,31,1,79,18,24.437,24.792
par18,S,32,1,77,27,25.276,25.383
par18,S,33,1,79,77,25.909,26.32
par18,S,34,1,79,73,26.846,27.117
par18,S,35,1,77,61,27.363,27.598
par18,S,36,1,76,57,27.941,28.161
par18,S,37,1,74,53,28.48,28.71
par18,S,38,1,72,63,29.162,29.818
par18,S,39,1,79,62,30.509,30.777
par18,S,40,1,77,59,31.084,31.317
par18,S,41,1,76,49,31.647,31.855
par18,S,42,1,74,59,32.22,32.447
par18,S,43,1,72,63,32.845,33.501
par18,S,44,1,74,60,34.155,34.442
par18,S,45,1,76,56,34.699,34.951
par18,S,46,1,77,57,35.271,35.506
par18,S,47,1,79,62,35.879,36.118
par18,S,48,1,72,59,36.465,37.257
par18,S,49,1,74,62,37.776,38.033
par18,S,50,1,76,52,38.342,38.58
par18,S,51,1,77,58,38.916,39.14
par18,S,52,1,79,57,39.505,39.748
par18,S,53,1,72,59,40.093,40.785
par18,S,54,1,74,67,41.432,41.674
par18,S,55,1,76,54,41.978,42.199
par18,S,56,1,77,62,42.535,42.763
par18,S,57,1,79,59,43.129,43.391
par18,S,58,1,72,64,43.772,44.621
par18,S,59,1,74,57,45.039,45.288
par18,S,60,1,76,36,45.665,45.862
par18,S,61,1,77,50,46.189,46.421
par18,S,62,1,79,59,46.793,47.071
par18,S,63,1,72,58,47.398,48.062
par18,S,64,1,77,49,48.818,49.069
par18,S,65,1,76,58,49.309,49.558
par18,S,66,1,74,56,49.852,50.075
par18,S,67,1,72,47,50.398,50.655
par18,S,68,1,79,62,50.994,51.785
par18,S,69,1,77,60,52.346,52.581
par18,S,70,1,76,52,52.883,53.178
par18,S,71,1,74,48,53.491,53.759
par18,S,72,1,72,61,54.114,54.366
par18,S,73,1,79,59,54.666,55.356
par18,S,74,1,77,60,55.895,56.301
par18,S,75,1,76,56,56.534,56.829
par18,S,76,1,74,52,57.131,57.371
par18,S,77,1,72,56,57.727,57.953
par18,S,78,1,79,61,58.317,58.982
par18,S,79,1,77,51,59.601,59.833
par18,S,80,1,76,53,60.165,60.4
par18,S,81,1,74,46,60.727,60.976
par18,S,82,1,72,62,61.338,61.57
par18,S,83,1,79,58,61.895,62.482
par18,S,84,1,76,61,63.338,63.614
par18,S,85,1,77,37,63.856,64.124
par18,S,86,1,79,53,64.411,64.623
par18,S,87,1,74,59,64.964,65.186
par18,S,88,1,72,52,65.574,66.271
par18,S,89,1,76,49,66.823,67.103
par18,S,90,1,77,58,67.542,67.827
par18,S,91,1,79,56,68.118,68.362
par18,S,92,1,74,51,68.655,68.904
par18,S,93,1,72,55,69.265,69.976
par18,S,94,1,76,50,70.535,70.823
par18,S,95,1,77,41,71.125,71.478
par18,S,96,1,79,51,71.753,72.039
par18,S,97,1,74,40,72.292,72.664
par18,S,98,1,72,60,72.977,73.574
par18,S,99,1,76,58,74.229,74.461
par18,S,100,1,77,58,74.805,75.027
par18,S,101,1,79,49,75.352,75.692
par18,S,102,1,74,55,75.954,76.288
par18,S,103,1,72,53,76.62,77.393
par18,S,104,1,76,56,77.858,78.134
par18,S,105,1,74,46,78.435,78.682
par18,S,106,1,72,52,79.036,79.275
par18,S,107,1,77,59,79.599,79.855
par18,S,108,1,79,54,80.194,80.878
par18,S,109,1,76,58,81.473,81.724
par18,S,110,1,74,50,82.045,82.294
par18,S,111,1,72,54,82.609,82.875
par18,S,112,1,77,53,83.243,83.463
par18,S,113,1,79,64,83.812,84.502
par18,S,114,1,76,52,85.02,85.227
par18,S,115,1,74,46,85.703,85.908
par18,S,116,1,72,42,86.304,86.541
par18,S,117,1,77,51,86.874,87.116
par18,S,118,1,79,56,87.542,88.275
par18,S,119,1,76,55,88.823,89.057
par18,S,120,1,74,48,89.389,89.651
par18,S,121,1,72,51,89.956,90.263
par18,S,122,1,77,52,90.56,90.77
par18,S,123,1,79,53,91.118,91.763
par18,S,124,1,77,51,92.36,92.672
par18,S,125,1,79,46,93.084,93.316
par18,S,126,1,76,1,93.771,94.044
par18,S,127,1,74,46,94.28,94.511
par18,S,128,1,72,44,94.827,95.441
par18,S,129,1,77,52,96.073,96.316
par18,S,130,1,79,46,96.714,96.958
par18,S,131,1,76,39,97.315,97.536
par18,S,132,1,74,51,97.872,98.106
par18,S,133,1,72,57,98.469,99.201
par18,S,134,1,77,57,99.675,99.927
par18,S,135,1,79,46,100.275,100.51
par18,S,136,1,76,49,100.843,101.059
par18,S,137,1,74,51,101.438,101.656
par18,S,138,1,72,48,102.098,102.852
par18,S,139,1,77,42,103.35,103.6
par18,S,140,1,79,53,103.914,104.16
par18,S,141,1,76,50,104.504,104.749
par18,S,142,1,74,51,105.122,105.333
par18,S,143,1,72,55,105.719,106.426
par18,S,144,1,74,59,107.045,107.302
par18,S,145,1,72,48,107.643,107.933
par18,S,146,1,76,44,108.199,108.447
par18,S,147,1,77,51,108.759,109.001
par18,S,148,1,79,52,109.387,109.926
par18,S,149,1,74,56,110.678,110.898
par18,S,150,1,72,48,111.211,111.463
par18,S,151,1,76,32,111.791,112.049
par18,S,152,1,77,50,112.416,112.655
par18,S,153,1,79,51,113.014,113.622
par18,S,154,1,74,61,114.255,114.484
par18,S,155,1,72,53,114.861,115.083
par18,S,156,1,76,55,115.453,115.678
par18,S,157,1,77,53,116.075,116.307
par18,S,158,1,79,49,116.685,117.422
par18,S,159,1,74,54,117.983,118.204
par18,S,160,1,72,57,118.494,118.736
par18,S,161,1,76,45,119.115,119.355
par18,S,162,1,77,47,119.711,119.959
par18,S,163,1,79,56,120.336,120.88
par18,S,164,1,72,59,121.581,121.833
par18,S,165,1,74,49,122.182,122.502
par18,S,166,1,76,40,122.816,123.061
par18,S,167,1,77,47,123.371,123.586
par18,S,168,1,79,47,123.966,124.471
par18,S,169,1,72,53,125.259,125.505
par18,S,170,1,74,39,125.901,126.135
par18,S,171,1,76,28,126.478,126.712
par18,S,172,1,77,54,127.051,127.27
par18,S,173,1,79,39,127.616,128.209
par18,S,174,1,72,55,128.806,129.102
par18,S,175,1,74,45,129.514,129.733
par18,S,176,1,76,44,130.077,130.309
par18,S,177,1,77,46,130.655,130.854
par18,S,178,1,79,44,131.255,131.814
par18,S,179,1,72,55,132.522,132.802
par18,S,180,1,74,52,133.111,133.463
par18,S,181,1,76,36,133.667,133.992
par18,S,182,1,77,46,134.334,134.612
par18,S,183,1,79,45,134.968,135.673
par18,S,184,1,79,49,136.181,136.447
par18,S,185,1,77,51,136.732,137.015
par18,S,186,1,76,36,137.361,137.624
par18,S,187,1,74,48,137.941,138.159
par18,S,188,1,72,54,138.575,139.463
par18,S,189,1,79,52,139.819,140.092
par18,S,190,1,77,47,140.422,140.747
par18,S,191,1,76,41,141.027,141.289
par18,S,192,1,74,46,141.614,141.848
par18,S,193,1,72,45,142.228,143.138
par18,S,194,1,79,44,143.472,143.768
par18,S,195,1,77,49,144.062,144.331
par18,S,196,1,76,45,144.662,144.928
par18,S,197,1,74,39,145.269,145.486
par18,S,198,1,72,50,145.877,146.518
par18,S,199,1,79,35,147.105,147.41
par18,S,200,1,77,35,147.712,147.972
par18,S,201,1,76,48,148.285,148.544
par18,S,202,1,74,45,148.924,149.162
par18,S,203,1,72,46,149.506,150.196
par18,S,204,1,74,49,150.83,151.143
par18,S,205,1,76,44,151.395,151.654
par18,S,206,1,77,48,151.977,152.241
par18,S,207,1,79,47,152.57,152.852
par18,S,208,1,72,50,153.186,153.917
par18,S,209,1,74,50,154.484,154.737
par18,S,210,1,76,23,155.08,155.332
par18,S,211,1,77,42,155.647,155.902
par18,S,212,1,79,34,156.217,156.479
par18,S,213,1,72,48,156.806,157.552
par18,S,214,1,74,52,158.061,158.292
par18,S,215,1,76,40,158.625,158.879
par18,S,216,1,77,48,159.22,159.573
par18,S,217,1,79,40,159.793,160.055
par18,S,218,1,72,50,160.427,161.111
par18,S,219,1,74,56,161.735,161.996
par18,S,220,1,76,47,162.302,162.558
par18,S,221,1,77,58,162.856,163.127
par18,S,222,1,79,50,163.447,163.76
par18,S,223,1,72,47,164.1,164.811
par18,S,224,1,77,52,165.373,165.667
par18,S,225,1,76,50,165.949,166.204
par18,S,226,1,74,53,166.552,166.799
par18,S,227,1,72,54,167.097,167.411
par18,S,228,1,79,60,167.723,168.351
par18,S,229,1,77,34,169.038,169.302
par18,S,230,1,76,58,169.593,169.894
par18,S,231,1,74,50,170.214,170.45
par18,S,232,1,72,52,170.778,171.008
par18,S,233,1,79,51,171.357,171.925
par18,S,234,1,77,51,172.507,172.736
par18,S,235,1,76,37,173.333,173.56
par18,S,236,1,74,51,173.89,174.081
par18,S,237,1,72,47,174.444,174.657
par18,S,238,1,79,58,174.959,175.513
par18,S,239,1,77,47,176.282,176.55
par18,S,240,1,76,51,176.858,177.083
par18,S,241,1,74,52,177.43,177.64
par18,S,242,1,72,44,178.004,178.243
par18,S,243,1,79,48,178.578,179.098
par18,S,244,1,76,41,179.897,180.187
par18,S,245,1,77,29,180.48,180.765
par18,S,246,1,79,55,181.103,181.333
par18,S,247,1,74,46,181.671,181.868
par18,S,248,1,72,38,182.313,182.867
par18,S,249,1,76,48,183.55,183.801
par18,S,250,1,77,50,184.127,184.366
par18,S,251,1,79,47,184.726,184.97
par18,S,252,1,74,48,185.275,185.497
par18,S,253,1,72,46,185.997,186.704
par18,S,254,1,76,49,187.288,187.52
par18,S,255,1,77,43,187.868,188.113
par18,S,256,1,79,43,188.441,188.694
par18,S,257,1,74,51,189.007,189.241
par18,S,258,1,72,54,189.674,190.421
par18,S,259,1,76,52,190.924,191.182
par18,S,260,1,77,49,191.512,191.778
par18,S,261,1,79,37,192.11,192.412
par18,S,262,1,74,45,192.714,192.99
par18,S,263,1,72,40,193.313,193.88
par19,I,0,0,72,45,2.486,4.045
par19,I,1,0,76,54,2.484,4.147
par19,I,2,0,72,51,6.725,7.461
par19,I,3,0,74,56,7.033,7.702
par19,I,4,0,76,62,7.344,8.564
par19,I,5,0,77,50,8.262,8.627
par19,I,6,0,79,51,8.551,9.557
par19,I,7,0,77,57,9.434,10.219
par19,I,8,0,76,65,9.731,10.437
par19,I,9,0,74,61,10.352,11.568
par19,I,10,0,72,26,11.573,12.139
par19,I,11,0,74,48,12.114,12.901
par19,I,12,0,76,57,12.776,14.588
par19,I,13,0,77,57,14.629,15.633
par19,I,14,0,76,58,15.493,15.837
par19,I,15,0,74,66,15.809,16.68
par19,I,16,0,72,42,16.696,17.128
par19,I,17,0,74,62,17.001,17.368
par19,I,18,0,76,50,17.299,17.689
par19,I,19,0,74,64,17.601,17.942
par19,I,20,0,72,51,17.917,18.088
par19,I,21,0,72,45,18.216,19.396
par19,I,22,0,76,70,19.485,20.661
par19,I,23,0,77,74,20.369,20.696
par19,I,24,0,79,53,20.695,21.612
par19,I,25,0,77,66,21.598,21.903
par19,I,26,0,79,60,21.885,22.562
par19,I,27,0,77,68,22.47,23.078
par19,I,28,0,76,59,23.125,24.394
par19,I,29,0,74,63,24.364,25.209
par19,I,30,0,72,51,25.226,25.505
par19,I,31,0,74,64,25.518,25.847
par19,I,32,0,76,60,25.794,26.142
par19,I,33,0,74,47,26.104,26.423
par19,I,34,0,72,20,26.441,26.616
par19,I,35,0,72,65,26.732,29.125
par19,I,36,0,74,76,29.174,30.141
par19,I,37,0,76,60,30.122,30.446
par19,I,38,0,77,74,30.392,31.212
par19,I,39,0,74,52,31.298,31.672
par19,I,40,0,76,65,31.596,32.237
par19,I,41,0,77,55,32.217,32.79
par19,I,42,0,79,64,32.806,33.819
par19,I,43,0,79,68,34.028,35.278
par19,I,44,0,77,65,34.925,35.394
par19,I,45,0,76,67,35.242,35.67
par19,I,46,0,74,58,35.557,35.852
par19,I,47,0,72,55,35.865,36.043
par19,I,48,0,74,56,36.171,36.463
par19,I,49,0,72,60,36.447,38.329
par19,I,50,0,74,61,38.319,38.95
par19,I,51,0,76,75,38.896,40.069
par19,I,52,0,77,70,39.778,40.105
par19,I,53,0,79,64,40.086,40.986
par19,I,54,0,77,61,40.979,41.261
par19,I,55,0,79,70,41.254,41.896
par19,I,56,0,76,60,41.91,42.528
par19,I,57,0,79,58,42.532,43.488
par19,I,58,0,77,66,43.403,43.776
par19,I,59,0,76,69,43.729,44.621
par19,I,60,0,74,60,44.62,44.94
par19,I,61,0,72,69,44.927,45.251
par19,I,62,0,74,54,45.199,45.505
par19,I,63,0,76,60,45.497,45.848
par19,I,64,0,74,71,45.811,46.113
par19,I,65,0,72,74,46.118,48.55
par19,I,66,0,74,68,48.567,49.869
par19,I,67,0,76,68,49.787,51.079
par19,I,68,0,77,70,51.01,52.865
par19,I,69,0,76,61,52.896,53.234
par19,I,70,0,77,74,53.171,53.498
par19,I,71,0,79,65,53.505,54.465
par19,I,72,0,77,72,54.362,54.748
par19,I,73,0,76,62,54.69,55.234
par19,I,74,0,74,58,55.25,55.538
par19,I,75,0,76,58,55.544,55.839
par19,I,76,0,74,61,55.856,56.472
par19,I,77,0,72,50,56.464,56.848
par19,I,78,0,72,67,57.101,58.267
par19,I,79,0,74,65,58.322,59.282
par19,I,80,0,76,70,59.215,59.569
par19,I,81,0,77,66,59.521,60.407
par19,I,82,0,76,58,60.429,60.726
par19,I,83,0,77,69,60.707,61.326
par19,I,84,0,79,64,61.329,61.762
par19,I,85,0,79,54,61.949,63.287
par19,I,86,0,77,68,63.222,64.171
par19,I,87,0,76,64,64.094,64.416
par19,I,88,0,74,57,64.418,64.616
par19,I,89,0,76,65,64.677,64.99
par19,I,90,0,74,62,65.003,65.352
par19,I,91,0,76,60,65.298,65.478
par19,I,92,0,74,7,65.494,65.6
par19,I,93,0,72,63,65.635,67.235
par19,I,94,0,72,52,67.44,67.749
par19,I,95,0,74,66,67.758,68.095
par19,I,96,0,76,72,68.068,68.915
par19,I,97,0,74,55,68.952,69.288
par19,I,98,0,76,66,69.25,70.215
par19,I,99,0,74,54,70.216,70.49
par19,I,100,0,76,57,70.493,71.099
par19,I,101,0,72,58,71.105,71.69
par19,I,102,0,76,64,71.693,72.909
par19,I,103,0,77,57,72.93,73.811
par19,I,104,0,79,20,73.826,73.932
par19,I,105,0,77,68,74.104,74.407
par19,I,106,0,76,66,74.415,74.734
par19,I,107,0,74,46,74.715,75.034
par19,I,108,0,72,65,75.021,75.278
par19,I,109,0,76,42,75.359,75.602
par19,I,110,0,74,44,75.359,76.885
par19,I,111,0,72,66,77.169,77.694
par19,I,112,0,76,67,77.459,78.059
par19,I,113,0,77,75,77.821,78.644
par19,I,114,0,79,58,78.658,78.848
par19,I,115,0,79,60,78.954,79.756
par19,I,116,0,77,65,79.835,80.212
par19,I,117,0,76,57,80.158,80.462
par19,I,118,0,74,46,80.458,80.752
par19,I,119,0,76,56,80.76,81.056
par19,I,120,0,77,64,81.041,81.392
par19,I,121,0,76,59,81.361,81.992
par19,I,122,0,74,54,81.977,82.556
par19,I,123,0,72,73,82.587,83.826
par19,I,124,0,74,65,83.813,84.999
par19,I,125,0,76,58,85.04,85.622
par19,I,126,0,72,58,85.66,85.964
par19,I,127,0,72,70,86.234,87.319
par19,I,128,0,77,67,87.482,88.306
par19,I,129,0,79,54,88.375,88.791
par19,I,130,0,77,61,88.717,89.08
par19,I,131,0,76,51,89.024,89.344
par19,I,132,0,74,58,89.335,89.648
par19,I,133,0,72,55,89.648,89.955
par19,I,134,0,74,58,89.998,90.574
par19,I,135,0,72,59,90.577,91.129
par19,I,136,0,76,60,91.173,92.13
par19,I,137,0,74,55,92.369,93.225
par19,I,138,0,76,57,93.241,93.553
par19,I,139,0,77,66,93.539,93.842
par19,I,140,0,79,52,93.849,94.131
par19,I,141,0,77,68,94.171,94.435
par19,I,142,0,76,69,94.451,94.979
par19,I,143,0,74,58,94.783,95.423
par19,I,144,0,72,49,95.376,95.74
par19,I,145,0,72,49,96.016,97.034
par19,I,146,0,72,49,97.237,98.135
par19,I,147,0,74,58,98.139,98.455
par19,I,148,0,76,64,98.433,99.249
par19,I,149,0,74,53,99.309,99.61
par19,I,150,0,76,54,99.641,100.29
par19,I,151,0,77,67,100.201,100.775
par19,I,152,0,79,57,100.86,102.129
par19,I,153,0,77,62,102.104,103.009
par19,I,154,0,76,75,103.006,103.337
par19,I,155,0,74,58,103.31,103.544
par19,I,156,0,72,48,103.57,103.834
par19,I,157,0,74,64,103.872,104.13
par19,I,158,0,76,54,104.158,104.48
par19,I,159,0,72,66,104.488,105.824
par19,I,160,0,74,47,106.347,106.702
par19,I,161,0,76,66,106.646,106.967
par19,I,162,0,77,74,106.95,107.535
par19,I,163,0,79,33,107.579,108.055
par19,I,164,0,79,45,108.218,109.15
par19,I,165,0,77,66,109.078,109.313
par19,I,166,0,76,62,109.376,109.621
par19,I,167,0,77,49,109.661,109.996
par19,I,168,0,76,70,109.981,110.221
par19,I,169,0,79,50,110.294,110.451
par19,I,170,0,79,58,110.626,111.669
par19,I,171,0,77,72,111.794,112.594
par19,I,172,0,76,53,112.671,112.966
par19,I,173,0,74,58,113.004,113.294
par19,I,174,0,76,46,113.353,113.721
par19,I,175,0,77,5,113.758,114.045
par19,I,176,0,76,56,114.129,114.421
par19,I,177,0,74,56,114.406,114.933
par19,I,178,0,72,41,114.885,115.304
par19,I,179,0,72,60,115.485,116.305
par19,I,180,0,72,51,116.618,117.039
par19,I,181,0,74,49,116.918,117.259
par19,I,182,0,76,62,117.208,117.818
par19,I,183,0,77,63,117.493,117.872
par19,I,184,0,79,62,117.826,118.841
par19,I,185,0,72,48,119.077,119.511
par19,I,186,0,74,50,119.378,119.697
par19,I,187,0,76,54,119.64,120.161
par19,I,188,0,77,51,119.966,120.281
par19,I,189,0,79,51,120.282,121.25
par19,I,190,0,79,64,121.498,122.348
par19,I,191,0,77,64,122.428,122.584
par19,I,192,0,77,55,122.724,122.871
par19,I,193,0,76,69,122.994,123.176
par19,I,194,0,76,49,123.291,123.576
par19,I,195,0,74,64,123.596,123.829
par19,I,196,0,72,50,123.897,125.304
par19,I,197,0,72,55,125.755,126.07
par19,I,198,0,74,64,126.047,126.359
par19,I,199,0,76,68,126.334,127.129
par19,I,200,0,72,51,127.231,127.501
par19,I,201,0,76,61,127.534,128.098
par19,I,202,0,74,53,128.109,128.784
par19,I,203,0,76,61,128.737,129.385
par19,I,204,0,77,63,129.33,129.921
par19,I,205,0,79,60,129.971,130.984
par19,I,206,0,79,68,131.258,132.108
par19,I,207,0,77,63,132.132,132.389
par19,I,208,0,76,59,132.435,132.685
par19,I,209,0,74,60,132.721,132.98
par19,I,210,0,76,57,133.042,133.465
par19,I,211,0,77,62,133.467,133.623
par19,I,212,0,72,59,133.667,135.238
par19,I,213,0,72,53,135.478,135.798
par19,I,214,0,74,58,135.794,136.072
par19,I,215,0,76,67,136.088,136.589
par19,I,216,0,77,56,136.672,137.212
par19,I,217,0,79,63,137.282,138.292
par19,I,218,0,79,45,138.559,139.481
par19,I,219,0,76,54,139.466,139.74
par19,I,220,0,77,59,139.77,139.828
par19,I,221,0,79,36,139.836,140.721
par19,I,222,0,76,57,140.955,141.24
par19,I,223,0,77,62,141.251,141.489
par19,I,224,0,79,51,141.527,141.95
par19,I,225,0,77,59,141.837,142.197
par19,I,226,0,76,62,142.147,142.491
par19,I,227,0,74,45,142.462,142.726
par19,I,228,0,72,49,142.777,142.949
par19,I,229,0,76,60,143.046,143.347
par19,I,230,0,72,50,143.365,144.854
par19,I,231,0,74,52,145.2,145.631
par19,I,232,0,76,58,145.522,145.77
par19,I,233,0,77,64,145.773,146.708
par19,I,234,0,76,57,146.756,147.013
par19,I,235,0,77,59,147.019,147.846
par19,I,236,0,76,51,147.91,148.237
par19,I,237,0,79,38,148.274,148.827
par19,I,238,0,76,55,148.872,149.462
par19,I,239,0,79,54,149.478,150.554
par19,I,240,0,77,56,150.678,151.611
par19,I,241,0,76,62,151.58,151.852
par19,I,242,0,74,50,151.88,152.106
par19,I,243,0,76,59,152.162,152.451
par19,I,244,0,72,44,152.473,152.723
par19,I,245,0,76,62,152.762,153.052
par19,I,246,0,74,55,153.066,153.501
par19,I,247,0,72,44,153.708,154.101
par19,I,248,0,72,57,154.365,155.361
par19,I,249,0,72,52,155.616,155.922
par19,I,250,0,74,55,155.901,156.328
par19,I,251,0,76,54,156.196,156.751
par19,I,252,0,77,58,156.472,156.826
par19,I,253,0,79,59,156.784,157.903
par19,I,254,0,72,56,157.975,158.325
par19,I,255,0,74,59,158.286,158.696
par19,I,256,0,76,62,158.543,159.144
par19,I,257,0,77,63,158.837,159.167
par19,I,258,0,79,48,159.163,160.103
par19,I,259,0,74,25,160.126,160.369
par19,I,260,0,79,57,160.381,161.239
par19,I,261,0,76,47,161.256,161.557
par19,I,262,0,79,55,161.582,162.531
par19,I,263,0,76,40,162.564,162.852
par19,I,264,0,76,61,163.44,164.031
par19,I,265,0,79,53,162.84,164.479
par19,I,266,0,72,46,164.096,165.304
par19,I,267,0,72,41,165.559,165.916
par19,I,268,0,74,60,165.869,166.27
par19,I,269,0,76,60,166.136,166.603
par19,I,270,0,77,69,166.451,167.897
par19,I,271,0,72,59,168.032,168.458
par19,I,272,0,74,58,168.343,168.88
par19,I,273,0,76,55,168.635,168.975
par19,I,274,0,77,67,168.915,170.344
par19,I,275,0,72,66,170.388,170.821
par19,I,276,0,74,56,170.71,171.249
par19,I,277,0,76,60,170.997,171.319
par19,I,278,0,77,70,171.296,171.889
par19,I,279,0,74,34,172.011,172.584
par19,I,280,0,77,61,172.573,173.205
par19,I,281,0,74,51,173.224,173.803
par19,I,282,0,77,64,173.786,174.987
par19,I,283,0,74,74,175.05,175.948
par19,I,284,0,76,59,175.926,176.267
par19,I,285,0,74,59,176.255,176.502
par19,I,286,0,76,51,176.51,176.817
par19,I,287,0,74,55,176.83,177.118
par19,I,288,0,76,55,177.112,177.442
par19,I,289,0,72,61,177.441,179.048
par19,I,290,0,72,55,179.245,179.549
par19,I,291,0,74,59,179.519,179.789
par19,I,292,0,76,64,179.802,180.401
par19,I,293,0,79,56,180.416,180.808
par19,I,294,0,79,61,181.018,181.663
par19,I,295,0,72,51,181.648,181.98
par19,I,296,0,74,60,181.948,182.241
par19,I,297,0,76,60,182.277,182.822
par19,I,298,0,79,49,182.845,183.236
par19,I,299,0,79,62,183.498,184.544
par19,I,300,0,77,62,184.732,185.688
par19,I,301,0,76,53,185.622,185.938
par19,I,302,0,74,68,185.927,186.172
par19,I,303,0,72,51,186.196,186.474
par19,I,304,0,74,63,186.509,186.784
par19,I,305,0,76,56,186.813,187.144
par19,I,306,0,72,59,187.157,188.772
par19,I,307,0,74,66,189.607,190.507
par19,I,308,0,76,54,190.494,190.868
par19,I,309,0,77,64,190.814,191.602
par19,I,310,0,76,57,191.717,192.026
par19,I,311,0,77,59,192.025,192.602
par19,I,312,0,74,52,192.632,193.222
par19,I,313,0,77,65,193.252,194.414
par19,I,0,1,72,34,4.909,5.5
par19,I,1,1,74,55,5.242,5.69
par19,I,2,1,76,52,5.527,6.079
par19,I,3,1,77,65,5.829,6.201
par19,I,4,1,79,30,6.163,7.05
par19,I,5,1,76,41,7.026,7.389
par19,I,6,1,79,54,7.355,8.092
par19,I,7,1,76,44,7.941,8.559
par19,I,8,1,72,31,9.788,10.13
par19,I,9,1,79,44,8.535,10.14
par19,I,10,1,74,55,10.08,10.608
par19,I,11,1,76,54,10.342,10.687
par19,I,12,1,77,37,10.67,10.966
par19,I,13,1,79,54,10.96,11.978
par19,I,14,1,76,67,11.887,12.154
par19,I,15,1,79,48,12.163,13.332
par19,I,16,1,76,56,12.779,13.397
par19,I,17,1,72,60,13.381,14.542
par19,I,18,1,77,54,14.579,15.489
par19,I,19,1,76,55,15.51,15.788
par19,I,20,1,77,53,15.802,16.629
par19,I,21,1,76,52,16.697,17.01
par19,I,22,1,77,55,17.017,17.587
par19,I,23,1,76,53,17.612,18.236
par19,I,24,1,79,49,18.231,19.203
par19,I,25,1,79,42,19.452,20.427
par19,I,26,1,77,66,20.369,20.851
par19,I,27,1,76,59,20.693,21.025
par19,I,28,1,74,55,20.961,21.247
par19,I,29,1,72,49,21.277,21.502
par19,I,30,1,74,50,21.573,21.859
par19,I,31,1,72,52,21.859,23.86
par19,I,32,1,77,62,24.328,25.166
par19,I,33,1,79,50,25.212,25.617
par19,I,34,1,77,63,25.524,26.378
par19,I,35,1,79,52,26.412,27.013
par19,I,36,1,77,64,26.736,27.331
par19,I,37,1,76,60,27.349,27.99
par19,I,38,1,74,62,27.96,29.129
par19,I,39,1,72,53,29.16,30.085
par19,I,40,1,76,56,30.097,30.374
par19,I,41,1,74,47,30.386,30.696
par19,I,42,1,72,37,30.68,30.982
par19,I,43,1,74,59,30.983,31.263
par19,I,44,1,76,58,31.266,31.585
par19,I,45,1,72,56,31.597,33.67
par19,I,46,1,74,59,33.98,34.901
par19,I,47,1,72,44,34.901,35.183
par19,I,48,1,74,67,35.227,36.105
par19,I,49,1,72,38,36.124,36.442
par19,I,50,1,74,55,36.455,37.011
par19,I,51,1,77,62,36.988,37.605
par19,I,52,1,76,60,37.589,38.762
par19,I,53,1,72,43,38.818,39.702
par19,I,54,1,74,42,39.733,40.034
par19,I,55,1,76,49,40.046,40.339
par19,I,56,1,74,49,40.339,40.668
par19,I,57,1,72,28,40.66,40.934
par19,I,58,1,76,57,40.958,41.264
par19,I,59,1,72,48,41.278,43.654
par19,I,60,1,74,67,43.711,44.004
par19,I,61,1,76,37,43.999,44.301
par19,I,62,1,74,52,44.302,44.601
par19,I,63,1,76,45,44.584,44.882
par19,I,64,1,74,59,44.901,45.206
par19,I,65,1,76,45,45.206,45.485
par19,I,66,1,74,50,45.507,45.805
par19,I,67,1,76,43,45.823,46.117
par19,I,68,1,74,52,46.129,46.827
par19,I,69,1,76,62,46.74,47.369
par19,I,70,1,77,60,47.351,48.38
par19,I,71,1,76,57,48.591,48.852
par19,I,72,1,77,58,48.856,49.108
par19,I,73,1,76,54,49.145,49.442
par19,I,74,1,77,58,49.453,49.736
par19,I,75,1,76,57,49.742,50.073
par19,I,76,1,77,49,50.075,50.395
par19,I,77,1,76,61,50.399,50.684
par19,I,78,1,77,50,50.704,50.989
par19,I,79,1,76,62,51.002,51.555
par19,I,80,1,79,51,51.599,52.063
par19,I,81,1,79,61,52.258,53.212
par19,I,82,1,79,51,53.475,54.479
par19,I,83,1,77,56,54.419,54.704
par19,I,84,1,76,64,54.723,55.779
par19,I,85,1,77,1,55.738,56.001
par19,I,86,1,77,58,56.835,57.164
par19,I,87,1,79,55,55.992,57.169
par19,I,88,1,76,56,57.163,57.955
par19,I,89,1,77,52,58.015,58.31
par19,I,90,1,76,55,58.328,59.255
par19,I,91,1,77,53,59.272,59.579
par19,I,92,1,76,52,59.581,60.388
par19,I,93,1,76,60,60.513,60.794
par19,I,94,1,72,56,60.817,62.448
par19,I,95,1,72,42,62.619,62.881
par19,I,96,1,74,67,62.913,63.277
par19,I,97,1,76,66,63.234,63.879
par19,I,98,1,77,63,63.844,64.416
par19,I,99,1,79,51,64.453,65.039
par19,I,100,1,72,40,65.059,65.378
par19,I,101,1,74,53,65.349,65.673
par19,I,102,1,76,63,65.654,66.659
par19,I,103,1,77,57,66.223,66.817
par19,I,104,1,79,59,66.85,67.89
par19,I,105,1,79,57,68.063,69.101
par19,I,106,1,77,56,68.952,69.371
par19,I,107,1,76,51,69.279,69.583
par19,I,108,1,74,51,69.582,69.847
par19,I,109,1,72,45,69.89,70.081
par19,I,110,1,76,54,70.182,70.453
par19,I,111,1,72,42,70.48,72.144
par19,I,112,1,74,54,72.281,72.67
par19,I,113,1,76,56,72.574,72.907
par19,I,114,1,77,67,72.9,73.726
par19,I,115,1,74,47,73.819,74.098
par19,I,116,1,77,54,74.126,74.882
par19,I,117,1,74,44,75.01,75.33
par19,I,118,1,77,67,75.465,75.932
par19,I,119,1,76,53,75.959,76.503
par19,I,120,1,79,51,76.544,77.596
par19,I,121,1,79,42,77.804,78.781
par19,I,122,1,77,54,78.667,79.132
par19,I,123,1,76,55,78.993,79.395
par19,I,124,1,74,47,79.276,79.578
par19,I,125,1,72,27,79.619,79.829
par19,I,126,1,76,41,79.889,80.176
par19,I,127,1,72,38,80.177,81.916
par19,I,128,1,74,33,82.631,82.981
par19,I,129,1,76,62,82.934,83.268
par19,I,130,1,77,65,83.233,83.592
par19,I,131,1,79,52,83.544,85.022
par19,I,132,1,74,37,85.025,85.345
par19,I,133,1,76,57,85.341,85.616
par19,I,134,1,77,60,85.622,86.009
par19,I,135,1,79,55,85.983,87.09
par19,I,136,1,77,62,87.178,87.562
par19,I,137,1,76,57,87.493,87.746
par19,I,138,1,74,53,87.774,88.019
par19,I,139,1,76,49,88.073,88.399
par19,I,140,1,77,68,88.35,88.641
par19,I,141,1,79,50,88.65,89.07
par19,I,142,1,77,49,88.965,89.493
par19,I,143,1,76,53,89.287,89.621
par19,I,144,1,74,51,89.582,89.864
par19,I,145,1,72,49,89.895,90.15
par19,I,146,1,74,53,90.184,90.504
par19,I,147,1,76,42,90.51,90.861
par19,I,148,1,74,56,90.819,91.136
par19,I,149,1,72,54,91.13,92.029
par19,I,150,1,72,26,92.346,92.622
par19,I,151,1,74,51,92.64,93.176
par19,I,152,1,76,60,92.94,93.46
par19,I,153,1,77,57,93.238,93.549
par19,I,154,1,79,40,93.594,94.35
par19,I,155,1,72,37,94.756,95.05
par19,I,156,1,74,45,95.077,95.554
par19,I,157,1,76,58,95.351,95.72
par19,I,158,1,77,53,95.646,95.934
par19,I,159,1,79,49,95.948,96.866
par19,I,160,1,76,44,96.889,97.228
par19,I,161,1,79,56,97.201,98.092
par19,I,162,1,76,50,98.08,98.374
par19,I,163,1,79,52,98.375,98.875
par19,I,164,1,77,55,98.693,99.197
par19,I,165,1,76,60,99.012,99.284
par19,I,166,1,74,31,99.382,99.626
par19,I,167,1,72,49,99.617,100.93
par19,I,168,1,72,40,102.093,102.385
par19,I,169,1,74,55,102.379,102.777
par19,I,170,1,76,59,102.688,103.045
par19,I,171,1,77,52,102.994,103.245
par19,I,172,1,72,39,103.282,103.615
par19,I,173,1,74,57,103.601,104.153
par19,I,174,1,76,48,103.907,104.215
par19,I,175,1,77,58,104.196,104.508
par19,I,176,1,72,38,104.554,104.828
par19,I,177,1,74,48,104.846,105.309
par19,I,178,1,76,49,105.12,105.365
par19,I,179,1,79,54,105.406,105.931
par19,I,180,1,72,51,105.743,106.271
par19,I,181,1,74,49,106.058,106.466
par19,I,182,1,76,56,106.344,106.642
par19,I,183,1,79,39,106.613,106.819
par19,I,184,1,79,64,106.941,107.633
par19,I,185,1,77,60,107.54,107.949
par19,I,186,1,76,66,107.856,108.165
par19,I,187,1,74,55,108.161,108.468
par19,I,188,1,72,36,108.458,108.749
par19,I,189,1,74,68,108.766,109.063
par19,I,190,1,76,59,109.073,109.373
par19,I,191,1,72,46,109.372,110.859
par19,I,192,1,74,18,110.926,111.361
par19,I,193,1,76,56,111.211,111.799
par19,I,194,1,77,55,111.521,111.891
par19,I,195,1,79,54,111.853,112.348
par19,I,196,1,74,1,112.201,112.434
par19,I,197,1,76,15,112.47,112.811
par19,I,198,1,77,59,112.76,113.081
par19,I,199,1,79,49,113.028,113.353
par19,I,200,1,74,55,113.331,113.678
par19,I,201,1,76,47,113.583,114.135
par19,I,202,1,77,74,113.901,114.225
par19,I,203,1,79,50,114.172,114.533
par19,I,204,1,72,49,114.51,114.799
par19,I,205,1,74,51,114.809,115.278
par19,I,206,1,76,60,115.111,115.453
par19,I,207,1,77,59,115.415,115.663
par19,I,208,1,72,52,115.711,116.038
par19,I,209,1,74,64,116.02,116.458
par19,I,210,1,76,54,116.293,116.669
par19,I,211,1,77,70,116.615,117.318
par19,I,212,1,76,66,117.23,117.583
par19,I,213,1,74,66,117.536,117.845
par19,I,214,1,72,55,117.854,118.147
par19,I,215,1,76,56,118.136,118.536
par19,I,216,1,74,59,118.455,118.734
par19,I,217,1,72,47,118.763,119.005
par19,I,218,1,72,19,119.094,120.064
par19,I,219,1,74,52,120.65,120.892
par19,I,220,1,76,54,120.825,121.527
par19,I,221,1,77,62,121.447,122.751
par19,I,222,1,74,46,123.051,123.313
par19,I,223,1,76,57,123.23,123.999
par19,I,224,1,77,56,123.985,125.395
par19,I,225,1,72,48,125.456,125.761
par19,I,226,1,74,67,125.76,126.257
par19,I,227,1,76,57,126.072,126.387
par19,I,228,1,77,67,126.382,126.924
par19,I,229,1,74,47,126.959,127.587
par19,I,230,1,76,53,127.299,127.632
par19,I,231,1,77,70,127.627,128.225
par19,I,232,1,76,64,128.173,128.466
par19,I,233,1,74,52,128.478,128.794
par19,I,234,1,72,64,128.782,130.639
par19,I,235,1,79,59,130.659,131.074
par19,I,236,1,79,61,131.298,132.448
par19,I,237,1,77,61,132.145,132.522
par19,I,238,1,76,69,132.472,133.418
par19,I,239,1,77,64,133.348,133.603
par19,I,240,1,79,47,133.645,134.641
par19,I,241,1,77,57,134.565,134.974
par19,I,242,1,76,59,134.891,135.789
par19,I,243,1,74,64,135.788,136.101
par19,I,244,1,72,44,136.086,136.673
par19,I,245,1,74,53,136.695,137.311
par19,I,246,1,76,65,137.312,138.259
par19,I,247,1,74,56,138.21,138.527
par19,I,248,1,72,52,138.514,139.845
par19,I,249,1,72,60,140.071,140.508
par19,I,250,1,74,36,140.449,140.886
par19,I,251,1,76,55,140.699,141.026
par19,I,252,1,77,70,140.993,141.767
par19,I,253,1,79,53,141.865,142.083
par19,I,254,1,79,57,142.196,143.313
par19,I,255,1,76,60,143.455,144.363
par19,I,256,1,79,58,144.288,144.489
par19,I,257,1,79,51,144.608,145.575
par19,I,258,1,76,63,145.515,145.829
par19,I,259,1,79,57,145.834,146.744
par19,I,260,1,76,56,146.753,147.095
par19,I,261,1,74,62,147.034,147.319
par19,I,262,1,72,54,147.332,147.555
par19,I,263,1,74,56,147.639,147.897
par19,I,264,1,72,68,147.994,148.416
par19,I,265,1,72,47,148.511,149.922
par19,I,266,1,74,61,150.093,150.435
par19,I,267,1,76,58,150.384,150.865
par19,I,268,1,77,46,150.709,151.425
par19,I,269,1,76,59,151.308,151.624
par19,I,270,1,74,46,151.614,152.152
par19,I,271,1,74,17,152.541,152.756
par19,I,272,1,72,5,152.882,153.087
par19,I,273,1,74,39,153.15,153.641
par19,I,274,1,76,52,153.741,154.192
par19,I,275,1,76,61,154.322,155.035
par19,I,276,1,72,54,155.262,155.472
par19,I,277,1,74,60,155.569,156.426
par19,I,278,1,76,54,156.465,156.716
par19,I,279,1,72,51,156.752,156.971
par19,I,280,1,74,58,157.053,157.336
par19,I,281,1,76,47,157.333,157.66
par19,I,282,1,74,51,157.644,157.944
par19,I,283,1,72,58,157.943,159.307
par19,I,284,1,79,49,159.52,159.692
par19,I,285,1,79,41,159.83,161.354
par19,I,286,1,77,62,161.385,161.725
par19,I,287,1,76,69,161.716,162.44
par19,I,288,1,77,67,162.609,162.921
par19,I,289,1,79,65,162.907,163.895
par19,I,290,1,77,63,163.848,164.21
par19,I,291,1,76,66,164.149,165.035
par19,I,292,1,77,62,165.057,165.381
par19,I,293,1,76,60,165.379,166.389
par19,I,294,1,74,54,166.285,166.574
par19,I,295,1,72,54,166.589,166.806
par19,I,296,1,74,52,166.891,167.182
par19,I,297,1,76,51,167.157,167.427
par19,I,298,1,77,54,167.426,167.719
par19,I,299,1,74,59,167.747,168.367
par19,I,300,1,72,43,168.358,168.871
par19,I,301,1,72,54,169.006,169.965
par19,I,302,1,72,56,170.213,170.441
par19,I,303,1,74,59,170.492,171.028
par19,I,304,1,76,58,170.808,171.159
par19,I,305,1,77,58,171.091,171.432
par19,I,306,1,79,58,171.421,172.51
par19,I,307,1,72,46,172.596,172.907
par19,I,308,1,74,51,172.901,173.28
par19,I,309,1,76,55,173.204,173.622
par19,I,310,1,77,51,173.538,173.837
par19,I,311,1,79,49,173.848,174.758
par19,I,312,1,76,56,174.725,175.062
par19,I,313,1,79,62,175.061,176.039
par19,I,314,1,76,40,175.94,176.23
par19,I,315,1,77,61,176.269,176.76
par19,I,316,1,76,59,176.528,176.937
par19,I,317,1,74,48,176.877,177.125
par19,I,318,1,76,56,177.189,177.497
par19,I,319,1,72,63,177.492,179.533
par19,I,320,1,76,53,179.896,180.16
par19,I,321,1,74,52,180.172,180.5
par19,I,322,1,76,54,180.495,180.791
par19,I,323,1,74,47,180.811,181.088
par19,I,324,1,76,56,181.081,181.378
par19,I,325,1,74,48,181.39,181.692
par19,I,326,1,76,54,181.7,181.999
par19,I,327,1,74,44,181.99,182.269
par19,I,328,1,77,65,182.284,182.609
par19,I,329,1,76,53,182.567,182.921
par19,I,330,1,77,52,182.902,183.211
par19,I,331,1,76,55,183.222,183.522
par19,I,332,1,77,54,183.528,183.911
par19,I,333,1,76,58,183.898,184.171
par19,I,334,1,77,59,184.143,184.561
par19,I,335,1,76,55,184.462,184.729
par19,I,336,1,79,59,184.758,185.202
par19,I,337,1,77,50,185.066,185.491
par19,I,338,1,79,52,185.483,185.727
par19,I,339,1,77,41,185.757,185.974
par19,I,340,1,79,48,186.008,186.28
par19,I,341,1,77,34,186.325,186.51
par19,I,342,1,79,42,186.557,186.865
par19,I,343,1,77,42,186.846,187.213
par19,I,344,1,76,69,187.13,188.763
par19,I,345,1,74,51,188.687,189.008
par19,I,346,1,72,45,189.008,189.223
par19,I,347,1,74,55,189.307,189.594
par19,I,348,1,76,64,189.611,190.46
par19,I,349,1,77,63,190.541,190.839
par19,I,350,1,79,47,190.839,191.718
par19,I,351,1,76,59,191.702,191.999
par19,I,352,1,79,44,192.01,192.641
par19,I,353,1,76,44,192.63,193.235
par20,S,0,0,72,55,4.889,5.127
par20,S,1,0,74,54,5.409,5.634
par20,S,2,0,76,30,5.939,6.271
par20,S,3,0,77,61,6.547,6.856
par20,S,4,0,79,77,7.16,7.506
par20,S,5,0,79,47,8.523,8.89
par20,S,6,0,72,51,9.252,9.506
par20,S,7,0,74,54,9.769,9.971
par20,S,8,0,76,61,10.299,10.528
par20,S,9,0,77,33,10.861,11.122
par20,S,10,0,79,70,11.433,11.766
par20,S,11,0,72,68,13.405,13.783
par20,S,12,0,74,67,14.041,14.309
par20,S,13,0,76,64,14.62,14.902
par20,S,14,0,77,57,15.202,15.546
par20,S,15,0,79,75,15.791,16.049
par20,S,16,0,72,33,18.18,18.539
par20,S,17,0,74,64,18.858,19.079
par20,S,18,0,76,68,19.451,19.682
par20,S,19,0,77,51,20.029,20.282
par20,S,20,0,79,80,20.627,20.972
par20,S,21,0,79,71,23.142,23.443
par20,S,22,0,77,53,23.755,24.072
par20,S,23,0,76,60,24.38,24.695
par20,S,24,0,74,55,24.989,25.279
par20,S,25,0,72,51,25.539,25.826
par20,S,26,0,79,69,28.008,28.31
par20,S,27,0,77,51,28.628,28.954
par20,S,28,0,76,53,29.212,29.51
par20,S,29,0,74,58,29.815,30.074
par20,S,30,0,72,63,30.41,30.715
par20,S,31,0,79,61,32.882,33.197
par20,S,32,0,77,42,33.47,33.767
par20,S,33,0,76,53,34.05,34.335
par20,S,34,0,74,57,34.648,34.891
par20,S,35,0,72,42,35.302,35.579
par20,S,36,0,79,56,37.714,37.937
par20,S,37,0,77,43,38.325,38.52
par20,S,38,0,76,58,38.916,39.124
par20,S,39,0,74,52,39.495,39.719
par20,S,40,0,72,55,40.161,40.592
par20,S,41,0,74,51,42.588,42.797
par20,S,42,0,76,48,43.186,43.385
par20,S,43,0,77,33,43.782,44.056
par20,S,44,0,79,67,44.377,44.652
par20,S,45,0,72,47,44.988,45.259
par20,S,46,0,74,65,47.434,47.652
par20,S,47,0,76,45,48.016,48.249
par20,S,48,0,77,53,48.661,48.968
par20,S,49,0,79,53,49.275,49.444
par20,S,50,0,72,60,49.91,50.135
par20,S,51,0,74,51,52.394,52.799
par20,S,52,0,76,52,53.01,53.445
par20,S,53,0,77,48,53.591,54.077
par20,S,54,0,79,61,54.211,54.787
par20,S,55,0,72,44,54.836,55.434
par20,S,56,0,74,62,57.299,57.792
par20,S,57,0,76,52,57.91,58.391
par20,S,58,0,77,49,58.501,59.081
par20,S,59,0,79,61,59.112,59.721
par20,S,60,0,72,58,59.744,60.297
par20,S,61,0,77,55,64.626,64.899
par20,S,62,0,76,50,65.173,65.418
par20,S,63,0,74,73,65.745,66.044
par20,S,64,0,72,57,66.333,66.723
par20,S,65,0,79,67,66.962,67.321
par20,S,66,0,77,37,69.466,69.711
par20,S,67,0,76,63,70.034,70.25
par20,S,68,0,74,57,70.649,71.115
par20,S,69,0,72,44,71.23,71.749
par20,S,70,0,79,64,71.835,72.368
par20,S,71,0,77,63,74.283,74.826
par20,S,72,0,76,64,74.839,75.427
par20,S,73,0,74,56,75.478,76.105
par20,S,74,0,72,57,76.064,76.653
par20,S,75,0,79,36,76.71,77.274
par20,S,76,0,77,51,79.209,79.729
par20,S,77,0,76,47,79.759,80.376
par20,S,78,0,74,60,80.386,80.975
par20,S,79,0,72,64,80.978,81.584
par20,S,80,0,79,65,81.58,82.143
par20,S,81,0,76,67,84.03,84.465
par20,S,82,0,77,55,84.596,85.199
par20,S,83,0,79,73,85.216,85.617
par20,S,84,0,74,62,85.837,86.38
par20,S,85,0,72,54,86.426,86.995
par20,S,86,0,76,66,88.942,89.454
par20,S,87,0,77,57,89.545,90.157
par20,S,88,0,79,70,90.169,90.569
par20,S,89,0,74,57,90.774,91.266
par20,S,90,0,72,60,91.301,91.79
par20,S,91,0,76,51,93.765,94.125
par20,S,92,0,77,57,94.4,94.834
par20,S,93,0,79,59,95.028,95.425
par20,S,94,0,74,56,95.636,96.076
par20,S,95,0,72,52,96.248,96.627
par20,S,96,0,76,55,98.655,99.233
par20,S,97,0,77,47,99.256,99.828
par20,S,98,0,79,62,99.841,100.274
par20,S,99,0,74,60,100.479,101.093
par20,S,100,0,72,54,101.11,101.657
par20,S,101,0,76,60,103.518,103.924
par20,S,102,0,74,54,104.117,104.511
par20,S,103,0,72,51,104.697,105.155
par20,S,104,0,77,46,105.336,105.76
par20,S,105,0,79,58,105.936,106.314
par20,S,106,0,76,60,108.348,109.558
par20,S,107,0,74,54,108.948,110.053
par20,S,108,0,72,68,109.568,110.227
par20,S,109,0,77,55,110.168,110.75
par20,S,110,0,79,76,110.743,111.496
par20,S,111,0,76,43,113.199,113.854
par20,S,112,0,74,38,113.807,114.479
par20,S,113,0,72,52,114.426,115.203
par20,S,114,0,77,51,115.033,115.572
par20,S,115,0,79,57,115.601,116.141
par20,S,116,0,76,69,118.099,118.719
par20,S,117,0,74,52,118.73,119.322
par20,S,118,0,72,62,119.291,119.97
par20,S,119,0,77,56,119.875,120.446
par20,S,120,0,79,73,120.462,121.018
par20,S,121,0,77,50,122.954,123.533
par20,S,122,0,79,62,123.544,123.876
par20,S,123,0,76,60,124.141,124.672
par20,S,124,0,74,58,124.732,125.324
par20,S,125,0,72,57,125.357,125.862
par20,S,126,0,77,48,128.811,129.288
par20,S,127,0,77,67,130.232,130.736
par20,S,128,0,79,62,130.859,131.292
par20,S,129,0,76,72,131.441,131.981
par20,S,130,0,74,63,132.049,132.698
par20,S,131,0,72,57,132.714,133.087
par20,S,132,0,77,1,135.048,135.589
par20,S,133,0,77,67,135.784,136.256
par20,S,134,0,79,56,136.321,136.798
par20,S,135,0,77,60,137.549,138.125
par20,S,136,0,79,67,138.136,138.453
par20,S,137,0,76,64,138.729,139.333
par20,S,138,0,74,67,139.352,139.952
par20,S,139,0,72,61,139.955,140.457
par20,S,140,0,77,63,142.426,143.027
par20,S,141,0,79,70,143.029,143.368
par20,S,142,0,74,60,143.683,143.952
par20,S,143,0,76,70,144.069,144.524
par20,S,144,0,74,57,144.643,145.224
par20,S,145,0,72,54,145.259,145.636
par20,S,146,0,74,51,148.436,149.08
par20,S,147,0,72,57,149.038,149.557
par20,S,148,0,76,69,149.679,149.958
par20,S,149,0,77,52,150.275,150.624
par20,S,150,0,79,64,150.904,151.267
par20,S,151,0,74,67,153.359,153.905
par20,S,152,0,72,51,153.927,154.514
par20,S,153,0,76,62,154.526,155.065
par20,S,154,0,77,56,155.12,155.72
par20,S,155,0,79,70,155.733,156.518
par20,S,156,0,74,62,158.211,158.83
par20,S,157,0,72,55,158.841,159.312
par20,S,158,0,76,48,159.406,159.974
par20,S,159,0,77,53,160.014,160.612
par20,S,160,0,79,67,160.623,161.22
par20,S,161,0,74,59,163.061,163.643
par20,S,162,0,72,55,163.638,164.156
par20,S,163,0,76,56,164.253,164.826
par20,S,164,0,77,51,164.845,165.44
par20,S,165,0,79,73,165.434,166.202
par20,S,166,0,72,58,175.182,175.487
par20,S,167,0,74,70,175.81,176.353
par20,S,168,0,76,54,176.41,176.973
par20,S,169,0,77,52,177.006,177.59
par20,S,170,0,79,65,177.62,179.405
par20,S,171,0,72,29,180.036,180.645
par20,S,172,0,74,68,180.654,181.212
par20,S,173,0,76,61,181.248,181.785
par20,S,174,0,77,55,181.839,182.419
par20,S,175,0,79,77,182.428,183.962
par20,S,176,0,72,51,184.865,185.485
par20,S,177,0,74,50,185.513,186.026
par20,S,178,0,76,48,186.055,186.62
par20,S,179,0,77,33,186.659,187.27
par20,S,180,0,79,66,187.303,189.15
par20,S,181,0,72,58,189.824,190.302
par20,S,182,0,74,58,190.349,190.895
par20,S,183,0,76,59,190.921,191.47
par20,S,184,0,77,50,191.511,192.123
par20,S,185,0,79,70,192.133,193.834
par20,S,0,1,72,23,4.879,5.43
par20,S,1,1,74,62,5.464,5.973
par20,S,2,1,76,64,6.033,6.607
par20,S,3,1,77,48,6.654,7.3
par20,S,4,1,79,65,7.308,8.253
par20,S,5,1,72,64,9.728,10.265
par20,S,6,1,74,54,10.319,10.907
par20,S,7,1,76,63,10.907,11.519
par20,S,8,1,77,61,11.514,12.148
par20,S,9,1,79,61,12.145,13.426
par20,S,10,1,72,49,14.617,15.191
par20,S,11,1,74,51,15.244,15.794
par20,S,12,1,76,60,15.821,16.349
par20,S,13,1,77,38,16.369,17.001
par20,S,14,1,79,59,17.016,17.935
par20,S,15,1,72,51,19.467,20.042
par20,S,16,1,74,58,20.064,20.665
par20,S,17,1,76,59,20.701,21.265
par20,S,18,1,77,58,21.296,21.884
par20,S,19,1,79,68,21.899,23.564
par20,S,20,1,79,68,24.345,24.944
par20,S,21,1,77,46,24.947,25.545
par20,S,22,1,76,59,25.541,26.139
par20,S,23,1,74,59,26.129,26.749
par20,S,24,1,72,57,26.77,28.014
par20,S,25,1,79,52,29.187,29.834
par20,S,26,1,77,57,29.795,30.39
par20,S,27,1,76,63,30.404,31.005
par20,S,28,1,74,65,31.018,31.541
par20,S,29,1,72,53,31.628,33.435
par20,S,30,1,79,61,34.042,34.629
par20,S,31,1,77,50,34.645,35.197
par20,S,32,1,76,55,35.25,35.865
par20,S,33,1,74,68,35.849,36.461
par20,S,34,1,72,60,36.481,38.276
par20,S,35,1,79,61,38.926,39.505
par20,S,36,1,77,60,39.521,40.098
par20,S,37,1,76,64,40.123,40.715
par20,S,38,1,74,56,40.732,41.332
par20,S,39,1,72,54,41.342,43.209
par20,S,40,1,74,60,43.776,44.28
par20,S,41,1,76,49,44.37,44.88
par20,S,42,1,77,59,44.959,45.571
par20,S,43,1,79,68,45.59,46.149
par20,S,44,1,72,56,46.22,47.574
par20,S,45,1,74,65,48.639,49.197
par20,S,46,1,76,59,49.21,49.808
par20,S,47,1,77,57,49.818,50.448
par20,S,48,1,79,71,50.44,51.068
par20,S,49,1,72,60,51.096,52.937
par20,S,50,1,74,65,53.501,54.019
par20,S,51,1,76,55,54.101,54.609
par20,S,52,1,77,53,54.709,55.274
par20,S,53,1,79,61,55.307,55.859
par20,S,54,1,72,56,55.898,57.653
par20,S,55,1,74,63,58.318,58.921
par20,S,56,1,76,58,58.93,59.519
par20,S,57,1,77,56,59.525,60.152
par20,S,58,1,79,69,60.146,60.753
par20,S,59,1,72,63,60.789,62.559
par20,S,60,1,77,55,63.256,63.761
par20,S,61,1,76,57,63.823,64.412
par20,S,62,1,74,65,64.417,65.029
par20,S,63,1,72,56,65.018,65.604
par20,S,64,1,79,66,65.618,67.403
par20,S,65,1,77,62,68.087,68.638
par20,S,66,1,76,51,68.66,69.321
par20,S,67,1,74,66,69.289,69.917
par20,S,68,1,72,48,69.894,70.516
par20,S,69,1,79,68,70.508,72.113
par20,S,70,1,77,58,72.965,73.488
par20,S,71,1,76,52,73.534,74.131
par20,S,72,1,74,58,74.137,74.712
par20,S,73,1,72,58,74.722,75.322
par20,S,74,1,79,69,75.323,77.308
par20,S,75,1,77,54,77.83,78.402
par20,S,76,1,76,57,78.427,79.045
par20,S,77,1,74,56,79.052,79.627
par20,S,78,1,72,58,79.634,80.22
par20,S,79,1,79,68,80.203,81.699
par20,S,80,1,76,63,82.685,83.218
par20,S,81,1,77,53,83.252,83.874
par20,S,82,1,79,64,83.869,84.237
par20,S,83,1,74,57,84.47,85.02
par20,S,84,1,72,45,85.062,86.966
par20,S,85,1,76,64,87.54,88.166
par20,S,86,1,77,57,88.13,88.717
par20,S,87,1,79,65,88.751,89.485
par20,S,88,1,74,78,89.379,89.986
par20,S,89,1,72,56,89.98,91.872
par20,S,90,1,76,70,92.416,93.032
par20,S,91,1,77,46,93.075,93.629
par20,S,92,1,79,63,93.658,94.293
par20,S,93,1,74,73,94.259,94.877
par20,S,94,1,72,73,94.887,96.795
par20,S,95,1,76,62,97.353,97.88
par20,S,96,1,77,61,97.932,98.524
par20,S,97,1,79,62,98.558,99.117
par20,S,98,1,74,59,99.159,99.741
par20,S,99,1,72,65,99.751,101.416
par20,S,100,1,76,61,102.182,102.781
par20,S,101,1,74,62,102.779,103.381
par20,S,102,1,72,58,103.373,104.029
par20,S,103,1,77,57,104.019,104.515
par20,S,104,1,79,43,104.628,106.219
par20,S,105,1,76,55,107.086,107.686
par20,S,106,1,74,64,107.695,108.277
par20,S,107,1,72,55,108.25,108.866
par20,S,108,1,77,55,108.865,109.478
par20,S,109,1,79,67,109.501,111.245
par20,S,110,1,76,63,111.997,112.573
par20,S,111,1,74,56,112.596,113.17
par20,S,112,1,72,59,113.171,113.746
par20,S,113,1,77,49,113.778,114.339
par20,S,114,1,79,65,114.377,116.253
par20,S,115,1,76,59,116.824,117.323
par20,S,116,1,74,58,117.396,118.017
par20,S,117,1,72,60,118.029,118.515
par20,S,118,1,77,51,118.618,119.225
par20,S,119,1,79,68,119.255,120.999
par20,S,120,1,77,20,121.637,122.177
par20,S,121,1,79,71,122.222,122.707
par20,S,122,1,76,42,122.816,123.423
par20,S,123,1,74,71,123.426,124.062
par20,S,124,1,72,63,124.067,124.395
par20,S,125,1,77,71,126.499,127.078
par20,S,126,1,79,53,127.124,127.797
par20,S,127,1,76,73,127.747,128.3
par20,S,128,1,74,64,128.331,128.938
par20,S,129,1,72,54,128.964,130.83
par20,S,130,1,77,31,131.379,131.948
par20,S,131,1,79,61,131.983,132.573
par20,S,132,1,76,58,132.585,133.197
par20,S,133,1,74,63,133.186,133.814
par20,S,134,1,72,62,133.828,135.77
par20,S,135,1,77,51,136.264,136.826
par20,S,136,1,79,70,136.851,137.417
par20,S,137,1,76,62,137.44,138.002
par20,S,138,1,74,62,138.036,138.696
par20,S,139,1,72,55,138.7,140.423
par20,S,140,1,74,64,141.125,141.737
par20,S,141,1,72,60,141.728,142.063
par20,S,142,1,76,58,142.335,142.894
par20,S,143,1,77,56,142.955,143.502
par20,S,144,1,79,62,143.54,145.014
par20,S,145,1,74,62,145.976,146.585
par20,S,146,1,72,51,146.605,147.204
par20,S,147,1,76,50,147.212,147.757
par20,S,148,1,77,52,147.774,148.371
par20,S,149,1,79,58,148.406,150.37
par20,S,150,1,74,67,150.865,151.459
par20,S,151,1,72,52,151.452,151.947
par20,S,152,1,76,55,152.071,152.645
par20,S,153,1,77,64,152.668,153.325
par20,S,154,1,79,73,153.322,155.07
par20,S,155,1,74,64,155.733,156.421
par20,S,156,1,72,53,156.343,156.505
par20,S,157,1,74,2,156.593,156.779
par20,S,158,1,76,62,156.919,157.463
par20,S,159,1,77,60,157.552,158.137
par20,S,160,1,79,63,158.198,160.09
par20,S,161,1,72,38,160.648,161.199
par20,S,162,1,74,59,161.192,161.752
par20,S,163,1,76,57,161.789,162.363
par20,S,164,1,77,58,162.417,162.994
par20,S,165,1,79,62,163.028,165.013
par20,S,166,1,72,48,165.41,166.086
par20,S,167,1,74,64,166.095,166.625
par20,S,168,1,76,53,166.667,167.228
par20,S,169,1,77,55,167.253,167.849
par20,S,170,1,79,59,167.868,169.913
par20,S,171,1,72,55,170.346,170.943
par20,S,172,1,74,54,170.991,171.497
par20,S,173,1,76,57,171.538,172.071
par20,S,174,1,77,55,172.116,172.724
par20,S,175,1,79,64,172.764,174.642
par20,S,176,1,72,51,175.26,175.809
par20,S,177,1,74,51,175.84,176.381
par20,S,178,1,76,54,176.407,176.959
par20,S,179,1,77,56,177.0,177.631
par20,S,180,1,79,67,177.635,179.603
par20,S,181,1,79,67,180.102,180.701
par20,S,182,1,77,52,180.744,181.28
par20,S,183,1,76,53,181.321,181.899
par20,S,184,1,74,64,181.913,182.514
par20,S,185,1,72,55,182.529,184.507
par20,S,186,1,79,62,184.952,185.551
par20,S,187,1,77,40,185.591,186.17
par20,S,188,1,76,61,186.184,186.767
par20,S,189,1,74,61,186.794,187.329
par20,S,190,1,72,61,187.363,189.744
par20,S,191,1,79,49,189.814,190.401
par20,S,192,1,77,55,190.45,190.935
par20,S,193,1,76,44,191.025,191.619
par20,S,194,1,74,64,191.623,192.219
par20,S,195,1,72,55,192.228,194.455
par21,I,0,0,72,44,4.772,5.009
par21,I,1,0,74,66,5.364,5.57
par21,I,2,0,76,59,5.954,6.115
par21,I,3,0,77,30,6.491,6.727
par21,I,4,0,79,40,7.098,7.304
par21,I,5,0,79,52,8.113,8.302
par21,I,6,0,77,33,8.578,8.798
par21,I,7,0,76,34,9.125,9.284
par21,I,8,0,74,58,9.494,9.623
par21,I,9,0,72,49,9.893,10.031
par21,I,10,0,72,49,10.371,10.529
par21,I,11,0,74,41,10.76,10.937
par21,I,12,0,76,60,11.076,11.217
par21,I,13,0,77,47,11.374,11.567
par21,I,14,0,79,36,11.851,11.988
par21,I,15,0,74,67,13.478,13.611
par21,I,16,0,74,44,13.776,13.894
par21,I,17,0,74,59,14.002,14.127
par21,I,18,0,72,60,14.364,14.494
par21,I,19,0,72,41,14.623,14.732
par21,I,20,0,76,57,14.945,15.034
par21,I,21,0,77,45,15.208,15.296
par21,I,22,0,79,45,15.213,15.373
par21,I,23,0,74,52,15.876,15.995
par21,I,24,0,74,56,16.192,16.244
par21,I,25,0,74,46,16.382,16.496
par21,I,26,0,72,55,16.675,16.827
par21,I,27,0,74,60,17.092,17.2
par21,I,28,0,77,39,17.406,17.537
par21,I,29,0,79,53,17.809,18.038
par21,I,30,0,74,51,20.701,20.823
par21,I,31,0,74,24,20.977,21.036
par21,I,32,0,74,21,21.203,21.271
par21,I,33,0,74,37,21.403,21.466
par21,I,34,0,74,59,21.568,21.708
par21,I,35,0,76,54,22.188,22.327
par21,I,36,0,77,56,22.469,22.667
par21,I,37,0,79,32,23.613,23.769
par21,I,38,0,79,31,23.903,23.991
par21,I,39,0,74,63,24.125,24.246
par21,I,40,0,72,53,24.365,24.449
par21,I,41,0,72,49,24.587,24.664
par21,I,42,0,74,63,24.804,24.876
par21,I,43,0,74,51,25.027,25.323
par21,I,44,0,76,33,25.747,25.876
par21,I,45,0,74,35,25.477,25.903
par21,I,46,0,76,1,26.027,26.127
par21,I,47,0,77,19,26.259,26.326
par21,I,48,0,74,1,26.441,26.537
par21,I,49,0,72,28,26.487,26.545
par21,I,50,0,77,9,26.645,26.722
par21,I,51,0,72,46,26.658,26.734
par21,I,52,0,74,70,26.946,27.063
par21,I,53,0,74,60,27.17,27.218
par21,I,54,0,74,51,27.321,27.378
par21,I,55,0,74,14,27.49,27.528
par21,I,56,0,72,22,26.819,27.62
par21,I,57,0,76,72,27.622,27.696
par21,I,58,0,76,46,27.893,27.969
par21,I,59,0,77,57,28.124,28.257
par21,I,60,0,77,55,28.353,28.447
par21,I,61,0,79,27,26.679,28.555
par21,I,62,0,72,18,28.627,28.804
par21,I,63,0,74,65,29.591,29.668
par21,I,64,0,74,45,29.827,29.916
par21,I,65,0,74,54,30.033,30.124
par21,I,66,0,72,47,42.513,42.621
par21,I,67,0,72,49,42.781,42.84
par21,I,68,0,74,57,43.411,43.461
par21,I,69,0,74,49,43.626,43.754
par21,I,70,0,76,63,44.067,44.221
par21,I,71,0,77,40,44.689,44.865
par21,I,72,0,79,63,45.056,45.202
par21,I,73,0,74,48,48.013,48.098
par21,I,74,0,74,52,48.91,49.02
par21,I,75,0,74,50,49.843,49.964
par21,I,76,0,72,61,50.139,50.275
par21,I,77,0,74,52,50.864,50.982
par21,I,78,0,74,52,51.099,51.255
par21,I,79,0,76,66,51.503,51.666
par21,I,80,0,74,50,52.436,52.558
par21,I,81,0,74,52,52.711,52.851
par21,I,82,0,76,49,53.066,53.227
par21,I,83,0,77,48,53.589,53.747
par21,I,84,0,74,46,54.385,54.446
par21,I,85,0,74,43,54.602,54.728
par21,I,86,0,76,55,54.926,55.007
par21,I,87,0,77,43,55.259,55.419
par21,I,88,0,74,53,55.609,55.706
par21,I,89,0,74,52,55.897,56.021
par21,I,90,0,76,37,56.22,56.314
par21,I,91,0,76,30,56.472,56.595
par21,I,92,0,76,64,56.686,56.821
par21,I,93,0,74,44,56.986,57.042
par21,I,94,0,74,49,57.243,57.307
par21,I,95,0,74,57,57.487,57.575
par21,I,96,0,74,64,57.698,57.792
par21,I,97,0,74,44,62.668,62.799
par21,I,98,0,74,23,62.961,63.042
par21,I,99,0,74,49,63.197,63.301
par21,I,100,0,74,56,63.42,63.521
par21,I,101,0,74,57,63.627,63.709
par21,I,102,0,74,64,63.819,63.935
par21,I,103,0,76,60,64.17,64.382
par21,I,104,0,77,51,64.49,64.665
par21,I,105,0,74,60,65.708,65.798
par21,I,106,0,74,49,65.919,66.028
par21,I,107,0,74,55,66.14,66.273
par21,I,108,0,76,54,66.424,66.59
par21,I,109,0,77,45,66.725,66.945
par21,I,110,0,72,60,67.265,67.526
par21,I,111,0,79,49,67.554,67.814
par21,I,112,0,72,1,67.66,67.863
par21,I,113,0,74,43,70.075,70.172
par21,I,114,0,74,42,70.305,70.403
par21,I,115,0,74,39,70.54,70.627
par21,I,116,0,74,64,70.743,70.862
par21,I,117,0,76,56,71.096,71.288
par21,I,118,0,77,47,71.446,71.67
par21,I,119,0,72,1,71.923,72.154
par21,I,120,0,74,63,72.325,72.5
par21,I,121,0,74,43,72.602,72.664
par21,I,122,0,76,44,72.839,73.023
par21,I,123,0,72,56,73.262,73.44
par21,I,124,0,74,72,73.586,73.704
par21,I,125,0,76,52,73.799,74.02
par21,I,126,0,72,54,74.192,74.43
par21,I,127,0,77,30,86.814,86.968
par21,I,128,0,77,39,87.113,87.234
par21,I,129,0,77,37,87.411,87.491
par21,I,130,0,77,52,87.656,87.801
par21,I,131,0,77,58,87.916,88.016
par21,I,132,0,77,52,88.141,88.289
par21,I,133,0,77,53,88.404,88.538
par21,I,134,0,77,43,88.642,88.767
par21,I,135,0,72,53,89.078,89.228
par21,I,136,0,74,58,89.403,89.557
par21,I,137,0,76,40,89.674,89.864
par21,I,138,0,74,44,89.967,90.096
par21,I,139,0,74,52,90.852,91.005
par21,I,140,0,76,60,91.067,91.243
par21,I,141,0,74,63,91.313,91.457
par21,I,142,0,79,1,91.865,91.954
par21,I,143,0,74,51,91.996,92.146
par21,I,144,0,77,56,92.206,92.357
par21,I,145,0,76,59,92.191,92.362
par21,I,146,0,79,39,92.198,92.455
par21,I,147,0,74,58,92.688,92.841
par21,I,148,0,74,60,93.012,93.114
par21,I,149,0,74,46,93.246,93.347
par21,I,150,0,72,1,90.08,94.436
par21,I,151,0,72,59,94.566,94.7
par21,I,152,0,72,52,94.852,94.914
par21,I,153,0,72,57,95.088,95.187
par21,I,154,0,72,56,95.336,95.438
par21,I,155,0,72,59,95.591,95.665
par21,I,156,0,72,51,95.833,95.945
par21,I,157,0,72,65,98.98,99.127
par21,I,158,0,72,49,99.3,99.423
par21,I,159,0,72,52,99.597,99.699
par21,I,160,0,72,45,99.869,99.986
par21,I,161,0,72,45,100.186,100.302
par21,I,162,0,72,54,100.458,100.621
par21,I,163,0,74,51,100.745,100.925
par21,I,164,0,72,46,101.466,101.613
par21,I,165,0,72,40,101.762,101.841
par21,I,166,0,72,55,102.019,102.163
par21,I,167,0,74,61,102.329,102.423
par21,I,168,0,72,52,102.712,102.911
par21,I,169,0,74,53,103.099,103.258
par21,I,170,0,76,26,103.918,104.103
par21,I,171,0,77,57,104.231,104.736
par21,I,172,0,79,53,104.542,104.824
par21,I,173,0,72,25,105.172,105.346
par21,I,174,0,74,51,105.192,105.663
par21,I,175,0,76,67,105.706,106.057
par21,I,176,0,74,53,106.066,106.255
par21,I,177,0,72,30,106.059,106.291
par21,I,178,0,79,23,106.38,106.56
par21,I,179,0,72,23,106.464,106.685
par21,I,180,0,76,54,106.761,106.804
par21,I,181,0,76,59,106.976,107.081
par21,I,182,0,74,40,107.242,107.283
par21,I,183,0,74,66,107.385,107.43
par21,I,184,0,74,52,107.54,107.607
par21,I,185,0,74,77,107.699,107.8
par21,I,186,0,79,28,111.628,111.82
par21,I,187,0,79,26,112.027,112.181
par21,I,188,0,79,51,112.312,112.473
par21,I,189,0,79,40,112.621,113.053
par21,I,190,0,77,22,113.816,113.937
par21,I,191,0,74,40,114.117,114.213
par21,I,192,0,74,49,114.341,114.47
par21,I,193,0,79,35,113.206,114.477
par21,I,194,0,74,40,114.615,114.721
par21,I,195,0,76,54,114.847,115.0
par21,I,196,0,79,27,115.139,115.275
par21,I,197,0,74,40,115.356,115.511
par21,I,198,0,72,56,115.901,116.019
par21,I,199,0,72,53,116.175,116.271
par21,I,200,0,72,42,116.452,116.521
par21,I,201,0,72,55,116.697,116.782
par21,I,202,0,76,54,116.98,117.191
par21,I,203,0,79,49,117.277,117.552
par21,I,204,0,74,3,117.903,118.09
par21,I,205,0,76,21,118.161,118.596
par21,I,206,0,79,9,118.332,118.605
par21,I,207,0,74,28,118.832,118.897
par21,I,208,0,74,62,119.012,119.104
par21,I,209,0,74,53,119.217,119.307
par21,I,210,0,74,46,119.433,119.509
par21,I,211,0,72,51,119.656,119.769
par21,I,212,0,74,53,119.998,120.133
par21,I,213,0,79,38,120.358,120.636
par21,I,214,0,74,45,120.736,121.128
par21,I,215,0,72,52,121.308,121.398
par21,I,216,0,72,46,121.55,121.689
par21,I,217,0,72,40,121.804,121.906
par21,I,218,0,72,44,122.058,122.173
par21,I,219,0,74,46,122.064,122.197
par21,I,220,0,76,64,122.303,122.435
par21,I,221,0,79,25,122.49,122.683
par21,I,222,0,72,25,123.054,123.204
par21,I,223,0,72,29,123.309,123.375
par21,I,224,0,76,67,123.679,123.788
par21,I,225,0,72,23,124.235,124.307
par21,I,226,0,79,55,123.909,124.327
par21,I,227,0,74,65,124.565,124.639
par21,I,228,0,74,55,124.766,124.844
par21,I,229,0,74,46,125.016,125.063
par21,I,230,0,72,37,125.017,125.073
par21,I,231,0,79,46,129.234,129.463
par21,I,232,0,77,35,130.034,130.26
par21,I,233,0,76,45,130.697,130.876
par21,I,234,0,74,50,131.213,131.403
par21,I,235,0,72,41,131.779,131.946
par21,I,236,0,72,38,132.312,132.534
par21,I,237,0,74,26,132.859,133.001
par21,I,238,0,76,25,133.378,133.454
par21,I,239,0,77,33,133.861,134.047
par21,I,240,0,79,58,134.291,134.572
par21,I,241,0,72,46,135.253,135.432
par21,I,242,0,74,57,135.633,135.793
par21,I,243,0,76,64,135.905,136.04
par21,I,244,0,79,42,136.159,136.395
par21,I,245,0,76,55,136.821,137.07
par21,I,246,0,74,57,137.096,137.351
par21,I,247,0,76,55,137.931,138.083
par21,I,248,0,74,52,138.381,138.579
par21,I,249,0,79,9,138.728,138.911
par21,I,250,0,72,33,137.677,139.026
par21,I,251,0,72,25,139.122,139.204
par21,I,252,0,74,57,139.121,139.209
par21,I,253,0,72,52,142.696,142.925
par21,I,254,0,74,50,143.034,143.349
par21,I,255,0,76,65,143.353,143.602
par21,I,256,0,77,35,143.686,144.097
par21,I,257,0,79,1,144.026,144.343
par21,I,258,0,77,12,145.327,145.493
par21,I,259,0,76,50,146.349,146.624
par21,I,260,0,77,59,145.744,146.659
par21,I,261,0,79,45,144.783,146.713
par21,I,262,0,74,60,146.615,146.833
par21,I,263,0,72,8,146.6,146.977
par21,I,264,0,74,53,147.587,147.689
par21,I,265,0,74,49,147.811,147.924
par21,I,266,0,79,13,147.319,150.498
par21,I,267,0,74,54,150.546,151.145
par21,I,268,0,74,52,151.558,151.682
par21,I,269,0,74,49,151.8,151.899
par21,I,270,0,77,30,152.496,152.593
par21,I,271,0,79,31,152.53,152.723
par21,I,272,0,79,26,152.862,153.319
par21,I,273,0,72,55,152.036,153.443
par21,I,274,0,74,10,153.531,153.674
par21,I,275,0,76,49,153.855,153.985
par21,I,276,0,74,40,154.135,154.379
par21,I,277,0,72,21,157.476,157.7
par21,I,278,0,74,41,157.873,158.071
par21,I,279,0,76,41,158.671,158.85
par21,I,280,0,79,53,159.033,159.576
par21,I,281,0,74,56,159.839,160.111
par21,I,282,0,76,31,160.151,160.465
par21,I,283,0,79,30,160.581,160.858
par21,I,284,0,72,14,160.995,161.176
par21,I,285,0,74,39,163.7,163.898
par21,I,286,0,72,52,163.329,164.179
par21,I,287,0,76,58,164.016,164.265
par21,I,288,0,79,50,164.359,164.745
par21,I,289,0,74,38,165.369,165.514
par21,I,290,0,74,22,165.634,165.75
par21,I,291,0,72,36,165.862,166.042
par21,I,292,0,72,40,166.165,166.301
par21,I,293,0,74,28,166.472,166.559
par21,I,294,0,72,40,166.427,166.814
par21,I,295,0,76,59,166.693,166.86
par21,I,296,0,79,59,166.966,167.353
par21,I,297,0,76,19,167.608,167.716
par21,I,298,0,76,5,167.96,168.132
par21,I,299,0,74,62,168.112,168.407
par21,I,300,0,72,1,168.342,168.487
par21,I,301,0,77,16,168.496,168.771
par21,I,302,0,76,1,168.542,168.797
par21,I,303,0,79,22,168.445,168.827
par21,I,304,0,74,78,168.808,168.985
par21,I,305,0,72,36,168.78,169.06
par21,I,306,0,77,46,169.058,169.155
par21,I,307,0,76,50,169.025,169.169
par21,I,308,0,79,59,169.058,169.261
par21,I,309,0,74,13,172.029,172.148
par21,I,310,0,74,45,172.431,172.547
par21,I,311,0,74,38,172.724,172.827
par21,I,312,0,74,22,173.002,173.094
par21,I,313,0,74,32,173.248,173.317
par21,I,314,0,74,41,173.459,173.542
par21,I,315,0,74,30,173.71,173.788
par21,I,316,0,74,31,173.939,174.041
par21,I,317,0,74,36,174.162,174.243
par21,I,318,0,74,51,174.36,174.453
par21,I,319,0,72,45,174.591,174.754
par21,I,320,0,72,37,175.518,175.668
par21,I,321,0,72,59,175.779,175.865
par21,I,322,0,72,47,176.033,176.152
par21,I,323,0,74,58,176.275,176.473
par21,I,324,0,74,52,176.813,176.929
par21,I,325,0,74,56,177.042,177.148
par21,I,326,0,74,56,177.264,177.333
par21,I,327,0,72,42,177.502,177.665
par21,I,328,0,74,42,178.597,178.657
par21,I,329,0,74,34,178.824,178.925
par21,I,330,0,74,37,179.071,179.165
par21,I,331,0,74,54,179.286,179.374
par21,I,332,0,74,38,179.5,179.583
par21,I,333,0,74,26,179.72,179.794
par21,I,334,0,74,5,179.965,180.076
par21,I,335,0,74,41,180.17,180.282
par21,I,336,0,72,49,183.741,183.911
par21,I,337,0,72,36,184.033,184.137
par21,I,338,0,74,65,184.321,184.439
par21,I,339,0,74,53,184.55,184.676
par21,I,340,0,74,57,187.264,187.385
par21,I,341,0,74,29,187.547,187.629
par21,I,342,0,76,59,187.707,188.064
par21,I,343,0,79,57,187.997,188.239
par21,I,344,0,76,46,188.447,188.629
par21,I,0,1,72,40,2.957,3.236
par21,I,1,1,72,49,6.098,6.453
par21,I,2,1,74,47,6.616,6.824
par21,I,3,1,76,66,7.164,7.579
par21,I,4,1,77,53,7.671,7.922
par21,I,5,1,79,64,8.096,8.327
par21,I,6,1,72,33,8.894,9.057
par21,I,7,1,74,62,9.331,9.473
par21,I,8,1,74,54,9.78,9.933
par21,I,9,1,74,55,10.191,10.356
par21,I,10,1,74,52,10.635,10.818
par21,I,11,1,74,44,11.084,11.286
par21,I,12,1,76,68,11.429,11.62
par21,I,13,1,74,62,11.897,12.032
par21,I,14,1,74,56,12.295,12.466
par21,I,15,1,76,57,12.684,12.886
par21,I,16,1,74,52,13.117,13.276
par21,I,17,1,74,55,13.45,13.642
par21,I,18,1,76,63,13.773,13.954
par21,I,19,1,76,37,14.117,14.194
par21,I,20,1,74,61,14.205,14.318
par21,I,21,1,74,50,14.448,14.59
par21,I,22,1,74,52,14.722,14.865
par21,I,23,1,76,47,15.062,15.138
par21,I,24,1,76,48,15.287,15.431
par21,I,25,1,74,59,15.622,15.723
par21,I,26,1,74,56,15.837,15.973
par21,I,27,1,76,45,16.17,16.258
par21,I,28,1,76,46,16.412,16.57
par21,I,29,1,74,62,16.742,16.832
par21,I,30,1,74,51,16.952,17.088
par21,I,31,1,76,57,17.24,17.309
par21,I,32,1,76,59,17.42,17.54
par21,I,33,1,74,47,17.704,17.791
par21,I,34,1,74,44,17.898,18.005
par21,I,35,1,76,61,18.166,18.232
par21,I,36,1,76,52,18.333,18.402
par21,I,37,1,77,35,18.743,18.933
par21,I,38,1,77,6,19.063,19.229
par21,I,39,1,79,54,19.044,19.437
par21,I,40,1,74,9,19.718,20.024
par21,I,41,1,72,1,19.623,20.133
par21,I,42,1,76,56,20.025,20.239
par21,I,43,1,76,23,20.315,20.404
par21,I,44,1,77,36,20.51,20.721
par21,I,45,1,79,42,20.541,20.905
par21,I,46,1,77,24,21.107,21.33
par21,I,47,1,77,35,21.413,21.541
par21,I,48,1,74,33,21.69,21.782
par21,I,49,1,76,23,21.82,22.073
par21,I,50,1,79,46,22.245,22.404
par21,I,51,1,74,1,22.334,22.428
par21,I,52,1,74,45,22.598,22.665
par21,I,53,1,74,32,22.767,22.852
par21,I,54,1,76,21,22.899,23.083
par21,I,55,1,74,16,23.317,23.435
par21,I,56,1,74,61,23.704,23.752
par21,I,57,1,74,58,23.848,23.889
par21,I,58,1,74,69,23.975,24.032
par21,I,59,1,72,11,22.279,24.038
par21,I,60,1,74,66,24.127,24.167
par21,I,61,1,74,58,24.258,24.303
par21,I,62,1,74,62,24.983,25.339
par21,I,63,1,76,58,25.446,25.652
par21,I,64,1,72,64,24.681,25.952
par21,I,65,1,77,51,25.677,25.957
par21,I,66,1,79,58,26.03,26.273
par21,I,67,1,74,46,27.223,27.364
par21,I,68,1,74,54,27.541,27.638
par21,I,69,1,74,43,27.768,27.879
par21,I,70,1,74,54,27.992,28.087
par21,I,71,1,74,56,28.193,28.287
par21,I,72,1,74,58,28.394,28.493
par21,I,73,1,76,49,28.687,28.833
par21,I,74,1,77,56,28.965,29.168
par21,I,75,1,79,31,29.208,29.451
par21,I,76,1,72,45,29.489,29.668
par21,I,77,1,74,48,30.605,30.678
par21,I,78,1,74,36,30.826,30.933
par21,I,79,1,74,55,31.043,31.137
par21,I,80,1,74,57,31.244,31.31
par21,I,81,1,74,53,31.426,31.498
par21,I,82,1,74,50,31.606,31.706
par21,I,83,1,76,26,31.974,32.042
par21,I,84,1,77,46,31.944,32.096
par21,I,85,1,77,17,32.206,32.334
par21,I,86,1,76,44,32.242,32.558
par21,I,87,1,74,27,32.621,32.717
par21,I,88,1,74,49,32.85,32.942
par21,I,89,1,74,60,33.052,33.136
par21,I,90,1,74,45,33.251,33.324
par21,I,91,1,74,56,35.064,35.19
par21,I,92,1,74,40,35.384,35.472
par21,I,93,1,74,32,35.651,35.739
par21,I,94,1,74,38,35.887,35.991
par21,I,95,1,74,39,36.125,36.223
par21,I,96,1,74,52,36.338,36.455
par21,I,97,1,74,40,38.046,38.181
par21,I,98,1,74,46,38.302,38.474
par21,I,99,1,76,56,38.515,38.709
par21,I,100,1,77,19,38.681,38.982
par21,I,101,1,79,44,38.777,39.054
par21,I,102,1,72,35,39.236,39.448
par21,I,103,1,74,62,39.558,39.684
par21,I,104,1,76,56,39.781,39.948
par21,I,105,1,79,38,39.98,40.31
par21,I,106,1,76,19,40.534,40.58
par21,I,107,1,74,21,40.344,40.691
par21,I,108,1,76,50,40.756,41.032
par21,I,109,1,74,73,41.113,41.197
par21,I,110,1,74,58,41.279,41.327
par21,I,111,1,74,72,41.417,41.509
par21,I,112,1,74,58,44.804,44.915
par21,I,113,1,74,47,45.049,45.174
par21,I,114,1,74,48,45.306,45.422
par21,I,115,1,74,59,45.544,45.653
par21,I,116,1,74,59,45.767,45.863
par21,I,117,1,74,52,45.978,46.082
par21,I,118,1,74,47,46.208,46.292
par21,I,119,1,74,57,46.412,46.5
par21,I,120,1,74,50,46.614,46.703
par21,I,121,1,74,53,46.829,46.948
par21,I,122,1,76,57,46.988,47.178
par21,I,123,1,76,62,47.262,47.548
par21,I,124,1,76,39,47.64,47.716
par21,I,125,1,76,61,47.808,47.878
par21,I,126,1,74,51,48.172,48.274
par21,I,127,1,74,53,48.412,48.526
par21,I,128,1,74,44,48.646,48.725
par21,I,129,1,74,54,48.861,48.989
par21,I,130,1,76,60,49.112,49.238
par21,I,131,1,76,54,49.352,49.512
par21,I,132,1,74,54,49.619,49.775
par21,I,133,1,74,49,49.923,50.067
par21,I,134,1,76,54,50.238,50.407
par21,I,135,1,74,51,50.503,50.679
par21,I,136,1,76,51,50.813,50.976
par21,I,137,1,74,52,51.059,51.238
par21,I,138,1,76,56,51.337,51.562
par21,I,139,1,74,45,51.622,51.883
par21,I,140,1,76,64,51.91,52.189
par21,I,141,1,74,26,52.262,52.487
par21,I,142,1,76,54,52.504,52.796
par21,I,143,1,74,40,52.854,53.119
par21,I,144,1,79,43,53.163,53.398
par21,I,145,1,77,42,53.653,54.086
par21,I,146,1,74,33,54.038,54.261
par21,I,147,1,76,49,54.418,54.634
par21,I,148,1,74,1,54.754,54.989
par21,I,149,1,72,27,54.806,54.994
par21,I,150,1,77,18,55.027,55.273
par21,I,151,1,74,47,55.262,55.386
par21,I,152,1,74,38,55.522,55.608
par21,I,153,1,74,28,55.772,55.846
par21,I,154,1,74,30,56.702,56.785
par21,I,155,1,74,40,56.954,57.052
par21,I,156,1,74,48,57.169,57.266
par21,I,157,1,74,38,57.399,57.476
par21,I,158,1,74,45,57.608,57.686
par21,I,159,1,74,40,57.818,57.89
par21,I,160,1,74,41,58.02,58.099
par21,I,161,1,72,36,58.304,58.437
par21,I,162,1,74,62,58.58,58.729
par21,I,163,1,76,49,58.894,59.055
par21,I,164,1,77,27,59.19,59.292
par21,I,165,1,79,48,59.135,59.368
par21,I,166,1,76,46,59.565,59.649
par21,I,167,1,76,60,59.764,59.874
par21,I,168,1,76,54,59.976,60.027
par21,I,169,1,76,73,60.096,60.218
par21,I,170,1,74,57,62.581,62.741
par21,I,171,1,74,58,62.934,63.055
par21,I,172,1,74,45,63.224,63.349
par21,I,173,1,74,47,63.504,63.626
par21,I,174,1,74,44,63.769,63.881
par21,I,175,1,74,41,64.025,64.137
par21,I,176,1,74,53,64.311,64.404
par21,I,177,1,74,42,64.564,64.674
par21,I,178,1,74,47,64.813,64.925
par21,I,179,1,74,44,65.062,65.179
par21,I,180,1,74,49,65.314,65.372
par21,I,181,1,72,65,65.558,65.766
par21,I,182,1,74,66,66.379,66.486
par21,I,183,1,74,62,66.589,66.709
par21,I,184,1,72,56,66.893,67.051
par21,I,185,1,72,41,67.593,67.748
par21,I,186,1,72,39,67.901,68.036
par21,I,187,1,72,49,68.195,68.312
par21,I,188,1,72,47,68.45,68.603
par21,I,189,1,74,57,68.749,68.877
par21,I,190,1,74,56,68.997,69.112
par21,I,191,1,74,55,69.229,69.348
par21,I,192,1,76,32,69.531,69.909
par21,I,193,1,77,40,69.7,69.982
par21,I,194,1,79,49,69.783,69.992
par21,I,195,1,76,24,70.233,70.634
par21,I,196,1,79,23,70.456,70.653
par21,I,197,1,77,13,70.501,70.656
par21,I,198,1,74,20,70.895,71.026
par21,I,199,1,76,1,70.947,71.498
par21,I,200,1,77,39,71.375,71.679
par21,I,201,1,77,54,72.044,72.219
par21,I,202,1,77,32,72.379,72.579
par21,I,203,1,77,2,72.714,72.824
par21,I,204,1,74,37,72.873,72.975
par21,I,205,1,74,36,73.087,73.161
par21,I,206,1,74,1,73.424,73.716
par21,I,207,1,76,43,73.759,73.99
par21,I,208,1,74,48,74.005,74.315
par21,I,209,1,72,27,74.35,74.489
par21,I,210,1,77,38,74.621,74.882
par21,I,211,1,74,43,74.864,75.057
par21,I,212,1,76,59,75.11,75.264
par21,I,213,1,74,42,77.714,77.82
par21,I,214,1,74,47,77.974,78.088
par21,I,215,1,74,49,78.237,78.329
par21,I,216,1,74,47,78.453,78.572
par21,I,217,1,76,59,78.712,78.897
par21,I,218,1,77,39,79.007,79.197
par21,I,219,1,79,15,79.047,79.27
par21,I,220,1,76,34,79.413,79.638
par21,I,221,1,72,52,79.917,80.091
par21,I,222,1,76,17,80.4,80.454
par21,I,223,1,74,1,80.656,80.806
par21,I,224,1,76,53,80.905,80.998
par21,I,225,1,74,32,81.097,81.223
par21,I,226,1,74,23,81.321,81.396
par21,I,227,1,74,39,82.223,82.29
par21,I,228,1,74,50,82.417,82.476
par21,I,229,1,74,31,82.617,82.691
par21,I,230,1,74,61,82.806,82.9
par21,I,231,1,74,41,83.003,83.078
par21,I,232,1,74,46,83.21,83.279
par21,I,233,1,76,51,83.468,83.543
par21,I,234,1,77,43,83.816,84.193
par21,I,235,1,79,39,83.973,84.463
par21,I,236,1,76,57,84.458,84.652
par21,I,237,1,72,23,84.266,84.694
par21,I,238,1,74,60,87.857,87.967
par21,I,239,1,74,44,88.145,88.228
par21,I,240,1,74,43,88.377,88.454
par21,I,241,1,74,47,88.612,88.69
par21,I,242,1,74,55,88.841,88.948
par21,I,243,1,76,57,89.104,89.26
par21,I,244,1,74,56,89.789,89.895
par21,I,245,1,74,42,90.024,90.133
par21,I,246,1,74,39,90.274,90.407
par21,I,247,1,76,51,90.589,90.727
par21,I,248,1,74,50,91.503,91.599
par21,I,249,1,74,44,91.728,91.837
par21,I,250,1,74,50,91.956,92.043
par21,I,251,1,76,61,92.243,92.374
par21,I,252,1,74,50,93.135,93.238
par21,I,253,1,74,43,93.378,93.488
par21,I,254,1,74,40,93.626,93.701
par21,I,255,1,74,52,93.826,93.931
par21,I,256,1,74,29,94.07,94.145
par21,I,257,1,74,44,94.273,94.374
par21,I,258,1,74,58,94.482,94.587
par21,I,259,1,76,32,94.768,94.868
par21,I,260,1,76,58,95.315,95.452
par21,I,261,1,76,42,95.584,95.688
par21,I,262,1,76,52,95.819,95.93
par21,I,263,1,76,43,96.007,96.085
par21,I,264,1,74,56,96.222,96.322
par21,I,265,1,74,40,96.439,96.528
par21,I,266,1,74,52,96.642,96.727
par21,I,267,1,76,55,96.899,97.064
par21,I,268,1,74,61,97.12,97.226
par21,I,269,1,76,39,97.332,97.434
par21,I,270,1,74,53,97.456,97.57
par21,I,271,1,74,62,97.807,97.902
par21,I,272,1,76,7,97.759,97.916
par21,I,273,1,72,40,100.043,100.179
par21,I,274,1,72,18,100.355,100.474
par21,I,275,1,72,41,100.681,100.823
par21,I,276,1,72,45,100.969,101.094
par21,I,277,1,72,49,101.296,101.436
par21,I,278,1,72,37,101.623,101.743
par21,I,279,1,72,57,101.953,102.067
par21,I,280,1,72,51,102.257,102.466
par21,I,281,1,79,68,102.554,102.764
par21,I,282,1,72,57,103.206,103.319
par21,I,283,1,72,46,103.482,103.581
par21,I,284,1,72,53,103.772,103.89
par21,I,285,1,72,45,104.048,104.166
par21,I,286,1,72,46,104.341,104.505
par21,I,287,1,72,13,104.991,105.086
par21,I,288,1,79,68,104.92,105.101
par21,I,289,1,72,44,105.677,105.885
par21,I,290,1,74,68,106.16,106.338
par21,I,291,1,72,54,106.658,106.902
par21,I,292,1,74,62,107.14,107.327
par21,I,293,1,72,53,107.596,107.832
par21,I,294,1,74,53,108.081,108.29
par21,I,295,1,72,30,108.578,108.841
par21,I,296,1,74,56,109.116,109.27
par21,I,297,1,72,30,109.571,109.823
par21,I,298,1,74,49,110.078,110.211
par21,I,299,1,72,36,110.461,110.664
par21,I,300,1,74,54,110.912,111.079
par21,I,301,1,72,34,111.357,111.54
par21,I,302,1,74,53,111.821,111.98
par21,I,303,1,74,36,112.291,112.425
par21,I,304,1,72,38,112.756,112.973
par21,I,305,1,74,68,113.219,113.419
par21,I,306,1,72,52,113.68,113.907
par21,I,307,1,74,53,114.138,114.28
par21,I,308,1,72,27,114.582,114.799
par21,I,309,1,72,37,115.085,115.258
par21,I,310,1,74,61,115.085,115.265
par21,I,311,1,72,54,115.576,115.768
par21,I,312,1,74,62,116.032,116.227
par21,I,313,1,72,24,116.08,116.552
par21,I,314,1,76,49,116.739,116.907
par21,I,315,1,77,37,117.08,117.462
par21,I,316,1,79,13,117.257,117.585
par21,I,317,1,79,41,117.805,118.179
par21,I,318,1,76,17,118.118,118.284
par21,I,319,1,74,25,118.232,118.356
par21,I,320,1,76,31,118.418,118.515
par21,I,321,1,79,10,118.745,118.856
par21,I,322,1,74,36,118.902,118.965
par21,I,323,1,74,20,119.079,119.24
par21,I,324,1,76,1,119.623,119.782
par21,I,325,1,72,1,118.775,119.936
par21,I,326,1,79,1,119.287,120.091
par21,I,327,1,74,84,120.163,120.221
par21,I,328,1,74,60,120.366,120.393
par21,I,329,1,79,49,120.623,120.891
par21,I,330,1,76,58,121.288,121.468
par21,I,331,1,76,52,121.632,121.774
par21,I,332,1,76,64,121.892,122.03
par21,I,333,1,76,49,122.136,122.237
par21,I,334,1,76,39,122.35,122.569
par21,I,335,1,72,59,122.644,122.808
par21,I,336,1,74,52,123.441,123.518
par21,I,337,1,74,39,123.706,123.858
par21,I,338,1,74,31,123.961,124.117
par21,I,339,1,76,49,124.281,124.472
par21,I,340,1,79,51,124.592,124.803
par21,I,341,1,72,36,125.341,125.467
par21,I,342,1,72,40,125.652,125.796
par21,I,343,1,72,40,125.96,126.086
par21,I,344,1,72,27,126.262,126.389
par21,I,345,1,72,51,126.529,126.685
par21,I,346,1,72,47,126.835,126.992
par21,I,347,1,74,49,127.139,127.261
par21,I,348,1,74,43,127.404,127.526
par21,I,349,1,74,32,127.682,127.765
par21,I,350,1,74,31,127.928,128.007
par21,I,351,1,74,41,128.186,128.264
par21,I,352,1,74,40,128.439,128.521
par21,I,353,1,74,42,128.667,128.77
par21,I,354,1,74,41,128.903,129.014
par21,I,355,1,74,47,129.141,129.239
par21,I,356,1,74,40,129.386,129.478
par21,I,357,1,74,42,129.614,129.706
par21,I,358,1,74,36,129.851,129.922
par21,I,359,1,74,47,130.036,130.143
par21,I,360,1,76,55,130.305,130.535
par21,I,361,1,79,55,130.606,130.962
par21,I,362,1,76,63,130.911,131.17
par21,I,363,1,72,54,133.668,133.837
par21,I,364,1,72,54,133.958,134.077
par21,I,365,1,72,54,134.238,134.368
par21,I,366,1,72,43,134.522,134.666
par21,I,367,1,72,7,134.866,134.959
par21,I,368,1,74,45,134.841,134.989
par21,I,369,1,76,55,135.114,135.324
par21,I,370,1,79,52,135.363,135.551
par21,I,371,1,74,55,136.03,136.194
par21,I,372,1,72,29,136.029,136.205
par21,I,373,1,74,50,136.3,136.405
par21,I,374,1,72,18,136.306,136.452
par21,I,375,1,72,51,136.584,136.734
par21,I,376,1,72,51,136.863,137.017
par21,I,377,1,76,39,137.146,137.331
par21,I,378,1,77,38,137.465,137.636
par21,I,379,1,79,56,137.428,137.693
par21,I,380,1,76,49,137.731,137.934
par21,I,381,1,72,18,137.721,138.098
par21,I,382,1,72,39,138.452,138.6
par21,I,383,1,72,52,138.739,138.888
par21,I,384,1,72,52,139.028,139.169
par21,I,385,1,72,55,139.305,139.433
par21,I,386,1,72,56,139.605,139.74
par21,I,387,1,74,50,139.881,140.085
par21,I,388,1,76,59,140.154,140.409
par21,I,389,1,79,57,140.698,140.925
par21,I,390,1,76,51,140.997,141.171
par21,I,391,1,77,40,141.324,141.455
par21,I,392,1,79,50,141.263,141.513
par21,I,393,1,77,22,141.678,141.791
par21,I,394,1,74,26,141.843,142.081
par21,I,395,1,77,13,142.165,142.359
par21,I,396,1,76,57,142.17,142.639
par21,I,397,1,74,1,142.414,142.761
par21,I,398,1,74,25,145.216,145.379
par21,I,399,1,74,55,145.492,145.621
par21,I,400,1,74,39,145.766,145.864
par21,I,401,1,72,1,141.638,145.949
par21,I,402,1,74,45,145.995,146.111
par21,I,403,1,74,40,146.257,146.367
par21,I,404,1,74,39,146.521,146.626
par21,I,405,1,74,36,146.787,146.884
par21,I,406,1,74,38,147.051,147.136
par21,I,407,1,74,48,147.31,147.411
par21,I,408,1,74,46,147.581,147.674
par21,I,409,1,74,43,147.837,147.908
par21,I,410,1,74,43,148.081,148.167
par21,I,411,1,74,38,148.328,148.404
par21,I,412,1,74,45,148.557,148.645
par21,I,413,1,74,49,148.774,148.861
par21,I,414,1,74,53,148.981,149.073
par21,I,415,1,74,49,149.192,149.255
par21,I,416,1,74,49,149.39,149.451
par21,I,417,1,72,43,149.563,149.74
par21,I,418,1,72,47,150.183,150.311
par21,I,419,1,72,39,150.491,150.619
par21,I,420,1,72,51,150.794,150.909
par21,I,421,1,72,44,151.064,151.181
par21,I,422,1,72,46,151.355,151.449
par21,I,423,1,74,46,151.852,152.001
par21,I,424,1,72,44,151.622,152.156
par21,I,425,1,74,32,153.134,153.253
par21,I,426,1,74,38,153.412,153.538
par21,I,427,1,74,40,153.675,153.769
par21,I,428,1,74,23,153.934,154.103
par21,I,429,1,74,57,154.235,154.355
par21,I,430,1,74,46,154.492,154.577
par21,I,431,1,74,33,154.729,154.832
par21,I,432,1,74,41,154.967,155.062
par21,I,433,1,74,41,155.195,155.308
par21,I,434,1,74,44,155.439,155.554
par21,I,435,1,74,52,155.671,155.773
par21,I,436,1,74,50,155.895,156.002
par21,I,437,1,74,49,156.116,156.211
par21,I,438,1,74,48,156.327,156.396
par21,I,439,1,74,50,156.516,156.609
par21,I,440,1,74,50,156.994,157.081
par21,I,441,1,74,55,157.242,157.334
par21,I,442,1,74,22,157.487,157.535
par21,I,443,1,74,51,157.641,157.709
par21,I,444,1,74,53,157.83,157.903
par21,I,445,1,74,9,158.027,158.112
par21,I,446,1,76,58,158.113,158.502
par21,I,447,1,79,64,158.385,158.685
par21,I,448,1,77,58,158.389,158.8
par21,I,449,1,76,9,158.724,158.835
par21,I,450,1,77,53,158.978,159.102
par21,I,451,1,77,52,159.222,159.419
par21,I,452,1,74,51,159.45,159.613
par21,I,453,1,76,6,159.686,159.868
par21,I,454,1,74,43,160.175,160.354
par21,I,455,1,72,16,159.922,160.557
par21,I,456,1,76,39,160.541,160.62
par21,I,457,1,72,1,160.905,161.154
par21,I,458,1,79,58,161.304,161.811
par21,I,459,1,76,55,161.917,162.043
par21,I,460,1,76,47,162.55,162.684
par21,I,461,1,74,31,162.831,162.919
par21,I,462,1,74,56,163.042,163.14
par21,I,463,1,74,40,163.281,163.359
par21,I,464,1,74,46,163.476,163.566
par21,I,465,1,74,41,163.689,163.754
par21,I,466,1,74,33,163.904,163.968
par21,I,467,1,72,21,164.135,164.237
par21,I,468,1,74,14,164.397,164.448
par21,I,469,1,72,23,164.377,164.496
par21,I,470,1,72,28,164.626,164.725
par21,I,471,1,74,54,164.851,164.945
par21,I,472,1,72,7,164.895,164.998
par21,I,473,1,72,30,165.09,165.242
par21,I,474,1,72,54,165.363,165.439
par21,I,475,1,74,7,165.455,165.528
par21,I,476,1,74,46,165.599,165.731
par21,I,477,1,76,57,165.831,166.278
par21,I,478,1,77,43,166.114,166.299
par21,I,479,1,79,57,166.071,166.341
par21,I,480,1,76,36,166.521,166.771
par21,I,481,1,72,37,170.047,170.276
par21,I,482,1,72,53,170.491,170.744
par21,I,483,1,72,52,170.954,171.169
par21,I,484,1,72,61,171.394,171.616
par21,I,485,1,72,54,171.844,172.062
par21,I,486,1,72,56,172.278,172.487
par21,I,487,1,72,55,172.729,172.94
par21,I,488,1,72,53,173.194,173.405
par21,I,489,1,72,33,173.626,173.786
par21,I,490,1,74,58,173.954,174.154
par21,I,491,1,72,52,174.588,174.763
par21,I,492,1,72,51,174.953,175.142
par21,I,493,1,72,48,175.253,175.437
par21,I,494,1,72,62,175.562,175.712
par21,I,495,1,74,51,175.91,176.065
par21,I,496,1,74,52,176.197,176.299
par21,I,497,1,74,49,176.426,176.532
par21,I,498,1,74,49,176.651,176.779
par21,I,499,1,72,57,176.918,177.043
par21,I,500,1,72,34,177.2,177.309
par21,I,501,1,74,51,177.245,177.349
par21,I,502,1,74,58,177.453,177.541
par21,I,503,1,74,58,177.667,177.75
par21,I,504,1,74,56,177.866,177.955
par21,I,505,1,74,65,178.049,178.125
par21,I,506,1,74,58,178.23,178.278
par21,I,507,1,74,62,178.374,178.425
par21,I,508,1,74,58,178.67,178.732
par21,I,509,1,74,72,178.816,178.864
par21,I,510,1,74,68,178.963,179.002
par21,I,511,1,74,62,179.091,179.165
par21,I,512,1,74,59,179.261,179.29
par21,I,513,1,74,74,179.38,179.455
par21,I,514,1,72,67,179.675,179.812
par21,I,515,1,74,67,179.929,180.043
par21,I,516,1,72,38,180.217,180.331
par21,I,517,1,74,52,180.243,180.368
par21,I,518,1,74,47,180.496,180.573
par21,I,519,1,72,51,180.5,180.605
par21,I,520,1,74,65,180.729,180.855
par21,I,521,1,74,60,180.96,181.057
par21,I,522,1,74,58,181.163,181.272
par21,I,523,1,74,65,181.369,181.473
par21,I,524,1,72,37,181.575,181.672
par21,I,525,1,72,62,181.792,181.876
par21,I,526,1,74,41,182.016,182.122
par21,I,527,1,74,73,182.189,182.288
par21,I,528,1,74,70,182.366,182.427
par21,I,529,1,74,57,182.537,182.61
par21,I,530,1,79,28,183.108,183.349
par21,I,531,1,76,62,182.773,183.796
par21,I,532,1,77,42,183.07,184.163
par21,I,533,1,79,59,183.639,184.181
par21,I,534,1,74,40,184.387,184.525
par21,I,535,1,76,44,184.543,184.708
par21,I,536,1,76,64,184.799,184.849
par21,I,537,1,76,50,184.941,184.998
par21,I,538,1,74,33,185.01,185.067
par21,I,539,1,76,53,185.084,185.146
par21,I,540,1,77,31,185.122,185.167
par21,I,541,1,77,27,185.245,185.345
par21,I,542,1,79,33,185.122,185.346
par21,I,543,1,76,47,185.243,185.354
par21,I,544,1,74,89,185.333,185.422
par21,I,545,1,76,40,185.459,185.5
par21,I,546,1,74,70,185.505,185.547
par21,I,547,1,74,65,185.632,185.677
par21,I,548,1,77,29,185.595,185.793
par21,I,549,1,74,52,185.795,185.832
par21,I,550,1,77,62,185.865,185.925
par21,I,551,1,72,37,185.743,185.948
par21,I,552,1,79,32,185.549,186.488
par21,I,553,1,76,61,186.422,186.731
par21,I,554,1,74,49,187.094,187.213
par21,I,555,1,76,55,187.262,187.354
par21,I,556,1,77,49,187.266,187.357
par21,I,557,1,79,39,187.319,187.392
par21,I,558,1,74,66,187.372,187.419
par21,I,559,1,74,55,187.489,187.559
par21,I,560,1,77,73,187.594,187.645
par21,I,561,1,76,74,187.591,187.651
par21,I,562,1,79,36,187.612,187.688
par21,I,563,1,74,81,187.896,187.995
par21,I,564,1,76,62,188.012,188.06
par21,I,565,1,77,60,188.156,188.246
par21,I,566,1,79,39,188.119,188.265
par21,I,567,1,76,74,188.601,188.82
par21,I,568,1,79,44,189.501,189.86
par21,I,569,1,79,33,190.052,190.26
par21,I,570,1,77,1,190.55,190.687
par21,I,571,1,79,44,190.453,190.695
par21,I,572,1,79,52,190.837,190.999
par21,I,573,1,77,69,190.83,191.018
par21,I,574,1,77,58,191.15,191.554
par21,I,575,1,76,55,191.642,191.722
par21,I,576,1,76,69,191.857,191.967
par21,I,577,1,76,63,192.06,192.156
par21,I,578,1,74,51,192.268,192.333
par21,I,579,1,74,59,192.446,192.564
par21,I,580,1,74,65,192.664,192.754
par21,I,581,1,72,30,192.875,192.946
par21,I,582,1,72,54,193.062,193.131
par21,I,583,1,72,58,193.243,193.328
par21,I,584,1,72,55,193.456,193.526
par21,I,585,1,72,52,193.665,193.729
par21,I,586,1,72,30,193.854,194.225
par21,I,587,1,76,61,194.147,194.306
par21,I,588,1,76,10,194.364,194.43
par22,S,0,0,72,57,2.515,2.684
par22,S,1,0,74,49,3.092,3.267
par22,S,2,0,76,55,3.603,3.768
par22,S,3,0,77,69,4.119,4.279
par22,S,4,0,79,51,4.695,4.942
par22,S,5,0,72,53,5.461,5.666
par22,S,6,0,74,53,6.02,6.143
par22,S,7,0,76,52,6.562,6.713
par22,S,8,0,77,67,7.042,7.205
par22,S,9,0,79,54,7.568,7.759
par22,S,10,0,72,55,8.121,8.272
par22,S,11,0,74,56,8.631,8.766
par22,S,12,0,76,53,9.132,9.247
par22,S,13,0,77,54,9.617,9.747
par22,S,14,0,79,51,10.122,10.295
par22,S,15,0,72,55,10.682,10.834
par22,S,16,0,74,58,11.213,11.339
par22,S,17,0,76,60,11.713,11.846
par22,S,18,0,77,55,12.203,12.365
par22,S,19,0,79,56,12.724,12.884
par22,S,20,0,79,60,13.395,13.539
par22,S,21,0,77,52,13.86,14.016
par22,S,22,0,76,62,14.322,14.466
par22,S,23,0,74,64,14.78,14.902
par22,S,24,0,72,52,15.256,15.397
par22,S,25,0,79,56,15.786,15.934
par22,S,26,0,77,20,16.33,16.442
par22,S,27,0,76,14,17.009,17.209
par22,S,28,0,74,64,17.534,17.65
par22,S,29,0,72,58,18.034,18.182
par22,S,30,0,79,61,18.525,18.685
par22,S,31,0,77,65,19.03,19.168
par22,S,32,0,76,61,19.541,19.766
par22,S,33,0,74,53,20.018,20.503
par22,S,34,0,72,54,20.504,20.677
par22,S,35,0,79,65,21.025,21.538
par22,S,36,0,77,57,21.517,21.712
par22,S,37,0,76,59,22.086,22.584
par22,S,38,0,74,40,22.584,22.859
par22,S,39,0,72,48,23.066,23.175
par22,S,40,0,79,63,23.681,23.821
par22,S,41,0,77,61,24.224,24.342
par22,S,42,0,76,64,24.741,24.876
par22,S,43,0,74,66,25.247,25.38
par22,S,44,0,72,59,25.774,25.951
par22,S,45,0,74,64,27.193,27.312
par22,S,46,0,76,61,27.709,27.842
par22,S,47,0,77,60,28.166,28.31
par22,S,48,0,79,64,28.619,28.756
par22,S,49,0,72,63,29.185,29.321
par22,S,50,0,74,57,29.735,29.857
par22,S,51,0,76,58,30.227,30.36
par22,S,52,0,77,62,30.72,30.854
par22,S,53,0,79,64,31.233,31.362
par22,S,54,0,72,59,31.768,31.909
par22,S,55,0,74,62,32.286,32.411
par22,S,56,0,76,58,32.795,32.921
par22,S,57,0,77,62,33.283,33.419
par22,S,58,0,79,66,33.755,33.901
par22,S,59,0,72,64,34.28,34.418
par22,S,60,0,74,56,34.851,34.967
par22,S,61,0,76,54,35.344,35.487
par22,S,62,0,77,63,35.849,35.995
par22,S,63,0,79,62,36.332,36.494
par22,S,64,0,72,59,36.891,37.041
par22,S,65,0,77,49,39.571,39.699
par22,S,66,0,76,68,40.059,40.195
par22,S,67,0,74,51,40.552,40.705
par22,S,68,0,72,57,41.093,41.251
par22,S,69,0,79,66,41.671,41.855
par22,S,70,0,77,59,43.211,43.376
par22,S,71,0,76,63,43.69,43.831
par22,S,72,0,74,60,44.185,44.295
par22,S,73,0,72,55,44.664,44.812
par22,S,74,0,79,55,45.189,45.35
par22,S,75,0,77,60,46.199,46.354
par22,S,76,0,76,63,46.674,46.8
par22,S,77,0,74,65,47.181,47.292
par22,S,78,0,72,56,47.672,47.839
par22,S,79,0,79,51,48.149,48.32
par22,S,80,0,77,61,48.678,48.812
par22,S,81,0,76,60,49.171,49.296
par22,S,82,0,74,62,49.687,49.804
par22,S,83,0,72,57,50.181,50.337
par22,S,84,0,79,64,50.703,50.856
par22,S,85,0,76,68,52.512,52.637
par22,S,86,0,77,57,52.98,53.111
par22,S,87,0,79,60,53.463,53.642
par22,S,88,0,74,65,53.983,54.07
par22,S,89,0,72,57,54.455,54.587
par22,S,90,0,76,42,54.975,55.125
par22,S,91,0,77,58,55.475,55.599
par22,S,92,0,79,68,55.938,56.093
par22,S,93,0,74,58,56.427,56.566
par22,S,94,0,72,40,56.946,57.036
par22,S,95,0,76,65,57.421,57.546
par22,S,96,0,77,64,57.916,58.033
par22,S,97,0,79,69,58.394,58.555
par22,S,98,0,74,60,58.9,59.04
par22,S,99,0,72,64,59.385,59.507
par22,S,100,0,76,55,60.268,60.387
par22,S,101,0,77,61,60.697,60.825
par22,S,102,0,79,55,61.156,61.292
par22,S,103,0,74,64,61.65,61.745
par22,S,104,0,72,67,62.134,62.29
par22,S,105,0,76,64,63.466,63.585
par22,S,106,0,74,56,63.916,64.05
par22,S,107,0,72,68,64.44,64.546
par22,S,108,0,77,62,65.029,65.134
par22,S,109,0,79,69,65.563,65.673
par22,S,110,0,76,75,66.688,66.824
par22,S,111,0,74,67,67.14,67.264
par22,S,112,0,72,59,67.605,67.726
par22,S,113,0,77,60,68.027,68.125
par22,S,114,0,79,69,68.507,68.66
par22,S,115,0,76,65,69.213,69.335
par22,S,116,0,74,65,69.671,69.786
par22,S,117,0,72,58,70.144,70.261
par22,S,118,0,77,64,70.705,70.838
par22,S,119,0,79,57,71.189,71.332
par22,S,120,0,76,63,71.797,71.946
par22,S,121,0,74,65,72.273,72.392
par22,S,122,0,72,64,72.755,72.881
par22,S,123,0,77,77,73.565,73.659
par22,S,124,0,79,66,74.101,74.228
par22,S,125,0,77,65,74.923,75.044
par22,S,126,0,79,59,75.444,75.585
par22,S,127,0,76,51,75.983,76.116
par22,S,128,0,74,66,76.456,76.565
par22,S,129,0,72,55,76.965,77.067
par22,S,130,0,77,59,77.436,77.539
par22,S,131,0,79,54,77.927,78.084
par22,S,132,0,76,66,78.361,78.504
par22,S,133,0,74,48,78.879,79.002
par22,S,134,0,72,55,79.355,79.452
par22,S,135,0,76,53,80.113,80.234
par22,S,136,0,77,74,80.797,80.888
par22,S,137,0,79,65,81.246,81.37
par22,S,138,0,76,70,81.826,81.947
par22,S,139,0,74,47,82.308,82.417
par22,S,140,0,72,55,82.923,83.021
par22,S,141,0,77,66,83.583,83.69
par22,S,142,0,79,61,84.011,84.136
par22,S,143,0,76,40,84.533,84.653
par22,S,144,0,74,63,85.09,85.182
par22,S,145,0,72,54,85.645,85.755
par22,S,146,0,72,69,86.524,86.628
par22,S,147,0,74,60,87.421,87.531
par22,S,148,0,72,69,87.929,88.027
par22,S,149,0,76,67,88.401,88.502
par22,S,150,0,77,60,88.858,88.986
par22,S,151,0,79,58,89.348,89.476
par22,S,152,0,74,61,90.198,90.302
par22,S,153,0,72,70,90.653,90.764
par22,S,154,0,76,63,91.093,91.205
par22,S,155,0,77,64,91.545,91.696
par22,S,156,0,79,70,91.993,92.119
par22,S,157,0,74,58,92.448,92.571
par22,S,158,0,72,70,92.935,93.031
par22,S,159,0,76,62,93.393,93.523
par22,S,160,0,77,60,93.853,93.969
par22,S,161,0,79,57,94.316,94.441
par22,S,162,0,74,57,94.771,94.893
par22,S,163,0,72,65,95.286,95.393
par22,S,164,0,76,62,95.779,95.893
par22,S,165,0,77,68,96.258,96.376
par22,S,166,0,79,63,96.775,96.91
par22,S,167,0,72,63,97.278,97.388
par22,S,168,0,74,62,97.767,97.876
par22,S,169,0,76,62,98.253,98.383
par22,S,170,0,77,65,98.702,98.823
par22,S,171,0,79,68,99.17,99.295
par22,S,172,0,72,58,99.645,99.76
par22,S,173,0,74,62,100.151,100.243
par22,S,174,0,76,68,100.613,100.713
par22,S,175,0,77,57,101.041,101.152
par22,S,176,0,79,55,101.485,101.606
par22,S,177,0,72,59,101.986,102.095
par22,S,178,0,74,62,102.481,102.566
par22,S,179,0,76,60,102.925,103.028
par22,S,180,0,77,57,103.348,103.478
par22,S,181,0,79,66,103.788,103.928
par22,S,182,0,72,60,104.278,104.406
par22,S,183,0,74,62,104.773,104.868
par22,S,184,0,76,64,105.243,105.358
par22,S,185,0,77,66,105.679,105.792
par22,S,186,0,79,64,106.133,106.24
par22,S,187,0,79,66,106.629,106.756
par22,S,188,0,77,56,107.042,107.161
par22,S,189,0,76,60,107.503,107.644
par22,S,190,0,74,60,107.978,108.074
par22,S,191,0,72,54,108.401,108.541
par22,S,192,0,79,56,108.866,109.007
par22,S,193,0,77,61,109.358,109.463
par22,S,194,0,76,60,109.833,109.947
par22,S,195,0,74,58,110.329,110.422
par22,S,196,0,72,59,110.755,110.877
par22,S,197,0,79,61,111.218,111.364
par22,S,198,0,77,64,111.703,111.808
par22,S,199,0,76,60,112.193,112.29
par22,S,200,0,74,58,112.652,112.747
par22,S,201,0,72,53,113.104,113.253
par22,S,202,0,79,41,113.558,113.734
par22,S,203,0,77,61,114.064,114.177
par22,S,204,0,76,55,114.608,114.741
par22,S,205,0,74,62,115.125,115.23
par22,S,206,0,72,69,115.639,115.745
par22,S,207,0,74,63,117.264,117.36
par22,S,208,0,76,66,117.698,117.812
par22,S,209,0,77,63,118.134,118.256
par22,S,210,0,79,65,118.543,118.664
par22,S,211,0,72,59,119.045,119.131
par22,S,212,0,74,55,119.549,119.655
par22,S,213,0,76,65,119.999,120.126
par22,S,214,0,77,60,120.449,120.577
par22,S,215,0,79,62,120.915,121.033
par22,S,216,0,72,60,121.383,121.505
par22,S,217,0,74,55,121.891,122.011
par22,S,218,0,76,59,122.375,122.493
par22,S,219,0,77,56,122.832,122.957
par22,S,220,0,79,59,123.287,123.425
par22,S,221,0,72,61,123.788,123.931
par22,S,222,0,74,59,124.279,124.4
par22,S,223,0,76,59,124.765,124.873
par22,S,224,0,77,62,125.205,125.335
par22,S,225,0,79,70,125.666,125.807
par22,S,226,0,72,62,126.217,126.327
par22,S,227,0,77,67,128.886,128.984
par22,S,228,0,76,62,129.313,129.397
par22,S,229,0,74,55,129.761,129.87
par22,S,230,0,72,54,130.223,130.33
par22,S,231,0,79,58,130.686,130.844
par22,S,232,0,77,57,131.188,131.279
par22,S,233,0,76,61,131.656,131.766
par22,S,234,0,74,57,132.132,132.24
par22,S,235,0,72,57,132.608,132.737
par22,S,236,0,79,66,133.029,133.167
par22,S,237,0,77,54,133.516,133.655
par22,S,238,0,76,52,134.034,134.158
par22,S,239,0,74,56,134.558,134.66
par22,S,240,0,72,56,135.012,135.162
par22,S,241,0,79,55,135.454,135.62
par22,S,242,0,77,58,135.943,136.074
par22,S,243,0,76,53,136.444,136.563
par22,S,244,0,74,61,136.917,137.013
par22,S,245,0,72,57,137.42,137.547
par22,S,246,0,76,60,139.705,139.819
par22,S,247,0,77,58,140.163,140.269
par22,S,248,0,79,67,140.608,140.732
par22,S,249,0,74,54,141.063,141.174
par22,S,250,0,72,58,141.53,141.645
par22,S,251,0,76,55,142.02,142.133
par22,S,252,0,77,53,142.482,142.595
par22,S,253,0,79,68,142.91,143.026
par22,S,254,0,74,65,143.435,143.541
par22,S,255,0,72,57,143.917,144.039
par22,S,256,0,76,64,144.441,144.558
par22,S,257,0,77,60,144.904,145.045
par22,S,258,0,79,60,145.354,145.493
par22,S,259,0,74,55,145.797,145.909
par22,S,260,0,72,55,146.279,146.402
par22,S,261,0,76,62,146.789,146.912
par22,S,262,0,77,54,147.271,147.388
par22,S,263,0,79,40,147.753,147.886
par22,S,264,0,74,56,148.223,148.313
par22,S,265,0,72,47,148.71,148.824
par22,S,266,0,76,63,149.478,149.604
par22,S,267,0,74,54,149.92,150.041
par22,S,268,0,72,51,150.388,150.501
par22,S,269,0,77,59,150.875,150.979
par22,S,270,0,79,64,151.366,151.48
par22,S,271,0,76,62,152.004,152.132
par22,S,272,0,74,62,152.46,152.571
par22,S,273,0,72,53,152.909,153.027
par22,S,274,0,77,62,153.328,153.426
par22,S,275,0,79,52,153.769,153.923
par22,S,276,0,76,62,154.317,154.453
par22,S,277,0,74,59,154.812,154.926
par22,S,278,0,72,50,155.269,155.392
par22,S,279,0,77,60,155.698,155.808
par22,S,280,0,79,53,156.18,156.301
par22,S,281,0,76,57,156.753,156.871
par22,S,282,0,74,58,157.212,157.312
par22,S,283,0,72,57,157.646,157.77
par22,S,284,0,77,61,158.132,158.241
par22,S,285,0,79,56,158.61,158.73
par22,S,286,0,77,57,159.218,159.34
par22,S,287,0,79,48,159.685,159.829
par22,S,288,0,76,59,160.367,160.481
par22,S,289,0,74,56,160.771,160.864
par22,S,290,0,72,59,161.223,161.346
par22,S,291,0,77,59,161.637,161.754
par22,S,292,0,79,63,162.046,162.195
par22,S,293,0,76,58,162.585,162.737
par22,S,294,0,74,63,163.007,163.094
par22,S,295,0,72,58,163.426,163.503
par22,S,296,0,77,58,164.131,164.23
par22,S,297,0,79,67,164.508,164.604
par22,S,298,0,76,55,165.03,165.127
par22,S,299,0,74,63,165.444,165.548
par22,S,300,0,72,63,165.873,165.963
par22,S,301,0,77,54,166.468,166.569
par22,S,302,0,79,55,166.893,166.98
par22,S,303,0,76,66,167.308,167.434
par22,S,304,0,74,62,167.748,167.854
par22,S,305,0,72,60,168.261,168.345
par22,S,306,0,74,58,170.221,170.302
par22,S,307,0,72,59,170.637,170.749
par22,S,308,0,76,54,171.092,171.196
par22,S,309,0,77,55,171.485,171.632
par22,S,310,0,79,66,171.915,172.027
par22,S,311,0,74,51,172.339,172.463
par22,S,312,0,72,56,172.766,172.872
par22,S,313,0,76,50,173.151,173.269
par22,S,314,0,77,56,173.57,173.695
par22,S,315,0,79,56,173.987,174.1
par22,S,316,0,74,62,174.426,174.538
par22,S,317,0,72,50,174.853,174.969
par22,S,318,0,76,55,175.285,175.399
par22,S,319,0,77,62,175.764,175.875
par22,S,320,0,79,60,176.226,176.322
par22,S,321,0,74,58,176.671,176.768
par22,S,322,0,72,47,177.087,177.212
par22,S,323,0,76,58,177.505,177.701
par22,S,324,0,77,61,178.015,178.111
par22,S,325,0,79,61,178.556,178.649
par22,S,326,0,72,57,179.973,180.088
par22,S,327,0,74,56,180.414,180.532
par22,S,328,0,76,64,180.866,181.0
par22,S,329,0,77,44,181.307,181.413
par22,S,330,0,79,49,181.717,181.836
par22,S,331,0,72,52,182.179,182.287
par22,S,332,0,74,54,182.644,182.764
par22,S,333,0,76,57,183.072,183.174
par22,S,334,0,77,56,183.494,183.605
par22,S,335,0,79,46,183.955,184.091
par22,S,336,0,72,40,184.479,184.694
par22,S,337,0,74,60,184.965,185.071
par22,S,338,0,76,51,185.427,185.511
par22,S,339,0,77,51,185.88,185.995
par22,S,340,0,79,57,186.356,186.459
par22,S,341,0,72,59,186.846,186.943
par22,S,342,0,74,54,187.328,187.439
par22,S,343,0,76,60,187.748,187.875
par22,S,344,0,77,58,188.166,188.273
par22,S,345,0,79,58,188.611,188.712
par22,S,346,0,79,43,189.088,189.213
par22,S,347,0,77,53,189.543,189.672
par22,S,348,0,76,59,189.991,190.118
par22,S,349,0,74,54,190.464,190.563
par22,S,350,0,72,41,190.88,191.021
par22,S,351,0,79,61,191.302,191.466
par22,S,352,0,77,38,191.74,191.869
par22,S,353,0,76,55,192.191,192.309
par22,S,354,0,74,58,192.606,192.701
par22,S,355,0,72,47,193.043,193.175
par22,S,356,0,79,51,193.48,193.616
par22,S,357,0,77,53,193.915,194.045
par22,S,358,0,76,54,194.369,194.486
par22,S,0,1,72,58,4.9,5.02
par22,S,1,1,74,57,5.408,5.522
par22,S,2,1,76,52,5.946,6.031
par22,S,3,1,77,60,6.421,6.553
par22,S,4,1,79,54,6.939,7.114
par22,S,5,1,72,50,7.456,7.597
par22,S,6,1,74,51,7.92,8.043
par22,S,7,1,76,44,8.393,8.495
par22,S,8,1,77,59,8.829,8.943
par22,S,9,1,79,57,9.277,9.426
par22,S,10,1,72,56,9.743,9.894
par22,S,11,1,74,56,10.217,10.342
par22,S,12,1,76,61,10.666,10.777
par22,S,13,1,77,55,11.114,11.255
par22,S,14,1,79,54,11.555,11.701
par22,S,15,1,72,55,12.029,12.161
par22,S,16,1,74,57,12.495,12.616
par22,S,17,1,76,53,12.965,13.073
par22,S,18,1,77,55,13.398,13.533
par22,S,19,1,79,53,13.877,14.009
par22,S,20,1,79,52,14.367,14.499
par22,S,21,1,77,48,14.792,14.932
par22,S,22,1,76,48,15.263,15.404
par22,S,23,1,74,61,15.718,15.837
par22,S,24,1,72,45,16.164,16.3
par22,S,25,1,79,51,16.614,16.793
par22,S,26,1,77,36,17.09,17.208
par22,S,27,1,76,48,17.544,17.66
par22,S,28,1,74,56,17.998,18.111
par22,S,29,1,72,44,18.453,18.602
par22,S,30,1,79,55,18.906,19.051
par22,S,31,1,77,54,19.339,19.459
par22,S,32,1,76,48,19.804,19.912
par22,S,33,1,74,59,20.264,20.369
par22,S,34,1,72,52,20.707,20.855
par22,S,35,1,79,49,21.132,21.287
par22,S,36,1,77,33,21.639,21.761
par22,S,37,1,76,56,22.114,22.229
par22,S,38,1,74,55,22.561,22.668
par22,S,39,1,72,47,23.022,23.154
par22,S,40,1,74,56,23.572,23.678
par22,S,41,1,76,60,24.05,24.175
par22,S,42,1,77,60,24.498,24.623
par22,S,43,1,79,58,24.954,25.078
par22,S,44,1,72,49,25.41,25.519
par22,S,45,1,74,51,25.923,26.005
par22,S,46,1,76,60,26.401,26.507
par22,S,47,1,77,62,26.856,26.977
par22,S,48,1,79,49,27.324,27.455
par22,S,49,1,72,62,27.805,27.91
par22,S,50,1,74,58,28.321,28.428
par22,S,51,1,76,56,28.78,28.9
par22,S,52,1,77,59,29.232,29.359
par22,S,53,1,79,58,29.687,29.831
par22,S,54,1,72,61,30.149,30.274
par22,S,55,1,74,56,30.635,30.745
par22,S,56,1,76,56,31.106,31.228
par22,S,57,1,77,60,31.551,31.663
par22,S,58,1,79,58,31.986,32.111
par22,S,59,1,72,46,32.476,32.602
par22,S,60,1,77,59,33.057,33.153
par22,S,61,1,76,58,33.528,33.636
par22,S,62,1,74,46,33.973,34.098
par22,S,63,1,72,48,34.45,34.574
par22,S,64,1,79,55,34.912,35.054
par22,S,65,1,77,48,35.358,35.474
par22,S,66,1,76,57,35.824,35.954
par22,S,67,1,74,60,36.305,36.411
par22,S,68,1,72,53,36.769,36.9
par22,S,69,1,79,62,37.224,37.381
par22,S,70,1,77,54,37.669,37.803
par22,S,71,1,76,55,38.14,38.258
par22,S,72,1,74,56,38.617,38.718
par22,S,73,1,72,47,39.085,39.22
par22,S,74,1,79,46,39.519,39.67
par22,S,75,1,77,55,40.0,40.129
par22,S,76,1,76,53,40.462,40.579
par22,S,77,1,74,62,40.926,41.031
par22,S,78,1,72,53,41.411,41.536
par22,S,79,1,76,65,41.981,42.098
par22,S,80,1,77,55,42.468,42.57
par22,S,81,1,79,60,42.91,43.023
par22,S,82,1,74,54,43.431,43.545
par22,S,83,1,72,53,43.877,43.991
par22,S,84,1,76,58,44.303,44.435
par22,S,85,1,77,60,44.769,44.889
par22,S,86,1,79,51,45.221,45.341
par22,S,87,1,74,55,45.661,45.78
par22,S,88,1,72,49,46.062,46.176
par22,S,89,1,76,56,46.499,46.622
par22,S,90,1,77,56,46.956,47.081
par22,S,91,1,79,55,47.4,47.523
par22,S,92,1,74,47,47.867,47.972
par22,S,93,1,72,51,48.327,48.438
par22,S,94,1,76,48,48.854,48.982
par22,S,95,1,77,60,49.301,49.44
par22,S,96,1,79,53,49.729,49.864
par22,S,97,1,74,33,50.223,50.377
par22,S,98,1,72,60,50.691,50.799
par22,S,99,1,76,58,51.315,51.415
par22,S,100,1,74,49,51.756,51.881
par22,S,101,1,72,51,52.211,52.324
par22,S,102,1,77,56,52.647,52.765
par22,S,103,1,79,38,53.149,53.247
par22,S,104,1,76,58,53.671,53.803
par22,S,105,1,74,63,54.122,54.239
par22,S,106,1,72,54,54.597,54.705
par22,S,107,1,77,60,55.013,55.127
par22,S,108,1,79,51,55.462,55.599
par22,S,109,1,76,51,55.895,56.032
par22,S,110,1,74,57,56.368,56.472
par22,S,111,1,72,55,56.815,56.958
par22,S,112,1,77,58,57.225,57.335
par22,S,113,1,79,39,57.676,57.787
par22,S,114,1,76,56,58.159,58.285
par22,S,115,1,74,56,58.633,58.722
par22,S,116,1,72,61,59.082,59.205
par22,S,117,1,77,61,59.504,59.634
par22,S,118,1,79,41,59.98,60.089
par22,S,119,1,77,50,60.455,60.572
par22,S,120,1,79,54,60.931,61.028
par22,S,121,1,76,57,61.389,61.494
par22,S,122,1,74,58,61.857,61.966
par22,S,123,1,72,46,62.294,62.414
par22,S,124,1,77,58,62.74,62.854
par22,S,125,1,79,51,63.197,63.321
par22,S,126,1,76,48,63.623,63.769
par22,S,127,1,74,54,64.118,64.212
par22,S,128,1,72,47,64.567,64.66
par22,S,129,1,77,57,64.972,65.081
par22,S,130,1,79,62,65.41,65.516
par22,S,131,1,76,51,65.836,65.965
par22,S,132,1,74,54,66.297,66.399
par22,S,133,1,72,51,66.708,66.824
par22,S,134,1,77,59,67.132,67.244
par22,S,135,1,79,64,67.573,67.68
par22,S,136,1,76,39,68.078,68.194
par22,S,137,1,74,51,68.56,68.643
par22,S,138,1,72,42,69.019,69.124
par22,S,139,1,72,37,69.536,69.672
par22,S,140,1,74,64,70.278,70.38
par22,S,141,1,72,52,70.721,70.82
par22,S,142,1,76,59,71.196,71.289
par22,S,143,1,77,51,71.652,71.76
par22,S,144,1,79,60,72.096,72.205
par22,S,145,1,74,55,72.558,72.64
par22,S,146,1,72,53,73.003,73.144
par22,S,147,1,76,56,73.439,73.563
par22,S,148,1,77,50,73.923,74.056
par22,S,149,1,79,57,74.372,74.494
par22,S,150,1,74,56,74.818,74.927
par22,S,151,1,72,55,75.235,75.348
par22,S,152,1,76,55,75.68,75.8
par22,S,153,1,77,56,76.124,76.25
par22,S,154,1,79,55,76.547,76.652
par22,S,155,1,74,9,77.027,77.116
par22,S,156,1,72,49,77.521,77.595
par22,S,157,1,76,52,77.992,78.112
par22,S,158,1,77,59,78.437,78.562
par22,S,159,1,79,65,78.85,78.977
par22,S,160,1,72,53,79.347,79.457
par22,S,161,1,74,58,79.813,79.913
par22,S,162,1,76,55,80.248,80.375
par22,S,163,1,77,59,80.692,80.814
par22,S,164,1,79,46,81.173,81.313
par22,S,165,1,72,55,81.628,81.742
par22,S,166,1,74,54,82.108,82.192
par22,S,167,1,76,53,82.535,82.648
par22,S,168,1,77,58,82.942,83.05
par22,S,169,1,79,48,83.387,83.495
par22,S,170,1,72,48,83.822,83.93
par22,S,171,1,74,52,84.308,84.409
par22,S,172,1,76,60,84.71,84.846
par22,S,173,1,77,55,85.119,85.24
par22,S,174,1,79,60,85.56,85.678
par22,S,175,1,72,54,86.026,86.147
par22,S,176,1,74,48,86.505,86.586
par22,S,177,1,76,52,86.95,87.066
par22,S,178,1,77,50,87.369,87.512
par22,S,179,1,79,59,87.801,87.939
par22,S,180,1,79,50,88.268,88.419
par22,S,181,1,77,54,88.703,88.837
par22,S,182,1,76,59,89.149,89.271
par22,S,183,1,74,54,89.617,89.722
par22,S,184,1,72,46,90.0,90.139
par22,S,185,1,79,53,90.425,90.588
par22,S,186,1,77,54,90.849,91.013
par22,S,187,1,76,46,91.295,91.438
par22,S,188,1,74,54,91.743,91.844
par22,S,189,1,72,52,92.202,92.314
par22,S,190,1,79,56,92.63,92.787
par22,S,191,1,77,49,93.06,93.222
par22,S,192,1,76,51,93.503,93.619
par22,S,193,1,74,52,93.958,94.059
par22,S,194,1,72,46,94.37,94.494
par22,S,195,1,79,46,94.816,94.968
par22,S,196,1,77,54,95.279,95.401
par22,S,197,1,76,44,95.733,95.867
par22,S,198,1,74,52,96.153,96.254
par22,S,199,1,72,45,96.609,96.719
par22,S,200,1,74,53,97.081,97.178
par22,S,201,1,76,49,97.526,97.669
par22,S,202,1,77,57,97.956,98.071
par22,S,203,1,79,54,98.398,98.522
par22,S,204,1,72,49,98.838,98.938
par22,S,205,1,74,49,99.315,99.384
par22,S,206,1,76,48,99.749,99.858
par22,S,207,1,77,59,100.164,100.296
par22,S,208,1,79,60,100.561,100.688
par22,S,209,1,72,53,101.016,101.135
par22,S,210,1,74,50,101.479,101.581
par22,S,211,1,76,52,101.901,102.01
par22,S,212,1,77,47,102.336,102.453
par22,S,213,1,79,52,102.757,102.892
par22,S,214,1,72,50,103.213,103.335
par22,S,215,1,74,50,103.683,103.765
par22,S,216,1,76,51,104.11,104.208
par22,S,217,1,77,50,104.515,104.645
par22,S,218,1,79,62,104.907,105.045
par22,S,219,1,72,48,105.376,105.472
par22,S,220,1,77,50,106.687,106.793
par22,S,221,1,76,56,107.137,107.242
par22,S,222,1,74,52,107.604,107.679
par22,S,223,1,72,53,108.012,108.13
par22,S,224,1,79,52,108.419,108.539
par22,S,225,1,77,53,108.875,108.976
par22,S,226,1,76,55,109.323,109.448
par22,S,227,1,74,49,109.789,109.87
par22,S,228,1,72,45,110.238,110.347
par22,S,229,1,79,54,110.646,110.79
par22,S,230,1,77,26,111.092,111.184
par22,S,231,1,76,47,111.539,111.655
par22,S,232,1,74,56,111.993,112.092
par22,S,233,1,72,49,112.429,112.545
par22,S,234,1,79,52,112.822,112.941
par22,S,235,1,77,57,113.247,113.375
par22,S,236,1,76,59,113.737,113.865
par22,S,237,1,74,52,114.18,114.285
par22,S,238,1,72,54,114.692,114.789
par22,S,239,1,76,55,115.832,115.917
par22,S,240,1,77,55,116.249,116.349
par22,S,241,1,79,62,116.647,116.759
par22,S,242,1,74,41,117.052,117.154
par22,S,243,1,72,39,117.504,117.597
par22,S,244,1,76,54,117.914,118.042
par22,S,245,1,77,55,118.334,118.469
par22,S,246,1,79,58,118.76,118.867
par22,S,247,1,74,46,119.196,119.292
par22,S,248,1,72,34,119.611,119.715
par22,S,249,1,76,56,120.065,120.192
par22,S,250,1,77,56,120.507,120.613
par22,S,251,1,79,62,120.942,121.064
par22,S,252,1,74,42,121.366,121.453
par22,S,253,1,72,48,121.786,121.887
par22,S,254,1,76,60,122.23,122.353
par22,S,255,1,77,50,122.681,122.802
par22,S,256,1,79,49,123.13,123.227
par22,S,257,1,74,55,123.553,123.648
par22,S,258,1,72,58,124.01,124.113
par22,S,259,1,74,60,124.928,125.022
par22,S,260,1,72,54,125.393,125.492
par22,S,261,1,76,65,126.344,126.449
par22,S,262,1,74,44,126.782,126.885
par22,S,263,1,72,54,127.251,127.356
par22,S,264,1,77,55,127.652,127.744
par22,S,265,1,79,54,128.069,128.178
par22,S,266,1,76,58,128.475,128.602
par22,S,267,1,74,54,128.932,129.037
par22,S,268,1,72,46,129.39,129.494
par22,S,269,1,77,60,129.817,129.925
par22,S,270,1,79,51,130.264,130.365
par22,S,271,1,76,40,130.718,130.817
par22,S,272,1,74,52,131.183,131.276
par22,S,273,1,72,47,131.642,131.743
par22,S,274,1,77,51,132.03,132.154
par22,S,275,1,79,44,132.461,132.594
par22,S,276,1,76,49,132.921,133.032
par22,S,277,1,74,58,133.382,133.487
par22,S,278,1,72,54,133.845,133.921
par22,S,279,1,77,63,134.263,134.374
par22,S,280,1,79,52,134.703,134.817
par22,S,281,1,77,58,135.168,135.267
par22,S,282,1,79,49,136.051,136.173
par22,S,283,1,76,57,136.5,136.604
par22,S,284,1,74,53,136.936,137.032
par22,S,285,1,72,53,137.351,137.451
par22,S,286,1,77,55,137.734,137.843
par22,S,287,1,79,50,138.174,138.272
par22,S,288,1,76,52,138.583,138.698
par22,S,289,1,74,49,139.027,139.13
par22,S,290,1,72,50,139.459,139.541
par22,S,291,1,77,54,139.921,140.013
par22,S,292,1,79,59,140.364,140.46
par22,S,293,1,76,46,140.778,140.933
par22,S,294,1,74,49,141.245,141.346
par22,S,295,1,72,52,141.682,141.753
par22,S,296,1,77,56,142.086,142.208
par22,S,297,1,79,51,142.528,142.626
par22,S,298,1,76,56,142.985,143.106
par22,S,299,1,74,55,143.413,143.51
par22,S,300,1,72,58,143.84,143.943
par22,S,301,1,74,46,144.283,144.374
par22,S,302,1,72,45,144.761,144.864
par22,S,303,1,76,55,145.205,145.311
par22,S,304,1,77,26,145.646,145.723
par22,S,305,1,79,58,146.077,146.186
par22,S,306,1,74,31,146.565,146.691
par22,S,307,1,72,62,146.959,147.054
par22,S,308,1,76,55,147.391,147.528
par22,S,309,1,77,63,147.852,147.978
par22,S,310,1,79,42,148.309,148.428
par22,S,311,1,74,47,148.737,148.855
par22,S,312,1,72,43,149.199,149.308
par22,S,313,1,76,60,149.627,149.747
par22,S,314,1,77,56,150.087,150.219
par22,S,315,1,79,63,150.496,150.629
par22,S,316,1,74,50,150.943,151.047
par22,S,317,1,72,56,151.377,151.479
par22,S,318,1,76,55,151.842,151.957
par22,S,319,1,77,59,152.311,152.449
par22,S,320,1,79,62,152.761,152.873
par22,S,321,1,72,37,153.245,153.388
par22,S,322,1,74,58,153.689,153.779
par22,S,323,1,76,48,154.143,154.24
par22,S,324,1,77,54,154.564,154.694
par22,S,325,1,79,48,154.979,155.122
par22,S,326,1,72,53,155.417,155.541
par22,S,327,1,74,55,155.862,155.962
par22,S,328,1,76,54,156.301,156.417
par22,S,329,1,77,50,156.781,156.886
par22,S,330,1,79,55,157.181,157.311
par22,S,331,1,72,52,157.664,157.766
par22,S,332,1,74,49,158.126,158.215
par22,S,333,1,76,50,158.534,158.64
par22,S,334,1,77,51,158.949,159.063
par22,S,335,1,79,33,159.38,159.485
par22,S,336,1,72,56,159.874,159.979
par22,S,337,1,74,49,160.354,160.434
par22,S,338,1,76,60,160.811,160.93
par22,S,339,1,77,53,161.251,161.357
par22,S,340,1,79,51,161.688,161.816
par22,S,341,1,79,13,162.24,162.372
par22,S,342,1,77,50,162.64,162.75
par22,S,343,1,76,58,163.074,163.203
par22,S,344,1,74,49,163.493,163.584
par22,S,345,1,72,42,163.927,164.04
par22,S,346,1,79,49,164.367,164.515
par22,S,347,1,77,55,164.824,164.947
par22,S,348,1,76,47,165.278,165.403
par22,S,349,1,74,49,165.709,165.783
par22,S,350,1,72,59,166.148,166.248
par22,S,351,1,79,36,166.589,166.705
par22,S,352,1,77,59,167.022,167.134
par22,S,353,1,76,53,167.454,167.54
par22,S,354,1,74,52,167.898,167.979
par22,S,355,1,72,46,168.323,168.435
par22,S,356,1,79,60,168.723,168.842
par22,S,357,1,77,58,169.143,169.268
par22,S,358,1,76,55,169.56,169.676
par22,S,359,1,74,46,169.973,170.085
par22,S,360,1,72,52,170.393,170.483
par22,S,361,1,74,55,170.856,170.939
par22,S,362,1,76,54,171.276,171.394
par22,S,363,1,77,58,171.694,171.818
par22,S,364,1,79,52,172.098,172.25
par22,S,365,1,72,48,172.534,172.609
par22,S,366,1,74,46,172.989,173.059
par22,S,367,1,76,50,173.39,173.475
par22,S,368,1,77,53,173.786,173.894
par22,S,369,1,79,62,174.18,174.331
par22,S,370,1,72,55,174.617,174.714
par22,S,371,1,74,49,175.063,175.164
par22,S,372,1,76,55,175.474,175.58
par22,S,373,1,77,57,175.871,176.003
par22,S,374,1,79,53,176.263,176.382
par22,S,375,1,72,60,176.717,176.83
par22,S,376,1,74,55,177.17,177.268
par22,S,377,1,76,55,177.602,177.705
par22,S,378,1,77,59,178.015,178.121
par22,S,379,1,79,41,178.409,178.525
par22,S,380,1,72,58,178.891,178.978
par22,S,381,1,77,62,179.331,179.431
par22,S,382,1,76,58,179.829,179.92
par22,S,383,1,74,55,180.278,180.368
par22,S,384,1,72,41,180.726,180.839
par22,S,385,1,79,52,181.106,181.232
par22,S,386,1,77,55,181.527,181.655
par22,S,387,1,76,57,181.969,182.096
par22,S,388,1,74,53,182.402,182.512
par22,S,389,1,72,44,182.827,182.941
par22,S,390,1,79,41,183.289,183.411
par22,S,391,1,77,57,183.694,183.795
par22,S,392,1,76,53,184.129,184.242
par22,S,393,1,74,54,184.537,184.635
par22,S,394,1,72,50,184.943,185.053
par22,S,395,1,79,56,185.356,185.498
par22,S,396,1,77,59,185.77,185.894
par22,S,397,1,76,52,186.216,186.333
par22,S,398,1,74,59,186.617,186.71
par22,S,399,1,72,56,187.038,187.14
par22,S,400,1,76,63,187.789,187.897
par22,S,401,1,77,61,188.187,188.29
par22,S,402,1,79,65,188.605,188.725
par22,S,403,1,74,52,189.032,189.138
par22,S,404,1,72,53,189.449,189.54
par22,S,405,1,76,49,189.94,190.073
par22,S,406,1,77,57,190.357,190.456
par22,S,407,1,79,58,190.761,190.891
par22,S,408,1,74,53,191.174,191.257
par22,S,409,1,72,44,191.6,191.668
par22,S,410,1,76,55,191.978,192.096
par22,S,411,1,77,58,192.392,192.504
par22,S,412,1,79,60,192.806,192.916
par22,S,413,1,74,49,193.188,193.258
par22,S,414,1,72,60,193.583,193.678
par22,S,415,1,76,62,193.992,194.106
par24,I,0,0,79,42,4.248,4.432
par24,I,1,0,76,46,11.866,12.056
par24,I,2,0,79,57,20.435,20.616
par24,I,3,0,74,32,28.05,28.181
par24,I,4,0,76,32,36.337,36.558
par24,I,5,0,74,32,44.415,44.601
par24,I,6,0,77,18,52.073,52.622
par24,I,7,0,76,42,56.365,56.831
par24,I,8,0,77,43,60.913,61.823
par24,I,9,0,76,43,68.373,68.962
par24,I,10,0,74,35,69.644,70.477
par24,I,11,0,72,43,76.383,77.054
par24,I,12,0,76,30,84.612,85.531
par24,I,13,0,77,31,92.126,92.749
par24,I,14,0,74,28,99.985,100.704
par24,I,15,0,72,52,101.5,102.177
par24,I,16,0,74,53,108.643,109.317
par24,I,17,0,76,24,116.408,117.151
par24,I,18,0,72,54,124.962,125.924
par24,I,19,0,79,54,133.034,133.576
par24,I,20,0,77,26,134.161,134.849
par24,I,21,0,76,52,140.651,141.106
par24,I,22,0,77,61,141.849,142.936
par24,I,23,0,74,36,148.367,148.836
par24,I,24,0,72,55,149.416,149.909
par24,I,25,0,76,47,156.626,157.039
par24,I,26,0,77,46,157.447,157.808
par24,I,0,1,76,46,1.889,2.297
par24,I,1,1,76,40,3.081,3.496
par24,I,2,1,76,33,4.304,4.747
par24,I,3,1,76,30,5.546,5.945
par24,I,4,1,76,27,6.709,7.148
par24,I,5,1,76,28,7.944,8.37
par24,I,6,1,76,35,9.174,9.495
par24,I,7,1,72,36,10.315,10.843
par24,I,8,1,72,28,11.632,12.066
par24,I,9,1,72,14,12.77,13.213
par24,I,10,1,72,35,14.022,14.361
par24,I,11,1,77,43,15.203,15.629
par24,I,12,1,77,23,16.409,16.871
par24,I,13,1,77,31,17.629,18.062
par24,I,14,1,77,27,18.884,19.248
par24,I,15,1,74,32,20.132,20.55
par24,I,16,1,74,36,21.33,21.735
par24,I,17,1,74,33,22.546,22.908
par24,I,18,1,74,30,23.767,24.049
par24,I,19,1,76,28,24.94,25.417
par24,I,20,1,76,27,26.137,26.704
par24,I,21,1,76,39,27.43,28.032
par24,I,22,1,76,26,28.709,29.043
par24,I,23,1,72,40,29.841,30.208
par24,I,24,1,72,28,31.142,31.451
par24,I,25,1,72,30,32.223,32.752
par24,I,26,1,72,24,33.559,33.839
par24,I,27,1,79,39,34.724,35.229
par24,I,28,1,79,30,35.971,36.509
par24,I,29,1,79,25,37.207,37.618
par24,I,30,1,79,24,38.375,38.762
par24,I,31,1,76,30,39.572,39.884
par24,I,32,1,77,36,40.768,41.23
par24,I,33,1,76,33,42.032,42.365
par24,I,34,1,77,44,43.243,43.552
par24,I,35,1,74,44,44.44,44.903
par24,I,36,1,72,32,45.865,46.152
par24,I,37,1,74,37,46.862,47.183
par24,I,38,1,72,28,48.143,48.487
par24,I,39,1,77,35,49.306,49.736
par24,I,40,1,74,24,50.564,50.947
par24,I,41,1,77,37,51.81,52.145
par24,I,42,1,74,42,52.971,53.261
par24,I,43,1,79,30,54.304,54.661
par24,I,44,1,76,34,55.446,55.712
par24,I,45,1,77,35,56.652,56.908
par24,I,46,1,74,27,57.898,58.218
par24,I,47,1,79,24,59.123,59.48
par24,I,48,1,76,36,60.63,60.844
par24,I,49,1,77,23,63.308,63.61
par24,I,50,1,74,32,64.693,65.039
par24,I,51,1,76,48,66.378,66.822
par24,I,52,1,76,31,67.698,68.156
par24,I,53,1,76,25,68.83,69.295
par24,I,54,1,76,20,70.028,70.494
par24,I,55,1,76,27,71.281,71.758
par24,I,56,1,76,27,72.538,72.801
par24,I,57,1,74,27,73.732,74.175
par24,I,58,1,74,28,74.885,75.42
par24,I,59,1,74,25,76.147,76.645
par24,I,60,1,74,1,77.371,77.64
par24,I,61,1,79,21,78.544,78.972
par24,I,62,1,79,12,79.807,80.151
par24,I,63,1,79,1,81.025,81.423
par24,I,64,1,79,10,82.263,82.59
par24,I,65,1,77,27,84.63,85.038
par24,I,66,1,77,22,85.851,86.147
par24,I,67,1,77,23,87.072,87.253
par24,I,68,1,76,12,88.322,88.553
par24,I,69,1,76,24,89.494,89.734
par24,I,70,1,76,27,91.95,92.179
par24,I,71,1,74,29,93.155,93.389
par24,I,72,1,76,31,94.378,94.617
par24,I,73,1,74,30,95.59,95.753
par24,I,74,1,76,28,96.848,97.045
par24,I,75,1,74,31,98.008,98.183
par24,I,76,1,76,19,99.294,99.525
par24,I,77,1,74,29,100.471,100.641
par24,I,78,1,79,39,101.717,101.968
par24,I,79,1,79,24,102.915,103.161
par24,I,80,1,79,15,104.122,104.389
par24,I,81,1,79,31,105.299,105.568
par24,I,82,1,79,23,106.594,106.941
par24,I,83,1,79,17,107.766,108.068
par24,I,84,1,79,25,108.941,109.185
par24,I,85,1,79,10,110.078,110.326
par24,I,86,1,76,19,111.483,111.642
par24,I,87,1,76,29,112.563,112.749
par24,I,88,1,76,24,113.796,114.035
par24,I,89,1,76,12,114.976,115.244
par24,I,90,1,77,24,116.319,116.573
par24,I,91,1,77,12,117.505,117.756
par24,I,92,1,77,29,118.687,118.943
par24,I,93,1,77,21,119.977,120.199
par24,I,94,1,74,22,121.171,121.422
par24,I,95,1,74,32,122.393,122.6
par24,I,96,1,74,19,123.674,123.867
par24,I,97,1,74,12,124.818,124.985
par24,I,98,1,77,24,126.02,126.242
par24,I,99,1,74,28,127.21,127.414
par24,I,100,1,77,14,128.494,128.732
par24,I,101,1,76,1,129.733,129.924
par24,I,102,1,77,25,130.953,131.169
par24,I,103,1,79,1,132.221,132.41
par24,I,104,1,76,16,133.341,133.487
par24,I,105,1,77,14,134.572,134.769
par24,I,106,1,77,35,135.794,136.011
par24,I,107,1,77,17,137.059,137.327
par24,I,108,1,77,26,139.396,139.609
par24,I,109,1,72,18,140.71,140.897
par24,I,110,1,72,10,141.9,142.076
par24,I,111,1,72,19,143.033,143.208
par24,I,112,1,74,30,145.512,145.819
par24,I,113,1,74,1,146.804,146.98
par24,I,114,1,77,36,147.389,147.609
par24,I,115,1,74,15,148.066,148.226
par24,I,116,1,74,7,149.854,150.029
par24,I,117,1,77,9,150.491,150.606
par24,I,118,1,74,5,151.063,151.233
par24,I,119,1,74,20,152.244,152.423
par24,I,120,1,74,20,153.522,153.663
par24,I,121,1,74,1,154.606,154.803
par24,I,122,1,76,9,155.94,156.359
par24,I,123,1,76,19,157.111,157.504
par24,I,124,1,76,31,158.345,158.584
par24,I,125,1,76,7,159.528,159.741
par24,I,126,1,77,1,160.808,161.086
par24,I,127,1,77,13,161.983,162.356
par24,I,128,1,77,1,163.217,163.543
par24,I,129,1,77,18,164.373,164.799
par24,I,130,1,74,7,165.646,165.974
par24,I,131,1,74,1,166.887,167.175
par24,I,132,1,74,27,167.953,168.421
par24,I,133,1,74,13,169.227,169.65
par24,I,134,1,77,6,170.464,170.918
par24,I,135,1,76,9,171.645,172.217
par24,I,136,1,77,4,172.886,173.466
par24,I,137,1,74,5,174.052,174.681
par24,I,138,1,77,13,175.403,175.93
par24,I,139,1,76,18,176.563,177.148
par24,I,140,1,77,19,177.816,178.365
par24,I,141,1,74,5,179.074,179.58
par24,I,142,1,77,1,180.304,180.74
par24,I,143,1,76,13,181.434,181.912
par24,I,144,1,77,17,182.623,183.145
par24,I,145,1,74,13,183.846,184.278
par24,I,146,1,77,14,185.133,185.504
par24,I,147,1,76,13,186.235,186.602
par24,I,148,1,74,16,187.382,187.763
par24,I,149,1,77,16,188.839,189.307
par24,I,150,1,76,22,191.185,191.736
par24,I,151,1,76,1,192.418,193.068
par24,I,152,1,76,18,193.602,194.209
par23,S,0,0,72,51,1.236,1.486
par23,S,1,0,74,40,1.879,2.1
par23,S,2,0,76,38,2.493,2.703
par23,S,3,0,77,34,3.15,3.377
par23,S,4,0,79,45,3.765,4.01
par23,S,5,0,72,33,4.852,5.129
par23,S,6,0,74,50,5.489,5.662
par23,S,7,0,76,27,6.102,6.314
par23,S,8,0,77,39,6.668,6.848
par23,S,9,0,79,37,7.309,7.604
par23,S,10,0,72,49,8.536,8.731
par23,S,11,0,74,51,9.113,9.272
par23,S,12,0,76,35,9.672,9.851
par23,S,13,0,77,39,10.27,10.42
par23,S,14,0,79,43,10.949,11.186
par23,S,15,0,72,49,12.211,12.391
par23,S,16,0,74,46,12.807,12.944
par23,S,17,0,76,40,13.401,13.602
par23,S,18,0,77,36,13.978,14.187
par23,S,19,0,79,42,14.698,14.936
par23,S,20,0,79,40,15.943,16.165
par23,S,21,0,77,42,16.512,16.672
par23,S,22,0,76,38,17.053,17.237
par23,S,23,0,74,50,17.618,17.82
par23,S,24,0,72,57,18.211,18.421
par23,S,25,0,79,40,19.509,19.705
par23,S,26,0,77,39,20.071,20.256
par23,S,27,0,76,46,20.627,20.825
par23,S,28,0,74,61,21.202,21.372
par23,S,29,0,72,51,21.773,21.948
par23,S,30,0,79,47,23.158,23.345
par23,S,31,0,77,42,23.74,23.914
par23,S,32,0,76,48,24.302,24.487
par23,S,33,0,74,53,24.864,25.038
par23,S,34,0,72,54,25.447,25.591
par23,S,35,0,79,57,26.795,26.97
par23,S,36,0,77,42,27.372,27.538
par23,S,37,0,76,49,27.969,28.134
par23,S,38,0,74,52,28.536,28.695
par23,S,39,0,72,44,29.273,29.473
par23,S,40,0,74,58,33.301,33.549
par23,S,41,0,76,29,34.227,34.43
par23,S,42,0,77,40,34.854,35.037
par23,S,43,0,79,38,35.54,35.801
par23,S,44,0,72,47,36.297,36.505
par23,S,45,0,74,46,37.772,37.95
par23,S,46,0,76,45,38.386,38.558
par23,S,47,0,77,40,39.008,39.214
par23,S,48,0,79,36,39.638,39.887
par23,S,49,0,72,56,40.292,40.474
par23,S,50,0,74,53,41.356,41.497
par23,S,51,0,76,35,41.982,42.191
par23,S,52,0,77,43,42.636,42.834
par23,S,53,0,79,39,43.231,43.442
par23,S,54,0,72,41,43.864,44.059
par23,S,55,0,74,50,44.994,45.161
par23,S,56,0,76,41,45.59,45.791
par23,S,57,0,77,37,46.213,46.406
par23,S,58,0,79,1,46.993,47.254
par23,S,59,0,72,50,47.665,47.889
par23,S,60,0,77,37,49.901,50.111
par23,S,61,0,76,41,50.53,50.709
par23,S,62,0,74,48,51.164,51.339
par23,S,63,0,72,40,51.686,51.885
par23,S,64,0,79,49,52.317,52.51
par23,S,65,0,77,48,53.563,53.785
par23,S,66,0,76,44,54.141,54.317
par23,S,67,0,74,47,54.675,54.814
par23,S,68,0,72,45,55.268,55.436
par23,S,69,0,79,38,55.985,56.216
par23,S,70,0,77,57,57.527,57.681
par23,S,71,0,76,55,58.041,58.211
par23,S,72,0,74,44,58.618,58.75
par23,S,73,0,72,42,59.136,59.29
par23,S,74,0,79,39,59.738,59.972
par23,S,75,0,77,48,61.38,61.573
par23,S,76,0,76,44,61.958,62.079
par23,S,77,0,74,58,62.46,62.641
par23,S,78,0,72,48,62.991,63.173
par23,S,79,0,79,46,63.814,64.077
par23,S,80,0,76,45,67.077,67.243
par23,S,81,0,77,30,67.7,67.893
par23,S,82,0,79,37,68.282,68.534
par23,S,83,0,74,41,68.898,69.053
par23,S,84,0,72,42,69.451,69.682
par23,S,85,0,76,45,71.712,71.893
par23,S,86,0,77,46,72.37,72.571
par23,S,87,0,79,3,73.065,73.338
par23,S,88,0,74,44,73.836,73.993
par23,S,89,0,72,37,74.387,74.569
par23,S,90,0,76,47,76.491,76.68
par23,S,91,0,77,39,77.286,77.501
par23,S,92,0,79,9,78.063,78.361
par23,S,93,0,74,44,78.999,79.164
par23,S,94,0,72,43,79.471,79.652
par23,S,95,0,76,34,81.383,81.589
par23,S,96,0,77,45,82.016,82.196
par23,S,97,0,79,35,82.614,82.846
par23,S,98,0,74,51,83.499,83.648
par23,S,99,0,72,43,84.083,84.277
par23,S,100,0,76,46,86.438,86.632
par23,S,101,0,74,43,87.008,87.19
par23,S,102,0,72,45,87.614,87.809
par23,S,103,0,77,36,88.396,88.564
par23,S,104,0,79,36,88.915,89.186
par23,S,105,0,76,52,91.173,91.361
par23,S,106,0,74,46,91.719,91.899
par23,S,107,0,72,49,92.393,92.57
par23,S,108,0,77,29,93.042,93.261
par23,S,109,0,79,45,93.644,93.861
par23,S,110,0,76,33,96.087,96.27
par23,S,111,0,74,54,96.652,96.841
par23,S,112,0,72,49,97.207,97.389
par23,S,113,0,77,28,97.812,98.008
par23,S,114,0,79,42,98.498,98.736
par23,S,115,0,76,33,101.014,101.226
par23,S,116,0,74,47,101.576,101.769
par23,S,117,0,72,54,102.16,102.341
par23,S,118,0,77,46,103.183,103.395
par23,S,119,0,79,41,103.699,103.924
par23,S,120,0,77,47,105.881,106.066
par23,S,121,0,79,33,106.517,106.753
par23,S,122,0,76,35,107.338,107.472
par23,S,123,0,74,56,108.239,108.408
par23,S,124,0,72,43,108.724,108.928
par23,S,125,0,77,42,110.649,110.844
par23,S,126,0,79,49,111.3,111.519
par23,S,127,0,76,46,111.912,112.066
par23,S,128,0,74,52,112.502,112.675
par23,S,129,0,72,43,113.073,113.279
par23,S,130,0,77,50,115.627,115.803
par23,S,131,0,79,39,116.364,116.564
par23,S,132,0,76,53,116.908,117.09
par23,S,133,0,74,50,117.384,117.557
par23,S,134,0,72,37,117.997,118.162
par23,S,135,0,77,48,120.477,120.656
par23,S,136,0,79,48,121.033,121.272
par23,S,137,0,76,64,121.655,121.838
par23,S,138,0,74,47,122.195,122.366
par23,S,139,0,72,48,122.923,123.115
par23,S,140,0,74,46,125.414,125.589
par23,S,141,0,72,45,126.087,126.267
par23,S,142,0,76,24,126.723,126.911
par23,S,143,0,77,37,127.27,127.471
par23,S,144,0,79,41,127.836,128.143
par23,S,145,0,74,53,130.212,130.39
par23,S,146,0,72,42,130.746,130.923
par23,S,147,0,76,32,131.378,131.555
par23,S,148,0,77,36,131.918,132.128
par23,S,149,0,79,54,132.474,132.681
par23,S,150,0,74,55,135.076,135.245
par23,S,151,0,72,51,135.59,135.787
par23,S,152,0,76,39,136.229,136.413
par23,S,153,0,77,46,136.773,136.963
par23,S,154,0,79,42,137.384,137.623
par23,S,155,0,74,55,139.971,140.121
par23,S,156,0,72,46,140.461,140.663
par23,S,157,0,76,30,141.144,141.336
par23,S,158,0,77,46,141.675,141.89
par23,S,159,0,79,53,142.308,142.531
par23,S,160,0,72,55,149.733,149.959
par23,S,161,0,74,53,150.322,150.497
par23,S,162,0,76,52,150.895,151.054
par23,S,163,0,77,47,151.441,151.639
par23,S,164,0,79,50,152.077,152.305
par23,S,165,0,72,52,154.64,154.869
par23,S,166,0,74,49,155.141,155.326
par23,S,167,0,76,43,155.636,155.81
par23,S,168,0,77,49,156.204,156.439
par23,S,169,0,79,24,156.952,157.275
par23,S,170,0,72,52,159.386,159.564
par23,S,171,0,74,52,159.921,160.108
par23,S,172,0,76,38,160.512,160.702
par23,S,173,0,77,47,161.028,161.239
par23,S,174,0,79,39,161.83,162.017
par23,S,175,0,72,53,164.375,164.54
par23,S,176,0,74,48,164.904,165.069
par23,S,177,0,76,44,165.462,165.605
par23,S,178,0,77,38,165.978,166.153
par23,S,179,0,79,48,166.566,166.751
par23,S,180,0,79,52,169.163,169.362
par23,S,181,0,77,38,169.661,169.877
par23,S,182,0,76,46,170.231,170.39
par23,S,183,0,74,54,170.765,170.911
par23,S,184,0,72,48,171.446,171.583
par23,S,185,0,79,45,173.865,174.077
par23,S,186,0,77,36,174.474,174.635
par23,S,187,0,76,43,175.053,175.207
par23,S,188,0,74,45,175.513,175.685
par23,S,189,0,72,46,176.202,176.382
par23,S,190,0,79,40,178.791,178.993
par23,S,191,0,77,27,179.385,179.57
par23,S,192,0,76,40,179.901,180.08
par23,S,193,0,74,56,180.501,180.654
par23,S,194,0,72,52,181.062,181.199
par23,S,195,0,79,32,183.695,183.898
par23,S,196,0,77,31,184.296,184.491
par23,S,197,0,76,47,184.845,185.007
par23,S,198,0,74,41,185.447,185.602
par23,S,199,0,72,47,186.086,186.238
par23,S,200,0,74,53,188.699,188.849
par23,S,201,0,76,30,189.325,189.502
par23,S,202,0,77,47,189.817,190.024
par23,S,203,0,79,41,190.359,190.561
par23,S,204,0,72,43,190.994,191.169
par23,S,205,0,74,52,193.539,193.689
par23,S,206,0,76,48,194.004,194.152
par23,S,0,1,72,47,1.316,1.491
par23,S,1,1,74,42,1.843,2.001
par23,S,2,1,76,33,2.356,2.549
par23,S,3,1,77,45,2.947,3.187
par23,S,4,1,79,42,3.519,3.75
par23,S,5,1,72,44,4.979,5.164
par23,S,6,1,74,46,5.519,5.698
par23,S,7,1,76,43,6.103,6.273
par23,S,8,1,77,38,6.652,6.851
par23,S,9,1,79,40,7.254,7.407
par23,S,10,1,72,50,8.684,8.864
par23,S,11,1,74,49,9.2,9.338
par23,S,12,1,76,33,9.811,10.006
par23,S,13,1,77,39,10.348,10.54
par23,S,14,1,79,46,10.975,11.169
par23,S,15,1,72,51,12.657,12.856
par23,S,16,1,74,47,13.204,13.357
par23,S,17,1,76,46,13.739,13.895
par23,S,18,1,77,42,14.315,14.492
par23,S,19,1,79,14,14.894,15.145
par23,S,20,1,77,29,16.976,17.169
par23,S,21,1,79,41,17.64,17.844
par23,S,22,1,77,42,18.221,18.386
par23,S,23,1,76,43,18.745,18.879
par23,S,24,1,74,40,19.214,19.323
par23,S,25,1,72,45,19.785,19.944
par23,S,26,1,79,23,21.776,22.005
par23,S,27,1,77,42,22.385,22.568
par23,S,28,1,76,37,23.032,23.14
par23,S,29,1,74,47,23.563,23.705
par23,S,30,1,72,45,24.122,24.268
par23,S,31,1,79,45,26.618,26.83
par23,S,32,1,77,24,27.235,27.421
par23,S,33,1,76,38,27.854,28.001
par23,S,34,1,74,48,28.398,28.536
par23,S,35,1,72,46,28.971,29.112
par23,S,36,1,79,1,31.571,31.806
par23,S,37,1,77,38,32.186,32.373
par23,S,38,1,76,39,32.797,32.958
par23,S,39,1,74,47,33.342,33.515
par23,S,40,1,72,49,33.99,34.122
par23,S,41,1,74,54,36.89,37.057
par23,S,42,1,76,43,37.537,37.701
par23,S,43,1,77,36,38.075,38.229
par23,S,44,1,79,43,38.572,38.785
par23,S,45,1,72,41,39.181,39.358
par23,S,46,1,74,54,41.393,41.533
par23,S,47,1,76,49,41.999,42.15
par23,S,48,1,77,28,42.595,42.774
par23,S,49,1,79,43,43.134,43.357
par23,S,50,1,72,36,43.753,43.92
par23,S,51,1,74,31,46.268,46.424
par23,S,52,1,76,38,46.777,46.971
par23,S,53,1,77,31,47.723,47.898
par23,S,54,1,79,40,48.177,48.383
par23,S,55,1,72,51,48.684,48.842
par23,S,56,1,74,56,51.125,51.268
par23,S,57,1,76,36,51.681,51.899
par23,S,58,1,77,28,52.253,52.417
par23,S,59,1,79,33,52.71,52.934
par23,S,60,1,72,49,53.394,53.552
par23,S,61,1,77,38,56.079,56.227
par23,S,62,1,76,31,56.613,56.772
par23,S,63,1,74,47,57.125,57.282
par23,S,64,1,72,50,57.671,57.84
par23,S,65,1,79,48,58.282,58.474
par23,S,66,1,77,37,60.756,60.908
par23,S,67,1,76,33,61.3,61.455
par23,S,68,1,74,50,61.846,61.996
par23,S,69,1,72,26,62.427,62.636
par23,S,70,1,79,31,63.032,63.233
par23,S,71,1,77,29,65.677,65.84
par23,S,72,1,76,54,66.176,66.329
par23,S,73,1,74,42,66.745,66.888
par23,S,74,1,72,42,67.288,67.446
par23,S,75,1,79,50,67.881,68.047
par23,S,76,1,77,35,70.513,70.723
par23,S,77,1,76,45,71.035,71.205
par23,S,78,1,74,43,71.613,71.751
par23,S,79,1,72,37,72.212,72.37
par23,S,80,1,79,47,72.818,72.995
par23,S,81,1,76,30,75.617,75.81
par23,S,82,1,77,27,76.165,76.329
par23,S,83,1,79,39,76.697,76.893
par23,S,84,1,74,47,77.236,77.343
par23,S,85,1,72,38,77.769,77.922
par23,S,86,1,76,16,80.261,80.486
par23,S,87,1,77,34,80.813,80.967
par23,S,88,1,79,50,81.326,81.56
par23,S,89,1,74,44,81.994,82.121
par23,S,90,1,72,40,82.531,82.685
par23,S,91,1,76,31,85.283,85.441
par23,S,92,1,77,39,85.79,85.96
par23,S,93,1,79,50,86.283,86.483
par23,S,94,1,74,43,86.914,87.02
par23,S,95,1,72,42,87.469,87.629
par23,S,96,1,76,34,89.988,90.182
par23,S,97,1,77,45,90.512,90.653
par23,S,98,1,79,43,91.067,91.277
par23,S,99,1,74,40,91.799,91.964
par23,S,100,1,72,43,92.348,92.507
par23,S,101,1,76,32,94.852,95.064
par23,S,102,1,74,55,95.473,95.625
par23,S,103,1,72,46,96.071,96.243
par23,S,104,1,77,38,97.165,97.374
par23,S,105,1,79,24,97.615,97.856
par23,S,106,1,76,37,99.705,99.858
par23,S,107,1,74,52,100.298,100.448
par23,S,108,1,72,46,100.879,101.073
par23,S,109,1,77,42,101.601,101.743
par23,S,110,1,79,37,102.085,102.263
par23,S,111,1,76,20,104.571,104.774
par23,S,112,1,74,49,105.127,105.272
par23,S,113,1,72,53,105.707,105.885
par23,S,114,1,77,39,106.252,106.422
par23,S,115,1,79,56,106.898,107.094
par23,S,116,1,76,31,109.541,109.719
par23,S,117,1,74,48,110.047,110.213
par23,S,118,1,72,54,110.624,110.807
par23,S,119,1,77,40,111.156,111.314
par23,S,120,1,79,40,111.817,112.025
par23,S,121,1,77,37,114.334,114.532
par23,S,122,1,79,42,114.923,115.14
par23,S,123,1,76,41,115.559,115.749
par23,S,124,1,74,45,116.13,116.265
par23,S,125,1,72,43,116.703,116.857
par23,S,126,1,77,32,119.274,119.451
par23,S,127,1,79,44,119.881,120.079
par23,S,128,1,76,37,120.487,120.673
par23,S,129,1,74,39,121.0,121.14
par23,S,130,1,72,43,121.572,121.718
par23,S,131,1,77,22,124.05,124.287
par23,S,132,1,79,41,124.586,124.777
par23,S,133,1,76,46,125.211,125.388
par23,S,134,1,74,43,125.756,125.925
par23,S,135,1,72,44,126.378,126.516
par23,S,136,1,77,39,128.915,129.126
par23,S,137,1,79,49,129.476,129.693
par23,S,138,1,76,53,130.043,130.183
par23,S,139,1,74,54,130.608,130.78
par23,S,140,1,72,43,131.187,131.359
par23,S,141,1,74,56,134.37,134.575
par23,S,142,1,72,46,134.932,135.11
par23,S,143,1,76,44,135.496,135.695
par23,S,144,1,77,44,136.025,136.2
par23,S,145,1,79,36,136.575,136.784
par23,S,146,1,74,56,138.674,138.856
par23,S,147,1,72,47,139.222,139.4
par23,S,148,1,76,39,139.823,140.006
par23,S,149,1,77,38,140.421,140.598
par23,S,150,1,79,50,140.995,141.211
par23,S,151,1,74,57,143.588,143.737
par23,S,152,1,72,37,144.114,144.307
par23,S,153,1,76,53,144.678,144.832
par23,S,154,1,77,35,145.31,145.468
par23,S,155,1,79,43,145.873,146.059
par23,S,156,1,74,42,148.305,148.461
par23,S,157,1,72,49,148.995,149.152
par23,S,158,1,76,43,149.568,149.776
par23,S,159,1,77,46,150.17,150.332
par23,S,160,1,79,60,150.814,151.007
par23,S,161,1,72,33,153.381,153.561
par23,S,162,1,74,55,153.909,154.118
par23,S,163,1,76,43,154.483,154.657
par23,S,164,1,77,46,155.038,155.218
par23,S,165,1,79,43,155.658,155.86
par23,S,166,1,72,49,158.204,158.38
par23,S,167,1,74,45,158.723,158.906
par23,S,168,1,76,36,159.339,159.507
par23,S,169,1,77,39,159.884,160.097
par23,S,170,1,79,43,160.465,160.641
par23,S,171,1,72,39,162.905,163.143
par23,S,172,1,74,51,163.559,163.74
par23,S,173,1,76,43,164.145,164.334
par23,S,174,1,77,37,164.695,164.872
par23,S,175,1,79,40,165.293,165.482
par23,S,176,1,72,51,167.871,168.032
par23,S,177,1,74,44,168.407,168.561
par23,S,178,1,76,34,168.976,169.162
par23,S,179,1,77,41,169.557,169.72
par23,S,180,1,79,43,170.08,170.269
par23,S,181,1,79,44,172.748,172.937
par23,S,182,1,77,30,173.266,173.428
par23,S,183,1,76,43,173.852,174.022
par23,S,184,1,74,29,174.332,174.507
par23,S,185,1,72,29,174.925,175.061
par23,S,186,1,79,46,177.516,177.725
par23,S,187,1,77,37,178.136,178.271
par23,S,188,1,76,30,178.712,178.909
par23,S,189,1,74,38,179.292,179.431
par23,S,190,1,72,37,179.768,179.955
par23,S,191,1,79,42,182.521,182.723
par23,S,192,1,77,31,183.074,183.258
par23,S,193,1,76,49,183.598,183.76
par23,S,194,1,74,44,184.189,184.324
par23,S,195,1,72,43,184.835,184.959
par23,S,196,1,79,55,187.388,187.589
par23,S,197,1,77,30,187.904,188.142
par23,S,198,1,76,35,188.508,188.702
par23,S,199,1,74,45,189.111,189.275
par23,S,200,1,72,46,189.714,189.853
par23,S,201,1,74,53,192.412,192.556
par23,S,202,1,76,35,193.077,193.221
par23,S,203,1,77,42,193.539,193.723
par23,S,204,1,79,34,194.042,194.236
par25,I,0,0,72,12,2.543,2.933
par25,I,1,0,74,61,2.998,3.365
par25,I,2,0,76,70,3.337,3.691
par25,I,3,0,77,72,3.657,4.054
par25,I,4,0,79,79,3.997,5.101
par25,I,5,0,77,54,4.694,5.276
par25,I,6,0,79,77,5.48,6.483
par25,I,7,0,76,55,5.973,6.539
par25,I,8,0,74,60,6.46,7.109
par25,I,9,0,76,67,6.96,7.464
par25,I,10,0,77,71,7.398,8.227
par25,I,11,0,77,69,8.53,9.32
par25,I,12,0,72,62,8.89,9.363
par25,I,13,0,76,69,9.279,9.51
par25,I,14,0,74,63,9.27,9.676
par25,I,15,0,76,66,9.604,9.855
par25,I,16,0,72,54,10.179,10.614
par25,I,17,0,74,66,10.469,10.797
par25,I,18,0,76,74,10.72,11.038
par25,I,19,0,77,64,10.993,11.557
par25,I,20,0,79,53,11.422,11.88
par25,I,21,0,76,91,12.416,12.73
par25,I,22,0,76,88,12.976,13.31
par25,I,23,0,76,89,13.574,13.867
par25,I,24,0,72,73,13.848,14.087
par25,I,25,0,76,93,14.119,14.477
par25,I,26,0,76,88,14.639,14.892
par25,I,27,0,76,84,15.133,15.411
par25,I,28,0,72,82,15.402,15.67
par25,I,29,0,76,87,15.651,16.205
par25,I,30,0,79,93,16.142,16.6
par25,I,31,0,79,27,16.671,16.71
par25,I,32,0,79,87,16.813,17.25
par25,I,33,0,79,80,17.418,17.729
par25,I,34,0,77,87,17.644,18.025
par25,I,35,0,76,79,17.972,18.405
par25,I,36,0,76,71,18.524,18.767
par25,I,37,0,76,68,18.988,19.209
par25,I,38,0,76,55,19.428,19.802
par25,I,39,0,76,72,20.151,20.501
par25,I,40,0,77,76,20.472,20.825
par25,I,41,0,74,93,20.793,21.118
par25,I,42,0,74,85,21.316,21.55
par25,I,43,0,74,85,21.823,22.054
par25,I,44,0,76,75,22.333,22.607
par25,I,45,0,72,82,22.585,22.876
par25,I,46,0,74,94,22.838,23.278
par25,I,47,0,72,94,23.255,23.828
par25,I,48,0,74,90,23.808,24.192
par25,I,49,0,74,88,24.335,24.482
par25,I,50,0,74,81,24.833,25.172
par25,I,51,0,77,80,25.14,25.414
par25,I,52,0,76,89,25.391,25.71
par25,I,53,0,76,92,25.876,26.078
par25,I,54,0,76,93,26.33,26.557
par25,I,55,0,76,88,26.803,27.074
par25,I,56,0,77,85,27.031,27.518
par25,I,57,0,74,94,27.427,27.802
par25,I,58,0,74,81,27.913,28.214
par25,I,59,0,74,84,28.408,28.67
par25,I,60,0,72,79,28.957,29.278
par25,I,61,0,76,95,29.242,29.577
par25,I,62,0,77,91,29.533,29.93
par25,I,63,0,77,93,30.077,30.31
par25,I,64,0,77,83,30.552,30.79
par25,I,65,0,79,73,31.015,31.368
par25,I,66,0,76,78,31.301,31.486
par25,I,67,0,74,78,31.311,32.007
par25,I,68,0,79,70,32.271,32.562
par25,I,69,0,74,80,32.479,32.956
par25,I,70,0,76,91,33.279,33.452
par25,I,71,0,76,90,33.681,33.948
par25,I,72,0,72,85,34.215,34.863
par25,I,73,0,72,76,35.142,35.393
par25,I,74,0,74,99,35.361,35.776
par25,I,75,0,76,84,35.745,36.086
par25,I,76,0,77,75,36.029,36.501
par25,I,77,0,79,73,36.37,36.687
par25,I,78,0,79,83,36.888,37.301
par25,I,79,0,76,86,37.233,37.857
par25,I,80,0,72,71,37.835,38.3
par25,I,81,0,72,95,38.78,39.199
par25,I,82,0,74,84,39.142,39.386
par25,I,83,0,72,87,39.8,40.094
par25,I,84,0,74,96,40.061,40.448
par25,I,85,0,77,80,40.773,41.595
par25,I,86,0,74,93,41.541,42.119
par25,I,87,0,74,88,42.373,42.833
par25,I,88,0,79,77,42.799,43.16
par25,I,89,0,74,86,43.092,43.817
par25,I,90,0,72,75,43.803,44.247
par25,I,91,0,72,67,44.452,44.779
par25,I,92,0,76,68,44.761,45.143
par25,I,93,0,77,71,45.097,45.572
par25,I,94,0,77,79,45.688,46.029
par25,I,95,0,77,83,46.252,46.603
par25,I,96,0,77,78,46.79,47.333
par25,I,97,0,74,3,47.162,47.52
par25,I,98,0,72,69,47.729,48.023
par25,I,99,0,72,72,48.265,48.567
par25,I,100,0,72,78,48.84,49.142
par25,I,101,0,74,89,49.094,49.343
par25,I,102,0,76,90,49.306,49.634
par25,I,103,0,77,79,49.591,49.827
par25,I,104,0,79,67,49.787,50.114
par25,I,105,0,77,82,50.24,50.403
par25,I,106,0,77,67,50.514,50.589
par25,I,107,0,77,74,50.73,50.885
par25,I,108,0,77,81,51.211,51.306
par25,I,109,0,77,82,51.465,51.555
par25,I,110,0,77,66,52.449,53.083
par25,I,111,0,74,75,53.018,53.526
par25,I,112,0,74,74,54.05,54.597
par25,I,113,0,76,79,54.538,54.944
par25,I,114,0,77,72,54.867,55.092
par25,I,115,0,79,64,55.113,55.291
par25,I,116,0,81,50,55.691,55.796
par25,I,117,0,79,52,55.687,56.354
par25,I,118,0,76,76,56.268,56.861
par25,I,119,0,72,51,56.738,57.154
par25,I,120,0,72,67,57.378,57.981
par25,I,121,0,76,88,57.86,58.398
par25,I,122,0,79,82,58.322,58.845
par25,I,123,0,76,87,58.787,59.266
par25,I,124,0,72,67,59.197,59.776
par25,I,125,0,72,73,60.093,60.467
par25,I,126,0,72,80,60.769,61.092
par25,I,127,0,72,73,61.47,61.777
par25,I,128,0,74,92,61.754,62.092
par25,I,129,0,76,93,62.056,62.428
par25,I,130,0,76,82,62.652,62.979
par25,I,131,0,76,80,63.246,63.563
par25,I,132,0,76,78,63.806,64.121
par25,I,133,0,74,89,64.071,64.398
par25,I,134,0,72,1,64.833,65.271
par25,I,135,0,72,59,65.546,65.823
par25,I,136,0,72,62,66.103,66.364
par25,I,137,0,72,73,66.676,66.94
par25,I,138,0,76,81,67.311,67.629
par25,I,139,0,77,67,67.605,67.967
par25,I,140,0,79,80,67.921,68.316
par25,I,141,0,79,74,68.503,68.781
par25,I,142,0,79,75,69.029,69.317
par25,I,143,0,79,74,69.579,70.261
par25,I,144,0,77,86,70.209,70.525
par25,I,145,0,76,92,70.48,70.826
par25,I,146,0,76,91,71.011,71.271
par25,I,147,0,76,85,71.483,71.796
par25,I,148,0,76,74,72.0,72.317
par25,I,149,0,76,82,72.492,72.921
par25,I,150,0,72,73,72.898,73.112
par25,I,151,0,76,91,73.144,73.668
par25,I,152,0,79,82,73.608,73.997
par25,I,153,0,76,83,74.082,74.282
par25,I,154,0,76,91,74.571,74.793
par25,I,155,0,76,82,75.02,75.278
par25,I,156,0,76,83,75.505,75.763
par25,I,157,0,77,88,75.739,76.066
par25,I,158,0,74,89,76.013,76.317
par25,I,159,0,74,90,76.493,76.78
par25,I,160,0,74,77,76.997,77.23
par25,I,161,0,74,73,77.449,77.721
par25,I,162,0,76,84,77.694,77.976
par25,I,163,0,77,84,77.937,78.26
par25,I,164,0,77,89,78.421,78.625
par25,I,165,0,77,86,78.888,79.111
par25,I,166,0,77,86,79.338,80.021
par25,I,167,0,72,73,79.78,80.146
par25,I,168,0,72,80,80.292,80.496
par25,I,169,0,72,86,80.712,80.946
par25,I,170,0,72,80,81.176,81.557
par25,I,171,0,76,73,81.499,81.824
par25,I,172,0,77,87,81.781,82.089
par25,I,173,0,77,79,82.278,82.508
par25,I,174,0,77,76,82.738,83.009
par25,I,175,0,77,94,83.51,83.89
par25,I,176,0,74,91,83.8,84.208
par25,I,177,0,76,90,84.149,84.597
par25,I,178,0,76,80,84.706,84.992
par25,I,179,0,76,85,85.173,85.478
par25,I,180,0,76,88,85.682,86.046
par25,I,181,0,72,93,86.0,86.297
par25,I,182,0,74,99,86.267,86.653
par25,I,183,0,74,81,86.764,86.986
par25,I,184,0,74,90,87.207,87.352
par25,I,185,0,74,49,87.687,88.2
par25,I,186,0,76,72,88.143,88.687
par25,I,187,0,79,64,88.652,89.425
par25,I,188,0,79,94,89.769,90.197
par25,I,189,0,76,60,90.096,90.723
par25,I,190,0,72,70,90.639,91.051
par25,I,191,0,72,90,91.256,91.478
par25,I,192,0,72,94,91.803,92.044
par25,I,193,0,72,88,92.294,92.606
par25,I,194,0,72,85,92.82,93.186
par25,I,195,0,76,89,93.144,93.446
par25,I,196,0,77,81,93.399,93.73
par25,I,197,0,77,86,93.889,94.165
par25,I,198,0,77,70,94.386,94.696
par25,I,199,0,77,68,94.966,95.281
par25,I,200,0,76,84,95.226,95.556
par25,I,201,0,74,92,95.509,95.862
par25,I,202,0,74,81,95.996,96.301
par25,I,203,0,74,83,96.542,96.825
par25,I,204,0,74,79,97.05,97.382
par25,I,205,0,76,68,97.279,97.596
par25,I,206,0,77,82,97.553,97.897
par25,I,207,0,77,77,98.058,98.298
par25,I,208,0,77,77,98.496,98.727
par25,I,209,0,77,64,98.981,99.476
par25,I,210,0,76,84,99.305,99.698
par25,I,211,0,74,94,99.658,100.149
par25,I,212,0,74,74,100.249,100.575
par25,I,213,0,74,72,101.665,101.877
par25,I,214,0,74,69,102.107,102.332
par25,I,215,0,74,70,102.669,102.948
par25,I,216,0,74,69,103.244,103.616
par25,I,217,0,74,76,103.889,104.453
par25,I,218,0,76,86,104.454,104.688
par25,I,219,0,76,72,104.934,105.141
par25,I,220,0,76,76,105.351,105.919
par25,I,221,0,77,87,105.882,106.45
par25,I,222,0,74,66,106.311,106.695
par25,I,223,0,74,90,106.843,107.152
par25,I,224,0,74,80,107.375,107.775
par25,I,225,0,74,84,107.948,108.218
par25,I,226,0,72,68,108.183,108.501
par25,I,227,0,74,89,108.475,108.784
par25,I,228,0,76,88,108.74,109.027
par25,I,229,0,77,79,108.981,109.312
par25,I,230,0,79,66,109.246,109.528
par25,I,231,0,79,65,109.754,110.151
par25,I,232,0,81,60,110.368,110.542
par25,I,233,0,79,56,110.361,110.785
par25,I,234,0,79,85,110.937,111.362
par25,I,235,0,79,75,111.493,111.783
par25,I,236,0,76,89,111.708,112.061
par25,I,237,0,74,86,112.016,112.34
par25,I,238,0,74,85,112.554,112.826
par25,I,239,0,74,65,113.091,113.536
par25,I,240,0,76,75,113.678,113.889
par25,I,241,0,76,54,113.959,114.246
par25,I,242,0,74,64,114.158,114.654
par25,I,243,0,76,62,114.774,114.972
par25,I,244,0,76,68,115.161,115.359
par25,I,245,0,76,73,115.451,115.514
par25,I,246,0,76,87,115.612,115.747
par25,I,247,0,76,92,115.882,116.09
par25,I,248,0,76,82,116.361,116.749
par25,I,249,0,72,78,116.667,117.062
par25,I,250,0,72,78,117.234,117.461
par25,I,251,0,72,77,117.727,118.028
par25,I,252,0,72,70,118.243,118.503
par25,I,253,0,74,84,118.459,118.738
par25,I,254,0,76,78,118.708,119.009
par25,I,255,0,76,79,119.243,119.477
par25,I,256,0,76,84,119.683,119.941
par25,I,257,0,76,84,120.179,120.492
par25,I,258,0,77,86,120.461,120.842
par25,I,259,0,74,80,120.745,121.101
par25,I,260,0,74,89,121.254,121.495
par25,I,261,0,74,80,121.721,121.982
par25,I,262,0,71,79,122.459,122.479
par25,I,263,0,74,73,122.195,122.906
par25,I,264,0,71,91,122.861,123.37
par25,I,265,0,72,92,123.675,124.007
par25,I,266,0,74,78,123.951,124.301
par25,I,267,0,76,83,124.233,124.561
par25,I,268,0,81,55,125.143,125.197
par25,I,269,0,77,74,124.499,125.396
par25,I,270,0,79,48,125.056,125.766
par25,I,271,0,79,89,125.923,126.257
par25,I,272,0,77,83,126.183,126.522
par25,I,273,0,76,83,126.452,126.801
par25,I,274,0,74,82,126.756,127.109
par25,I,275,0,72,88,127.062,127.523
par25,I,276,0,72,95,127.714,128.108
par25,I,277,0,74,82,128.013,128.326
par25,I,278,0,76,77,128.286,128.64
par25,I,279,0,77,72,128.582,129.27
par25,I,280,0,79,47,128.946,129.433
par25,I,281,0,79,82,129.608,130.066
par25,I,282,0,76,84,129.892,130.336
par25,I,283,0,74,74,130.276,130.954
par25,I,284,0,77,67,130.968,131.308
par25,I,285,0,74,80,131.287,131.673
par25,I,286,0,77,94,131.616,132.291
par25,I,287,0,76,87,132.271,132.798
par25,I,288,0,76,87,132.964,133.238
par25,I,289,0,76,60,133.49,133.736
par25,I,290,0,76,65,134.026,134.524
par25,I,291,0,74,76,134.5,134.86
par25,I,292,0,74,68,135.05,135.322
par25,I,293,0,74,63,135.549,135.941
par25,I,294,0,72,80,135.967,136.294
par25,I,295,0,72,89,136.488,136.729
par25,I,296,0,72,88,137.029,137.353
par25,I,297,0,72,74,137.644,138.258
par25,I,298,0,77,82,138.218,139.23
par25,I,299,0,72,79,139.418,139.714
par25,I,300,0,77,92,139.678,140.282
par25,I,301,0,79,74,140.275,141.421
par25,I,302,0,79,71,141.623,141.995
par25,I,303,0,74,90,141.928,142.626
par25,I,304,0,74,78,142.785,143.21
par25,I,305,0,74,77,143.5,143.871
par25,I,306,0,74,73,144.117,144.433
par25,I,307,0,76,73,144.36,144.598
par25,I,308,0,77,82,144.561,144.859
par25,I,309,0,77,66,145.04,145.269
par25,I,310,0,77,68,145.521,145.751
par25,I,311,0,79,65,146.026,146.588
par25,I,312,0,77,83,146.548,148.279
par25,I,313,0,72,64,148.205,148.746
par25,I,314,0,72,82,149.017,149.589
par25,I,315,0,76,69,149.492,149.994
par25,I,316,0,79,83,149.946,150.345
par25,I,317,0,79,68,150.589,151.005
par25,I,318,0,76,82,150.92,151.246
par25,I,319,0,72,82,151.21,151.691
par25,I,320,0,72,86,152.202,152.751
par25,I,321,0,74,84,152.677,153.046
par25,I,322,0,76,81,152.981,153.388
par25,I,323,0,81,43,153.671,153.814
par25,I,324,0,77,67,153.262,154.168
par25,I,325,0,79,70,153.598,154.22
par25,I,326,0,79,89,154.361,154.975
par25,I,327,0,76,80,154.811,155.511
par25,I,328,0,72,66,155.289,155.731
par25,I,329,0,72,93,156.267,156.424
par25,I,330,0,72,75,156.834,156.882
par25,I,331,0,72,89,157.083,157.155
par25,I,332,0,72,93,157.39,157.654
par25,I,333,0,77,82,158.061,158.858
par25,I,334,0,74,79,159.206,159.319
par25,I,335,0,74,85,159.467,159.541
par25,I,336,0,74,92,159.709,159.839
par25,I,337,0,79,73,160.354,161.153
par25,I,338,0,79,69,161.496,161.558
par25,I,339,0,79,90,161.748,161.835
par25,I,340,0,79,96,162.023,162.135
par25,I,341,0,76,84,162.577,163.29
par25,I,342,0,76,80,163.564,163.64
par25,I,343,0,76,82,163.829,163.904
par25,I,344,0,76,85,164.092,164.187
par25,I,345,0,77,91,164.58,165.372
par25,I,346,0,77,81,165.889,165.976
par25,I,347,0,77,81,166.112,166.203
par25,I,348,0,77,92,166.354,166.488
par25,I,349,0,72,98,166.873,167.56
par25,I,350,0,72,81,167.891,168.283
par25,I,351,0,74,79,168.229,168.509
par25,I,352,0,76,70,168.461,168.771
par25,I,353,0,77,82,168.704,169.268
par25,I,354,0,79,53,169.022,169.313
par25,I,355,0,79,80,169.588,170.063
par25,I,356,0,76,70,169.959,170.495
par25,I,357,0,79,54,170.768,171.062
par25,I,358,0,77,66,171.014,171.4
par25,I,359,0,79,92,171.631,172.048
par25,I,360,0,74,76,171.898,172.453
par25,I,361,0,79,77,172.711,173.051
par25,I,362,0,74,81,172.984,173.129
par25,I,363,0,72,78,172.978,173.48
par25,I,364,0,72,86,173.845,174.279
par25,I,365,0,74,78,174.239,174.655
par25,I,366,0,76,79,174.574,174.99
par25,I,367,0,77,80,174.917,175.482
par25,I,368,0,79,61,175.285,175.567
par25,I,369,0,79,76,175.951,176.369
par25,I,370,0,77,81,176.294,176.646
par25,I,371,0,76,75,176.581,176.981
par25,I,372,0,74,74,176.939,177.278
par25,I,373,0,72,82,177.238,177.431
par25,I,374,0,72,115,177.95,178.028
par25,I,375,0,72,95,178.537,178.654
par25,I,376,0,72,94,179.127,179.353
par25,I,377,0,76,85,179.429,179.603
par25,I,378,0,77,79,179.716,179.882
par25,I,379,0,77,101,180.269,180.407
par25,I,380,0,77,100,180.823,180.958
par25,I,381,0,77,90,181.374,181.529
par25,I,382,0,79,106,181.748,181.862
par25,I,383,0,76,85,182.069,182.338
par25,I,384,0,76,98,182.587,182.816
par25,I,385,0,76,106,183.154,183.378
par25,I,386,0,76,88,183.72,183.904
par25,I,387,0,74,99,184.086,184.223
par25,I,388,0,76,85,184.549,184.674
par25,I,389,0,77,104,184.806,184.918
par25,I,390,0,76,90,185.134,185.452
par25,I,391,0,76,85,185.694,185.892
par25,I,392,0,76,94,186.182,186.371
par25,I,393,0,76,82,186.925,187.082
par25,I,394,0,79,88,187.237,187.406
par25,I,395,0,74,74,187.643,188.004
par25,I,396,0,74,93,188.204,188.412
par25,I,397,0,74,96,188.712,188.875
par25,I,398,0,72,92,189.19,189.325
par25,I,399,0,76,96,189.556,189.678
par25,I,400,0,77,73,189.886,190.028
par25,I,401,0,79,69,189.874,190.204
par25,I,402,0,79,94,190.413,190.594
par25,I,403,0,79,114,190.905,191.117
par25,I,404,0,79,105,191.377,191.486
par25,I,405,0,76,106,191.67,191.78
par25,I,406,0,72,108,192.006,192.246
par25,I,407,0,72,103,192.539,192.72
par25,I,408,0,72,98,193.03,193.196
par25,I,409,0,72,102,193.517,193.626
par25,I,410,0,74,100,193.838,193.924
par25,I,411,0,74,105,194.117,194.22
par25,I,0,1,74,78,2.3,2.831
par25,I,1,1,72,36,1.898,2.856
par25,I,2,1,76,63,2.566,3.041
par25,I,3,1,77,72,2.878,3.182
par25,I,4,1,79,74,3.138,3.433
par25,I,5,1,79,72,3.662,4.16
par25,I,6,1,77,50,4.13,4.467
par25,I,7,1,76,75,4.383,4.695
par25,I,8,1,74,90,4.65,4.87
par25,I,9,1,74,86,4.959,5.118
par25,I,10,1,74,99,5.45,5.6
par25,I,11,1,74,94,5.914,6.095
par25,I,12,1,74,86,6.447,7.196
par25,I,13,1,76,65,6.896,7.229
par25,I,14,1,72,73,6.661,7.26
par25,I,15,1,76,72,7.396,7.673
par25,I,16,1,76,74,7.887,8.177
par25,I,17,1,76,32,9.151,9.237
par25,I,18,1,77,54,9.109,9.31
par25,I,19,1,77,63,9.558,9.84
par25,I,20,1,77,65,10.053,10.264
par25,I,21,1,72,61,10.089,10.272
par25,I,22,1,77,54,10.563,10.625
par25,I,23,1,79,70,10.52,10.83
par25,I,24,1,77,77,10.764,11.004
par25,I,25,1,76,83,10.927,11.317
par25,I,26,1,74,62,11.204,11.516
par25,I,27,1,72,74,11.477,11.676
par25,I,28,1,72,78,11.906,12.105
par25,I,29,1,74,46,12.617,12.862
par25,I,30,1,72,78,12.354,12.978
par25,I,31,1,76,75,12.837,13.144
par25,I,32,1,77,77,13.071,13.376
par25,I,33,1,79,72,13.285,13.573
par25,I,34,1,79,89,13.728,13.97
par25,I,35,1,79,78,14.177,14.425
par25,I,36,1,79,78,14.628,15.025
par25,I,37,1,74,49,14.992,15.141
par25,I,38,1,76,46,14.985,15.522
par25,I,39,1,72,94,15.472,15.766
par25,I,40,1,72,71,16.02,16.355
par25,I,41,1,76,82,16.327,16.612
par25,I,42,1,77,60,16.611,16.754
par25,I,43,1,79,61,16.613,16.951
par25,I,44,1,79,79,17.144,17.324
par25,I,45,1,79,79,17.649,17.897
par25,I,46,1,79,72,18.109,18.486
par25,I,47,1,76,56,18.394,18.689
par25,I,48,1,77,85,18.676,18.973
par25,I,49,1,76,98,18.965,19.242
par25,I,50,1,77,94,19.215,19.438
par25,I,51,1,76,95,19.424,19.693
par25,I,52,1,77,94,19.661,19.959
par25,I,53,1,79,81,19.92,20.346
par25,I,54,1,77,80,20.226,20.597
par25,I,55,1,76,90,20.544,20.87
par25,I,56,1,74,74,20.831,21.456
par25,I,57,1,74,57,21.634,21.922
par25,I,58,1,76,78,21.876,22.187
par25,I,59,1,77,80,22.144,22.394
par25,I,60,1,79,76,22.347,22.593
par25,I,61,1,79,65,22.781,22.99
par25,I,62,1,79,75,23.219,23.378
par25,I,63,1,72,72,23.748,24.106
par25,I,64,1,74,67,24.036,24.31
par25,I,65,1,76,87,24.272,24.557
par25,I,66,1,77,72,24.499,24.795
par25,I,67,1,79,71,24.739,24.977
par25,I,68,1,79,64,25.154,25.417
par25,I,69,1,79,76,25.637,25.89
par25,I,70,1,79,68,26.103,26.528
par25,I,71,1,77,67,26.411,26.623
par25,I,72,1,76,74,26.589,26.904
par25,I,73,1,74,73,26.846,27.158
par25,I,74,1,74,93,27.361,27.592
par25,I,75,1,74,86,27.794,28.001
par25,I,76,1,74,89,28.228,28.635
par25,I,77,1,74,86,28.772,28.898
par25,I,78,1,74,82,28.999,29.07
par25,I,79,1,74,89,29.179,29.288
par25,I,80,1,74,90,29.641,29.833
par25,I,81,1,74,91,30.079,30.293
par25,I,82,1,74,68,30.576,30.888
par25,I,83,1,77,72,30.831,31.182
par25,I,84,1,79,69,31.112,31.503
par25,I,85,1,72,62,32.567,32.842
par25,I,86,1,72,76,33.045,33.289
par25,I,87,1,74,68,33.77,33.986
par25,I,88,1,76,62,33.955,34.153
par25,I,89,1,72,76,33.535,34.255
par25,I,90,1,77,48,34.356,34.513
par25,I,91,1,77,73,34.783,34.985
par25,I,92,1,77,72,35.244,35.443
par25,I,93,1,77,66,35.721,35.999
par25,I,94,1,79,66,36.056,36.43
par25,I,95,1,76,78,36.38,36.643
par25,I,96,1,76,83,36.85,37.086
par25,I,97,1,76,89,37.311,37.515
par25,I,98,1,76,76,37.784,38.108
par25,I,99,1,72,37,38.06,38.255
par25,I,100,1,74,51,38.067,38.257
par25,I,101,1,76,38,38.376,38.939
par25,I,102,1,77,85,38.743,39.032
par25,I,103,1,79,80,38.999,39.316
par25,I,104,1,79,71,39.466,39.678
par25,I,105,1,79,60,39.944,40.19
par25,I,106,1,79,62,40.389,40.754
par25,I,107,1,77,79,40.693,40.903
par25,I,108,1,76,76,40.852,41.195
par25,I,109,1,74,86,41.12,41.42
par25,I,110,1,72,83,41.396,41.608
par25,I,111,1,72,84,41.866,42.04
par25,I,112,1,72,89,42.3,42.459
par25,I,113,1,72,89,42.763,43.104
par25,I,114,1,74,88,42.988,43.245
par25,I,115,1,76,75,43.203,43.459
par25,I,116,1,77,82,43.393,43.655
par25,I,117,1,79,68,43.641,43.793
par25,I,118,1,79,52,44.1,44.298
par25,I,119,1,79,79,44.537,44.72
par25,I,120,1,79,84,44.92,45.403
par25,I,121,1,76,62,45.224,45.65
par25,I,122,1,72,66,45.609,45.871
par25,I,123,1,72,87,46.131,46.275
par25,I,124,1,72,74,46.454,46.554
par25,I,125,1,72,94,46.716,46.821
par25,I,126,1,72,85,47.224,47.316
par25,I,127,1,72,79,47.475,47.563
par25,I,128,1,72,95,47.752,47.876
par25,I,129,1,72,95,48.211,48.381
par25,I,130,1,77,101,48.464,48.564
par25,I,131,1,72,88,48.76,48.895
par25,I,132,1,77,95,49.024,49.109
par25,I,133,1,72,87,49.296,49.423
par25,I,134,1,77,104,49.558,49.647
par25,I,135,1,79,104,49.829,49.96
par25,I,136,1,79,105,50.308,50.428
par25,I,137,1,79,98,50.823,50.975
par25,I,138,1,79,54,51.319,51.479
par25,I,139,1,77,80,51.692,51.793
par25,I,140,1,76,91,51.934,52.043
par25,I,141,1,74,89,52.188,52.267
par25,I,142,1,72,85,52.7,52.825
par25,I,143,1,72,81,52.957,53.058
par25,I,144,1,72,99,53.239,53.35
par25,I,145,1,72,88,53.724,53.887
par25,I,146,1,76,82,53.99,54.064
par25,I,147,1,72,59,54.446,54.525
par25,I,148,1,72,72,54.744,54.862
par25,I,149,1,72,86,54.975,55.087
par25,I,150,1,74,101,55.333,55.409
par25,I,151,1,72,84,56.36,56.462
par25,I,152,1,72,86,56.598,56.691
par25,I,153,1,72,94,56.847,56.941
par25,I,154,1,74,102,57.29,57.366
par25,I,155,1,74,95,57.527,57.604
par25,I,156,1,74,86,57.732,57.869
par25,I,157,1,76,98,58.132,58.221
par25,I,158,1,76,88,58.367,58.446
par25,I,159,1,76,85,58.569,58.681
par25,I,160,1,79,84,58.988,59.109
par25,I,161,1,79,68,59.229,59.314
par25,I,162,1,79,75,59.433,59.59
par25,I,163,1,79,80,60.591,60.738
par25,I,164,1,79,84,60.821,60.954
par25,I,165,1,79,56,61.072,61.24
par25,I,166,1,79,44,61.352,61.479
par25,I,167,1,77,87,61.421,61.553
par25,I,168,1,77,83,61.636,61.78
par25,I,169,1,77,81,61.852,61.984
par25,I,170,1,76,72,62.195,62.324
par25,I,171,1,76,69,62.408,62.506
par25,I,172,1,76,67,62.596,62.817
par25,I,173,1,76,74,63.005,63.189
par25,I,174,1,74,87,63.381,63.588
par25,I,175,1,72,79,63.857,64.006
par25,I,176,1,72,68,64.106,64.162
par25,I,177,1,72,83,64.265,64.38
par25,I,178,1,72,84,64.666,64.807
par25,I,179,1,72,88,65.048,65.196
par25,I,180,1,72,86,65.43,65.64
par25,I,181,1,74,102,65.651,65.767
par25,I,182,1,76,91,65.856,66.008
par25,I,183,1,77,88,66.236,66.342
par25,I,184,1,77,93,66.684,66.786
par25,I,185,1,77,91,67.039,67.166
par25,I,186,1,77,93,67.404,67.576
par25,I,187,1,74,88,67.751,67.824
par25,I,188,1,74,84,68.021,68.08
par25,I,189,1,74,104,68.16,68.239
par25,I,190,1,74,102,68.572,68.69
par25,I,191,1,74,78,69.016,69.149
par25,I,192,1,74,102,69.376,69.504
par25,I,193,1,72,94,69.564,69.648
par25,I,194,1,72,86,69.77,69.872
par25,I,195,1,72,86,70.169,70.314
par25,I,196,1,72,92,70.552,70.681
par25,I,197,1,72,78,70.941,71.139
par25,I,198,1,74,99,71.167,71.372
par25,I,199,1,76,91,71.355,71.592
par25,I,200,1,77,75,71.557,71.811
par25,I,201,1,79,67,71.75,71.939
par25,I,202,1,79,82,72.108,72.23
par25,I,203,1,79,91,72.503,72.65
par25,I,204,1,79,74,72.887,73.342
par25,I,205,1,77,63,73.204,73.344
par25,I,206,1,77,69,73.457,73.571
par25,I,207,1,77,72,73.694,73.792
par25,I,208,1,77,84,73.884,73.991
par25,I,209,1,77,97,74.269,74.423
par25,I,210,1,77,89,74.623,74.735
par25,I,211,1,74,90,74.9,74.975
par25,I,212,1,74,89,75.085,75.163
par25,I,213,1,74,90,75.293,75.385
par25,I,214,1,74,89,75.493,75.593
par25,I,215,1,72,86,75.901,76.008
par25,I,216,1,72,94,76.282,76.365
par25,I,217,1,72,80,76.489,76.576
par25,I,218,1,72,86,76.678,76.793
par25,I,219,1,72,79,76.918,77.004
par25,I,220,1,72,94,77.147,77.267
par25,I,221,1,74,104,77.543,77.68
par25,I,222,1,76,84,77.969,78.03
par25,I,223,1,76,83,78.138,78.209
par25,I,224,1,76,88,78.334,78.404
par25,I,225,1,76,89,78.534,78.612
par25,I,226,1,76,93,78.782,78.886
par25,I,227,1,77,95,79.177,79.295
par25,I,228,1,77,90,79.59,79.675
par25,I,229,1,77,91,79.813,79.887
par25,I,230,1,77,86,80.021,80.099
par25,I,231,1,77,73,80.234,80.318
par25,I,232,1,77,108,80.473,80.569
par25,I,233,1,79,85,80.891,81.039
par25,I,234,1,79,83,81.275,81.634
par25,I,235,1,77,54,81.622,82.024
par25,I,236,1,76,70,81.964,82.302
par25,I,237,1,74,95,82.224,82.54
par25,I,238,1,72,86,82.502,82.669
par25,I,239,1,72,98,83.008,83.124
par25,I,240,1,72,102,83.484,83.613
par25,I,241,1,72,98,83.956,84.08
par25,I,242,1,72,87,84.244,84.349
par25,I,243,1,72,77,84.471,84.578
par25,I,244,1,76,83,84.547,84.644
par25,I,245,1,76,94,84.917,85.095
par25,I,246,1,76,94,85.329,85.503
par25,I,247,1,72,80,85.749,85.888
par25,I,248,1,72,70,86.005,86.123
par25,I,249,1,72,83,86.238,86.367
par25,I,250,1,72,95,86.63,86.774
par25,I,251,1,74,99,87.038,87.127
par25,I,252,1,74,84,87.297,87.353
par25,I,253,1,74,93,87.441,87.519
par25,I,254,1,76,77,87.845,87.893
par25,I,255,1,76,72,88.01,88.087
par25,I,256,1,76,84,88.207,88.349
par25,I,257,1,77,92,88.618,88.697
par25,I,258,1,77,75,88.805,88.893
par25,I,259,1,77,77,88.999,89.124
par25,I,260,1,76,87,89.469,89.553
par25,I,261,1,76,80,89.687,89.766
par25,I,262,1,76,78,89.871,89.992
par25,I,263,1,72,90,90.267,90.35
par25,I,264,1,72,67,90.469,90.552
par25,I,265,1,72,76,90.684,90.775
par25,I,266,1,72,79,91.157,91.268
par25,I,267,1,72,74,91.398,91.507
par25,I,268,1,72,81,91.602,91.73
par25,I,269,1,74,93,92.01,92.097
par25,I,270,1,74,87,92.225,92.298
par25,I,271,1,74,94,92.439,92.529
par25,I,272,1,76,76,92.953,93.055
par25,I,273,1,76,76,93.178,93.277
par25,I,274,1,76,58,93.346,93.455
par25,I,275,1,77,84,93.723,93.811
par25,I,276,1,77,78,93.903,93.992
par25,I,277,1,77,76,94.132,94.216
par25,I,278,1,79,66,94.513,94.686
par25,I,279,1,79,59,94.803,94.898
par25,I,280,1,79,78,95.004,95.173
par25,I,281,1,79,1,95.602,95.77
par25,I,282,1,79,61,95.882,95.974
par25,I,283,1,79,75,96.06,96.189
par25,I,284,1,79,66,96.285,96.415
par25,I,285,1,74,59,96.58,96.638
par25,I,286,1,74,78,96.785,96.856
par25,I,287,1,74,90,97.008,97.095
par25,I,288,1,74,99,97.454,97.518
par25,I,289,1,74,102,97.672,97.739
par25,I,290,1,74,87,97.877,97.95
par25,I,291,1,72,90,98.291,98.377
par25,I,292,1,72,73,98.508,98.587
par25,I,293,1,72,88,98.727,98.813
par25,I,294,1,72,95,99.167,99.249
par25,I,295,1,72,76,99.39,99.47
par25,I,296,1,72,94,99.633,99.728
par25,I,297,1,74,92,100.019,100.091
par25,I,298,1,74,82,100.235,100.306
par25,I,299,1,74,77,100.439,100.538
par25,I,300,1,76,85,100.853,100.927
par25,I,301,1,76,77,101.063,101.139
par25,I,302,1,76,95,101.288,101.368
par25,I,303,1,79,65,101.762,101.877
par25,I,304,1,79,66,102.0,102.083
par25,I,305,1,79,66,102.183,102.289
par25,I,306,1,79,73,102.428,102.518
par25,I,307,1,79,68,102.616,102.739
par25,I,308,1,76,91,103.454,103.521
par25,I,309,1,76,98,103.668,103.736
par25,I,310,1,76,100,103.888,103.981
par25,I,311,1,74,93,104.338,104.408
par25,I,312,1,74,90,104.565,104.632
par25,I,313,1,74,90,104.794,104.872
par25,I,314,1,74,88,105.208,105.414
par25,I,315,1,77,95,105.392,105.569
par25,I,316,1,79,86,105.565,105.935
par25,I,317,1,79,87,106.153,106.338
par25,I,318,1,79,77,106.575,106.823
par25,I,319,1,79,86,107.021,107.211
par25,I,320,1,77,84,107.159,107.381
par25,I,321,1,76,87,107.352,107.584
par25,I,322,1,76,101,107.819,107.951
par25,I,323,1,76,95,108.177,108.29
par25,I,324,1,76,97,108.558,108.664
par25,I,325,1,72,82,108.754,108.863
par25,I,326,1,72,81,108.963,109.059
par25,I,327,1,72,88,109.367,109.455
par25,I,328,1,72,97,109.747,109.841
par25,I,329,1,72,101,110.138,110.307
par25,I,330,1,76,99,110.354,110.458
par25,I,331,1,76,107,110.594,110.673
par25,I,332,1,76,102,111.019,111.11
par25,I,333,1,76,103,111.438,111.537
par25,I,334,1,79,83,111.869,111.948
par25,I,335,1,79,70,112.105,112.157
par25,I,336,1,79,98,112.302,112.389
par25,I,337,1,79,93,112.724,112.827
par25,I,338,1,79,88,113.169,113.326
par25,I,339,1,79,82,113.535,113.665
par25,I,340,1,77,91,113.788,113.863
par25,I,341,1,77,92,113.985,114.12
par25,I,342,1,76,85,114.597,114.724
par25,I,343,1,76,98,114.932,115.036
par25,I,344,1,76,95,115.34,115.428
par25,I,345,1,74,103,115.553,115.642
par25,I,346,1,74,88,115.742,115.837
par25,I,347,1,74,106,116.165,116.264
par25,I,348,1,74,99,116.556,116.632
par25,I,349,1,74,94,116.892,116.967
par25,I,350,1,76,70,117.133,117.179
par25,I,351,1,77,78,117.122,117.187
par25,I,352,1,77,62,117.379,117.458
par25,I,353,1,79,86,117.614,117.704
par25,I,354,1,79,73,117.92,117.996
par25,I,355,1,79,75,118.143,118.257
par25,I,356,1,77,71,118.428,118.557
par25,I,357,1,76,98,118.709,118.817
par25,I,358,1,74,98,118.974,119.049
par25,I,359,1,72,88,119.225,119.312
par25,I,360,1,72,95,119.725,119.861
par25,I,361,1,72,95,120.009,120.433
par25,I,362,1,74,88,120.311,120.625
par25,I,363,1,76,86,120.566,120.901
par25,I,364,1,77,84,120.833,121.123
par25,I,365,1,79,64,121.071,121.299
par25,I,366,1,79,78,121.54,121.924
par25,I,367,1,77,70,121.85,122.168
par25,I,368,1,76,91,122.106,122.455
par25,I,369,1,74,88,122.37,122.679
par25,I,370,1,72,91,122.64,122.778
par25,I,371,1,74,109,123.142,123.233
par25,I,372,1,74,108,123.609,123.704
par25,I,373,1,74,102,124.105,124.178
par25,I,374,1,74,103,124.346,124.413
par25,I,375,1,74,102,124.58,124.681
par25,I,376,1,74,98,125.067,125.368
par25,I,377,1,72,80,125.354,125.715
par25,I,378,1,74,94,125.641,125.936
par25,I,379,1,76,64,126.029,126.152
par25,I,380,1,77,55,126.03,126.335
par25,I,381,1,77,101,126.455,126.543
par25,I,382,1,77,91,126.707,126.776
par25,I,383,1,77,108,126.927,127.002
par25,I,384,1,79,100,127.389,127.478
par25,I,385,1,77,72,127.912,127.962
par25,I,386,1,79,76,127.909,127.979
par25,I,387,1,79,89,128.285,128.409
par25,I,388,1,79,76,128.505,128.603
par25,I,389,1,79,83,128.701,128.807
par25,I,390,1,79,95,129.104,129.213
par25,I,391,1,79,81,129.318,129.425
par25,I,392,1,79,90,129.502,129.611
par25,I,393,1,77,78,130.012,130.081
par25,I,394,1,77,81,130.185,130.267
par25,I,395,1,77,87,130.383,130.477
par25,I,396,1,74,42,130.895,130.923
par25,I,397,1,74,88,131.028,131.101
par25,I,398,1,74,93,131.213,131.304
par25,I,399,1,72,71,131.649,131.729
par25,I,400,1,72,67,131.845,131.93
par25,I,401,1,72,75,132.046,132.164
par25,I,402,1,72,88,132.41,132.652
par25,I,403,1,74,99,132.586,132.845
par25,I,404,1,76,85,132.813,133.048
par25,I,405,1,77,84,133.006,133.29
par25,I,406,1,79,71,133.226,133.426
par25,I,407,1,79,75,133.619,133.755
par25,I,408,1,79,70,133.888,133.973
par25,I,409,1,79,75,134.059,134.198
par25,I,410,1,79,88,134.476,134.572
par25,I,411,1,79,81,134.695,134.795
par25,I,412,1,79,80,134.855,134.958
par25,I,413,1,76,92,135.243,135.312
par25,I,414,1,76,81,135.428,135.487
par25,I,415,1,76,92,135.605,135.701
par25,I,416,1,76,96,135.976,136.047
par25,I,417,1,76,91,136.194,136.265
par25,I,418,1,76,85,136.39,136.489
par25,I,419,1,76,79,136.725,136.916
par25,I,420,1,72,95,136.918,137.047
par25,I,421,1,76,91,137.133,137.429
par25,I,422,1,77,92,137.442,137.726
par25,I,423,1,79,85,137.69,138.057
par25,I,424,1,72,97,138.864,139.081
par25,I,425,1,74,77,139.116,139.388
par25,I,426,1,76,95,139.353,139.521
par25,I,427,1,76,100,139.891,139.975
par25,I,428,1,76,115,140.383,140.462
par25,I,429,1,76,101,140.837,140.915
par25,I,430,1,76,67,141.124,141.227
par25,I,431,1,76,84,141.347,141.457
par25,I,432,1,79,86,141.7,141.767
par25,I,433,1,79,94,141.912,141.987
par25,I,434,1,79,88,142.117,142.228
par25,I,435,1,79,87,142.57,142.702
par25,I,436,1,79,76,142.801,142.913
par25,I,437,1,79,79,142.999,143.184
par25,I,438,1,79,70,143.44,143.641
par25,I,439,1,77,84,143.825,143.936
par25,I,440,1,76,94,144.126,144.251
par25,I,441,1,74,95,144.379,144.463
par25,I,442,1,72,87,144.634,144.719
par25,I,443,1,72,98,145.144,145.22
par25,I,444,1,72,86,145.356,145.459
par25,I,445,1,74,104,145.614,145.685
par25,I,446,1,76,97,146.09,146.141
par25,I,447,1,76,105,146.287,146.355
par25,I,448,1,76,102,146.503,146.579
par25,I,449,1,77,93,146.895,146.967
par25,I,450,1,77,88,147.089,147.161
par25,I,451,1,77,100,147.302,147.387
par25,I,452,1,79,87,147.728,147.781
par25,I,453,1,79,71,148.02,148.092
par25,I,454,1,79,84,148.207,148.307
par25,I,455,1,79,98,148.574,148.679
par25,I,456,1,77,95,148.837,148.931
par25,I,457,1,76,100,149.093,149.172
par25,I,458,1,74,104,149.334,149.414
par25,I,459,1,72,101,149.602,149.693
par25,I,460,1,72,108,150.116,150.213
par25,I,461,1,74,105,150.388,150.457
par25,I,462,1,74,91,150.642,150.707
par25,I,463,1,76,79,150.908,150.977
par25,I,464,1,76,98,151.15,151.227
par25,I,465,1,76,98,151.389,151.479
par25,I,466,1,77,103,151.84,151.923
par25,I,467,1,77,98,152.065,152.144
par25,I,468,1,77,99,152.284,152.362
par25,I,469,1,79,82,152.689,152.792
par25,I,470,1,79,76,152.906,152.985
par25,I,471,1,79,91,153.118,153.21
par25,I,472,1,79,88,153.513,153.619
par25,I,473,1,77,96,153.801,153.889
par25,I,474,1,76,73,154.097,154.212
par25,I,475,1,74,94,154.38,154.474
par25,I,476,1,72,94,154.652,154.777
par25,I,477,1,72,89,155.273,155.726
par25,I,478,1,74,87,155.65,156.004
par25,I,479,1,76,81,155.963,156.086
par25,I,480,1,76,104,156.487,156.585
par25,I,481,1,76,113,157.016,157.119
par25,I,482,1,76,112,157.524,157.66
par25,I,483,1,76,113,157.989,158.27
par25,I,484,1,77,30,158.331,158.413
par25,I,485,1,79,45,158.334,158.618
par25,I,486,1,79,95,158.755,158.836
par25,I,487,1,79,105,159.219,159.322
par25,I,488,1,79,100,159.641,159.764
par25,I,489,1,72,94,160.126,160.199
par25,I,490,1,72,97,160.364,160.43
par25,I,491,1,72,103,160.578,160.658
par25,I,492,1,72,103,161.034,161.121
par25,I,493,1,72,104,161.478,161.577
par25,I,494,1,72,65,161.971,162.071
par25,I,495,1,76,68,162.302,162.342
par25,I,496,1,76,88,162.492,162.568
par25,I,497,1,72,80,162.872,162.981
par25,I,498,1,72,77,163.272,163.38
par25,I,499,1,72,93,163.668,163.794
par25,I,500,1,72,59,163.911,163.956
par25,I,501,1,74,103,163.919,163.989
par25,I,502,1,74,80,164.115,164.198
par25,I,503,1,74,86,164.331,164.4
par25,I,504,1,74,108,164.557,164.641
par25,I,505,1,74,98,164.952,165.043
par25,I,506,1,74,115,165.315,165.418
par25,I,507,1,72,87,165.708,165.807
par25,I,508,1,72,101,166.164,166.259
par25,I,509,1,72,95,166.54,166.627
par25,I,510,1,76,78,166.989,167.033
par25,I,511,1,76,79,167.131,167.198
par25,I,512,1,76,94,167.327,167.398
par25,I,513,1,76,101,167.746,167.837
par25,I,514,1,76,95,168.177,168.283
par25,I,515,1,77,89,168.69,168.736
par25,I,516,1,77,90,168.847,168.916
par25,I,517,1,77,93,169.039,169.11
par25,I,518,1,77,107,169.393,169.484
par25,I,519,1,77,102,169.741,169.831
par25,I,520,1,74,95,170.117,170.186
par25,I,521,1,74,91,170.295,170.35
par25,I,522,1,74,100,170.459,170.54
par25,I,523,1,74,111,170.867,170.951
par25,I,524,1,74,105,171.267,171.369
par25,I,525,1,72,88,171.597,171.681
par25,I,526,1,72,74,171.853,171.907
par25,I,527,1,72,87,172.029,172.115
par25,I,528,1,72,86,172.23,172.309
par25,I,529,1,72,87,172.414,172.506
par25,I,530,1,74,100,172.76,172.834
par25,I,531,1,74,100,173.088,173.156
par25,I,532,1,74,92,173.28,173.336
par25,I,533,1,74,100,173.428,173.498
par25,I,534,1,79,81,173.902,173.995
par25,I,535,1,79,90,174.176,174.28
par25,I,536,1,79,76,174.397,174.467
par25,I,537,1,79,87,174.553,174.637
par25,I,538,1,79,89,174.714,174.82
par25,I,539,1,77,96,175.152,175.232
par25,I,540,1,77,93,175.517,175.608
par25,I,541,1,77,81,175.735,175.796
par25,I,542,1,77,92,175.911,176.009
par25,I,543,1,77,102,176.3,176.416
par25,I,544,1,74,76,176.789,176.829
par25,I,545,1,74,85,177.116,177.168
par25,I,546,1,74,81,177.313,177.35
par25,I,547,1,74,95,177.453,177.538
par25,I,548,1,74,114,177.846,177.916
par25,I,549,1,76,101,178.278,178.344
par25,I,550,1,76,101,178.634,178.7
par25,I,551,1,76,95,178.819,178.872
par25,I,552,1,76,102,178.975,179.04
par25,I,553,1,76,114,179.358,179.426
par25,I,554,1,76,115,179.703,179.774
par25,I,555,1,79,97,180.371,180.483
par25,I,556,1,79,84,180.955,181.047
par25,I,557,1,79,94,181.221,181.295
par25,I,558,1,79,83,181.435,181.478
par25,I,559,1,79,85,181.591,181.661
par25,I,560,1,79,92,181.992,182.031
par25,I,561,1,79,103,182.285,182.386
par25,I,562,1,76,81,182.877,182.93
par25,I,563,1,76,101,183.343,183.405
par25,I,564,1,76,100,183.882,183.941
par25,I,565,1,76,89,184.08,184.113
par25,I,566,1,76,94,184.246,184.299
par25,I,567,1,76,108,184.662,184.726
par25,I,568,1,76,105,184.877,184.943
par25,I,569,1,76,115,185.082,185.146
par25,I,570,1,72,106,185.482,185.558
par25,I,571,1,72,109,185.884,185.963
par25,I,572,1,72,97,186.269,186.347
par25,I,573,1,72,92,186.641,186.681
par25,I,574,1,72,88,186.801,186.846
par25,I,575,1,72,94,186.97,187.029
par25,I,576,1,72,99,187.367,187.421
par25,I,577,1,72,94,187.573,187.614
par25,I,578,1,72,104,187.755,187.821
par25,I,579,1,74,114,188.153,188.221
par25,I,580,1,74,106,188.538,188.605
par25,I,581,1,74,115,188.894,188.972
par25,I,582,1,76,85,189.277,189.312
par25,I,583,1,76,89,189.455,189.501
par25,I,584,1,76,79,189.619,189.667
par25,I,585,1,76,105,190.036,190.101
par25,I,586,1,76,115,190.372,190.447
par25,I,587,1,79,71,190.779,190.818
par25,I,588,1,79,68,190.96,190.998
par25,I,589,1,79,69,191.134,191.174
par25,I,590,1,79,112,191.488,191.579
par25,I,591,1,79,114,191.871,191.964
par25,I,592,1,77,94,192.738,192.798
par25,I,593,1,77,86,192.919,192.963
par25,I,594,1,77,93,193.104,193.157
par25,I,595,1,77,102,193.49,193.56
par25,I,596,1,77,104,193.848,193.926
par26,S,0,0,72,52,2.486,2.844
par26,S,1,0,74,55,2.863,3.339
par26,S,2,0,76,56,3.332,3.805
par26,S,3,0,72,49,7.302,7.888
par26,S,4,0,74,59,7.919,8.548
par26,S,5,0,76,62,8.535,9.111
par26,S,6,0,77,66,9.104,9.69
par26,S,7,0,79,64,9.7,10.257
par26,S,8,0,72,43,10.969,11.559
par26,S,9,0,74,63,11.571,12.162
par26,S,10,0,76,57,12.163,12.739
par26,S,11,0,77,69,12.719,13.325
par26,S,12,0,79,52,13.344,13.977
par26,S,13,0,72,54,14.6,15.184
par26,S,14,0,74,65,15.194,15.79
par26,S,15,0,76,55,15.817,16.408
par26,S,16,0,77,57,16.387,16.987
par26,S,17,0,79,57,17.005,17.519
par26,S,18,0,72,51,18.24,18.786
par26,S,19,0,74,63,18.793,19.41
par26,S,20,0,76,37,19.411,20.037
par26,S,21,0,77,55,19.993,20.626
par26,S,22,0,79,58,20.642,21.244
par26,S,23,0,79,65,21.896,22.468
par26,S,24,0,77,64,22.459,23.155
par26,S,25,0,76,52,23.086,23.706
par26,S,26,0,74,57,23.681,24.283
par26,S,27,0,72,56,24.296,24.961
par26,S,28,0,79,55,25.565,26.155
par26,S,29,0,77,69,26.134,26.71
par26,S,30,0,76,48,26.705,27.303
par26,S,31,0,74,58,27.292,27.923
par26,S,32,0,72,59,27.901,28.578
par26,S,33,0,79,53,29.141,29.69
par26,S,34,0,77,63,29.74,30.348
par26,S,35,0,76,57,30.341,30.963
par26,S,36,0,74,50,30.992,31.567
par26,S,37,0,72,55,31.587,32.202
par26,S,38,0,79,54,32.809,33.481
par26,S,39,0,77,72,33.421,34.021
par26,S,40,0,76,50,34.019,34.601
par26,S,41,0,74,53,34.641,35.209
par26,S,42,0,72,47,35.25,35.856
par26,S,43,0,74,50,36.53,37.143
par26,S,44,0,76,62,37.114,37.721
par26,S,45,0,77,65,37.72,38.394
par26,S,46,0,79,66,38.304,38.845
par26,S,47,0,72,54,38.864,39.514
par26,S,48,0,74,57,40.153,40.751
par26,S,49,0,76,61,40.707,41.318
par26,S,50,0,77,58,41.317,41.881
par26,S,51,0,79,64,41.899,42.459
par26,S,52,0,72,54,42.498,43.177
par26,S,53,0,74,54,43.788,44.394
par26,S,54,0,76,61,44.356,45.02
par26,S,55,0,77,60,44.973,45.56
par26,S,56,0,79,71,45.562,46.163
par26,S,57,0,72,60,46.185,46.838
par26,S,58,0,74,48,47.439,48.044
par26,S,59,0,76,66,48.002,48.669
par26,S,60,0,77,64,48.621,49.217
par26,S,61,0,79,53,49.22,49.854
par26,S,62,0,72,60,49.829,50.493
par26,S,63,0,77,51,65.747,66.401
par26,S,64,0,76,61,66.366,66.999
par26,S,65,0,74,73,66.991,67.535
par26,S,66,0,72,65,67.513,68.15
par26,S,67,0,79,67,68.108,69.357
par26,S,68,0,77,53,69.338,69.903
par26,S,69,0,76,58,69.891,70.535
par26,S,70,0,74,65,70.544,71.116
par26,S,71,0,72,57,71.135,71.831
par26,S,72,0,79,67,71.725,72.93
par26,S,73,0,77,58,72.942,73.574
par26,S,74,0,76,56,73.535,74.212
par26,S,75,0,74,64,74.161,74.746
par26,S,76,0,72,59,74.765,75.41
par26,S,77,0,79,62,75.354,76.587
par26,S,78,0,77,69,76.597,77.197
par26,S,79,0,76,57,77.147,77.75
par26,S,80,0,74,61,77.757,78.413
par26,S,81,0,72,60,78.409,79.119
par26,S,82,0,79,61,79.04,79.712
par26,S,83,0,76,56,81.69,82.231
par26,S,84,0,77,68,82.196,82.793
par26,S,85,0,79,71,82.775,83.446
par26,S,86,0,74,51,83.405,83.954
par26,S,87,0,72,59,83.952,85.175
par26,S,88,0,76,65,85.142,85.734
par26,S,89,0,77,63,85.711,86.324
par26,S,90,0,79,54,86.3,86.908
par26,S,91,0,74,49,86.912,87.512
par26,S,92,0,72,60,87.492,88.85
par26,S,93,0,76,49,88.792,89.358
par26,S,94,0,77,59,89.357,89.906
par26,S,95,0,79,59,89.932,90.578
par26,S,96,0,74,58,90.577,91.226
par26,S,97,0,72,61,91.182,92.46
par26,S,98,0,76,61,92.461,93.072
par26,S,99,0,77,65,93.048,93.689
par26,S,100,0,79,70,93.656,94.284
par26,S,101,0,74,60,94.242,94.889
par26,S,102,0,72,61,94.857,95.753
par26,S,103,0,76,52,99.748,100.384
par26,S,104,0,74,58,100.341,100.938
par26,S,105,0,72,58,100.92,101.557
par26,S,106,0,77,71,101.507,102.173
par26,S,107,0,79,64,102.149,103.032
par26,S,108,0,76,67,103.364,103.996
par26,S,109,0,74,56,103.957,104.554
par26,S,110,0,72,56,104.549,105.189
par26,S,111,0,77,67,105.134,105.88
par26,S,112,0,79,58,105.73,107.02
par26,S,113,0,76,60,107.002,107.65
par26,S,114,0,74,73,107.583,108.101
par26,S,115,0,72,61,108.137,108.866
par26,S,116,0,77,63,108.775,109.465
par26,S,117,0,79,65,109.424,110.739
par26,S,118,0,76,49,110.731,111.372
par26,S,119,0,74,60,111.333,111.954
par26,S,120,0,72,60,111.955,112.526
par26,S,121,0,77,55,112.486,113.15
par26,S,122,0,79,61,113.081,113.89
par26,S,123,0,77,65,115.572,116.153
par26,S,124,0,79,69,116.153,116.741
par26,S,125,0,76,72,116.73,117.352
par26,S,126,0,74,64,117.327,117.899
par26,S,127,0,72,64,117.922,119.262
par26,S,128,0,77,58,119.22,119.793
par26,S,129,0,79,67,119.792,120.446
par26,S,130,0,76,56,120.417,120.99
par26,S,131,0,74,54,120.986,121.572
par26,S,132,0,72,60,121.592,122.923
par26,S,133,0,77,72,122.872,123.452
par26,S,134,0,79,68,123.461,124.083
par26,S,135,0,76,63,124.056,124.646
par26,S,136,0,74,61,124.645,125.229
par26,S,137,0,72,56,125.251,126.537
par26,S,138,0,77,62,126.529,127.103
par26,S,139,0,79,65,127.115,127.754
par26,S,140,0,76,63,127.711,128.365
par26,S,141,0,74,58,128.295,128.935
par26,S,142,0,72,63,128.92,129.766
par26,S,143,0,74,65,130.226,130.822
par26,S,144,0,72,59,130.816,131.479
par26,S,145,0,76,74,131.474,132.022
par26,S,146,0,77,64,132.018,132.608
par26,S,147,0,79,66,132.593,133.74
par26,S,148,0,74,62,133.8,134.362
par26,S,149,0,72,62,134.365,134.981
par26,S,150,0,76,63,134.97,135.497
par26,S,151,0,77,67,135.561,136.212
par26,S,152,0,79,61,136.153,137.404
par26,S,153,0,74,55,137.415,138.017
par26,S,154,0,72,71,138.002,138.702
par26,S,155,0,76,65,138.685,139.264
par26,S,156,0,77,67,139.235,139.945
par26,S,157,0,79,62,139.847,141.108
par26,S,158,0,74,64,141.077,141.666
par26,S,159,0,72,64,141.674,142.291
par26,S,160,0,76,60,142.272,142.921
par26,S,161,0,77,73,142.85,143.441
par26,S,162,0,79,57,143.433,144.377
par26,S,163,0,72,52,148.283,148.976
par26,S,164,0,74,62,148.966,149.572
par26,S,165,0,76,60,149.547,150.147
par26,S,166,0,77,59,150.158,150.792
par26,S,167,0,79,60,150.75,151.997
par26,S,168,0,72,53,152.012,152.635
par26,S,169,0,74,55,152.64,153.302
par26,S,170,0,76,64,153.225,153.784
par26,S,171,0,77,54,153.808,154.408
par26,S,172,0,79,61,154.398,155.651
par26,S,173,0,72,51,155.643,156.272
par26,S,174,0,74,60,156.27,156.847
par26,S,175,0,76,56,156.814,157.437
par26,S,176,0,77,61,157.388,158.312
par26,S,177,0,79,56,158.115,159.333
par26,S,178,0,72,54,159.357,159.948
par26,S,179,0,74,70,159.947,160.529
par26,S,180,0,76,64,160.515,161.176
par26,S,181,0,77,61,161.098,161.684
par26,S,182,0,79,57,161.714,162.296
par26,S,183,0,79,68,163.005,163.668
par26,S,184,0,77,66,163.561,164.228
par26,S,185,0,76,66,164.132,164.846
par26,S,186,0,74,52,164.752,165.374
par26,S,187,0,72,50,165.373,166.242
par26,S,188,0,79,55,166.673,167.335
par26,S,189,0,77,57,167.277,167.91
par26,S,190,0,76,50,167.846,168.522
par26,S,191,0,74,52,168.425,169.104
par26,S,192,0,72,49,169.026,170.331
par26,S,193,0,79,52,170.255,170.916
par26,S,194,0,77,65,170.874,171.54
par26,S,195,0,76,62,171.475,172.147
par26,S,196,0,74,44,172.095,172.674
par26,S,197,0,72,46,172.691,173.99
par26,S,198,0,79,68,173.897,174.599
par26,S,199,0,77,62,174.522,175.17
par26,S,200,0,76,61,175.089,175.798
par26,S,201,0,74,44,175.723,176.385
par26,S,202,0,72,52,176.358,177.225
par26,S,203,0,74,58,177.605,178.232
par26,S,204,0,76,65,178.198,178.833
par26,S,205,0,77,72,178.81,179.434
par26,S,206,0,72,61,179.946,180.794
par26,S,207,0,79,59,179.379,181.09
par26,S,208,0,74,62,181.214,181.851
par26,S,209,0,76,79,181.802,182.446
par26,S,210,0,77,59,182.4,183.072
par26,S,211,0,79,56,183.027,184.37
par26,S,212,0,72,56,183.666,184.417
par26,S,213,0,74,61,184.91,185.514
par26,S,214,0,76,71,185.473,186.053
par26,S,215,0,77,67,186.03,186.742
par26,S,216,0,79,62,186.624,188.072
par26,S,217,0,72,51,187.226,188.19
par26,S,218,0,74,58,188.47,189.11
par26,S,219,0,76,59,189.063,189.684
par26,S,220,0,77,60,189.687,190.325
par26,S,221,0,72,52,190.879,191.722
par26,S,222,0,79,52,190.27,192.214
par26,S,0,1,72,41,2.502,3.076
par26,S,1,1,74,53,3.086,3.668
par26,S,2,1,76,49,3.684,4.201
par26,S,3,1,77,59,4.249,4.842
par26,S,4,1,79,57,4.811,6.154
par26,S,5,1,72,57,6.179,6.702
par26,S,6,1,74,53,6.733,7.37
par26,S,7,1,76,53,7.366,7.97
par26,S,8,1,77,47,7.945,8.522
par26,S,9,1,79,59,8.521,9.803
par26,S,10,1,72,52,9.782,10.314
par26,S,11,1,74,58,10.319,10.906
par26,S,12,1,76,41,10.892,11.522
par26,S,13,1,77,53,11.512,12.095
par26,S,14,1,79,57,12.094,13.763
par26,S,15,1,72,55,13.399,13.974
par26,S,16,1,74,60,14.001,14.6
par26,S,17,1,76,73,14.565,15.225
par26,S,18,1,77,54,15.164,15.814
par26,S,19,1,79,58,15.812,16.65
par26,S,20,1,79,44,17.054,17.562
par26,S,21,1,77,56,17.568,18.202
par26,S,22,1,76,57,18.193,18.849
par26,S,23,1,74,44,18.819,19.391
par26,S,24,1,72,45,19.433,20.199
par26,S,25,1,79,55,20.672,21.292
par26,S,26,1,77,63,21.247,21.863
par26,S,27,1,76,55,21.842,22.516
par26,S,28,1,74,42,22.52,23.098
par26,S,29,1,72,40,23.106,23.798
par26,S,30,1,79,62,24.344,25.052
par26,S,31,1,77,64,24.968,25.549
par26,S,32,1,76,55,25.54,26.112
par26,S,33,1,74,47,26.123,26.72
par26,S,34,1,72,42,26.725,27.401
par26,S,35,1,79,62,27.921,28.592
par26,S,36,1,77,53,28.572,29.128
par26,S,37,1,76,51,29.126,29.737
par26,S,38,1,74,37,29.788,30.435
par26,S,39,1,72,51,30.446,31.187
par26,S,40,1,74,33,32.373,32.957
par26,S,41,1,76,62,32.911,33.549
par26,S,42,1,77,59,33.489,34.054
par26,S,43,1,79,61,34.06,34.688
par26,S,44,1,72,54,34.676,35.429
par26,S,45,1,74,48,35.89,36.538
par26,S,46,1,76,56,36.488,37.102
par26,S,47,1,77,53,37.068,37.683
par26,S,48,1,79,49,37.667,38.231
par26,S,49,1,72,49,38.254,38.946
par26,S,50,1,74,42,39.508,40.113
par26,S,51,1,76,59,40.059,40.631
par26,S,52,1,77,60,40.633,41.256
par26,S,53,1,79,48,41.295,41.933
par26,S,54,1,72,47,41.962,42.609
par26,S,55,1,74,41,43.148,43.736
par26,S,56,1,76,59,43.717,44.351
par26,S,57,1,77,47,44.316,44.982
par26,S,58,1,79,40,44.983,45.593
par26,S,59,1,72,39,45.608,46.381
par26,S,60,1,77,48,51.398,51.924
par26,S,61,1,76,61,51.894,52.477
par26,S,62,1,74,57,52.43,52.946
par26,S,63,1,72,53,52.95,53.437
par26,S,64,1,79,52,53.476,54.684
par26,S,65,1,77,58,54.71,55.26
par26,S,66,1,76,61,55.236,55.907
par26,S,67,1,74,47,55.852,56.429
par26,S,68,1,72,51,56.458,57.027
par26,S,69,1,79,56,57.065,58.325
par26,S,70,1,77,58,58.336,59.031
par26,S,71,1,76,54,58.968,59.57
par26,S,72,1,74,44,59.575,60.123
par26,S,73,1,72,52,60.149,60.729
par26,S,74,1,79,54,60.753,62.12
par26,S,75,1,77,59,62.046,62.634
par26,S,76,1,76,66,62.595,63.863
par26,S,77,1,74,61,63.201,63.878
par26,S,78,1,72,57,63.814,64.387
par26,S,79,1,79,63,64.39,65.682
par26,S,80,1,77,62,65.683,66.362
par26,S,81,1,76,55,66.275,66.964
par26,S,82,1,74,47,66.877,67.467
par26,S,83,1,72,51,67.49,68.096
par26,S,84,1,79,52,68.077,69.332
par26,S,85,1,76,46,74.233,74.897
par26,S,86,1,77,61,74.84,75.4
par26,S,87,1,79,54,75.413,76.012
par26,S,88,1,74,51,76.018,76.653
par26,S,89,1,72,53,76.634,77.82
par26,S,90,1,76,62,77.846,78.484
par26,S,91,1,77,53,78.437,79.059
par26,S,92,1,79,48,79.064,79.686
par26,S,93,1,74,48,79.675,80.25
par26,S,94,1,72,44,80.258,81.473
par26,S,95,1,76,53,81.469,82.102
par26,S,96,1,77,50,82.071,82.683
par26,S,97,1,79,50,82.706,83.291
par26,S,98,1,74,46,83.289,83.908
par26,S,99,1,72,46,83.919,85.183
par26,S,100,1,76,50,85.147,85.719
par26,S,101,1,77,53,85.705,86.419
par26,S,102,1,79,52,86.346,86.901
par26,S,103,1,74,47,86.927,87.599
par26,S,104,1,72,45,87.568,88.805
par26,S,105,1,76,54,88.826,89.546
par26,S,106,1,77,54,89.457,90.05
par26,S,107,1,79,51,90.024,90.806
par26,S,108,1,74,46,90.654,91.23
par26,S,109,1,72,42,91.248,91.877
par26,S,110,1,76,48,92.492,93.081
par26,S,111,1,74,50,93.055,93.656
par26,S,112,1,72,54,93.633,94.289
par26,S,113,1,77,46,94.2,94.868
par26,S,114,1,79,56,94.839,96.111
par26,S,115,1,76,56,96.127,96.668
par26,S,116,1,74,45,96.707,97.343
par26,S,117,1,72,47,97.314,97.917
par26,S,118,1,77,54,97.887,98.544
par26,S,119,1,79,52,98.52,99.788
par26,S,120,1,76,53,99.731,100.417
par26,S,121,1,74,53,100.312,100.917
par26,S,122,1,72,41,100.921,101.547
par26,S,123,1,77,54,101.533,102.215
par26,S,124,1,79,55,102.186,103.383
par26,S,125,1,76,43,103.36,103.927
par26,S,126,1,74,61,103.922,104.563
par26,S,127,1,72,47,104.567,105.298
par26,S,128,1,77,54,105.231,105.865
par26,S,129,1,79,49,105.849,106.591
par26,S,130,1,77,50,107.07,107.689
par26,S,131,1,79,54,107.68,108.265
par26,S,132,1,76,54,108.254,108.889
par26,S,133,1,74,58,108.85,109.493
par26,S,134,1,72,53,109.486,110.762
par26,S,135,1,77,55,110.694,111.342
par26,S,136,1,79,65,111.315,111.928
par26,S,137,1,76,56,111.919,112.6
par26,S,138,1,74,56,112.505,113.159
par26,S,139,1,72,45,113.114,114.481
par26,S,140,1,77,46,114.399,114.981
par26,S,141,1,79,60,114.977,115.587
par26,S,142,1,76,55,115.566,116.161
par26,S,143,1,74,46,116.138,116.743
par26,S,144,1,72,42,116.749,118.112
par26,S,145,1,77,56,118.061,118.655
par26,S,146,1,79,62,118.644,119.201
par26,S,147,1,76,54,119.207,119.858
par26,S,148,1,74,50,119.81,120.431
par26,S,149,1,72,36,120.449,121.842
par26,S,150,1,77,44,121.719,122.311
par26,S,151,1,79,64,122.3,122.893
par26,S,152,1,76,57,122.893,123.569
par26,S,153,1,74,51,123.483,124.12
par26,S,154,1,72,46,124.131,125.017
par26,S,155,1,74,47,125.429,126.098
par26,S,156,1,72,55,126.06,126.732
par26,S,157,1,76,61,126.715,127.305
par26,S,158,1,77,60,127.278,127.86
par26,S,159,1,79,59,127.855,129.03
par26,S,160,1,74,52,129.068,129.609
par26,S,161,1,72,52,129.646,130.243
par26,S,162,1,76,66,130.215,130.853
par26,S,163,1,77,63,130.825,131.458
par26,S,164,1,79,56,131.448,132.655
par26,S,165,1,74,42,132.705,133.312
par26,S,166,1,72,54,133.293,133.916
par26,S,167,1,76,55,133.901,134.603
par26,S,168,1,77,67,134.502,135.152
par26,S,169,1,79,65,135.11,136.323
par26,S,170,1,74,50,136.358,136.903
par26,S,171,1,72,54,136.934,137.55
par26,S,172,1,76,63,137.531,138.235
par26,S,173,1,77,64,138.132,138.936
par26,S,174,1,79,45,138.757,139.636
par26,S,175,1,72,56,139.996,140.522
par26,S,176,1,74,52,140.581,141.184
par26,S,177,1,76,54,141.165,141.867
par26,S,178,1,77,78,141.817,142.563
par26,S,179,1,79,64,142.415,143.582
par26,S,180,1,72,54,143.657,144.187
par26,S,181,1,74,56,144.182,144.81
par26,S,182,1,76,47,144.778,145.385
par26,S,183,1,77,48,145.438,146.063
par26,S,184,1,79,48,146.094,147.342
par26,S,185,1,72,32,147.319,147.882
par26,S,186,1,74,54,147.904,148.459
par26,S,187,1,76,55,148.467,149.035
par26,S,188,1,77,54,149.056,149.724
par26,S,189,1,79,52,149.719,150.715
par26,S,190,1,72,51,150.949,151.448
par26,S,191,1,74,52,151.469,152.156
par26,S,192,1,76,62,152.098,152.646
par26,S,193,1,77,57,152.731,153.314
par26,S,194,1,79,51,153.313,153.874
par26,S,195,1,79,52,154.564,155.161
par26,S,196,1,77,55,155.172,155.728
par26,S,197,1,76,56,155.737,156.361
par26,S,198,1,74,47,156.348,156.927
par26,S,199,1,72,47,156.95,157.675
par26,S,200,1,79,54,158.165,158.731
par26,S,201,1,77,58,158.75,159.381
par26,S,202,1,76,54,159.365,159.977
par26,S,203,1,74,38,159.981,160.562
par26,S,204,1,72,47,160.578,161.148
par26,S,205,1,79,50,161.817,162.485
par26,S,206,1,77,58,162.425,163.032
par26,S,207,1,76,59,163.023,163.685
par26,S,208,1,74,38,163.621,164.331
par26,S,209,1,72,36,164.285,164.925
par26,S,210,1,79,59,165.465,166.104
par26,S,211,1,77,52,166.047,166.754
par26,S,212,1,76,46,166.698,167.339
par26,S,213,1,74,38,167.296,167.842
par26,S,214,1,72,37,167.86,168.565
par26,S,215,1,74,43,169.15,169.795
par26,S,216,1,76,62,169.729,170.326
par26,S,217,1,77,63,170.372,170.985
par26,S,218,1,79,59,170.937,171.493
par26,S,219,1,72,59,171.522,172.619
par26,S,220,1,74,52,172.773,173.437
par26,S,221,1,76,63,173.351,174.012
par26,S,222,1,77,54,174.016,174.682
par26,S,223,1,79,33,174.569,175.575
par26,S,224,1,72,48,175.162,176.337
par26,S,225,1,74,50,176.41,176.965
par26,S,226,1,76,64,176.967,177.64
par26,S,227,1,77,57,177.593,178.22
par26,S,228,1,79,55,178.219,178.767
par26,S,229,1,72,48,178.777,180.041
par26,S,230,1,74,53,180.043,180.784
par26,S,231,1,76,58,180.625,181.101
par26,S,232,1,77,52,181.276,181.869
par26,S,233,1,79,55,181.871,182.547
par26,S,234,1,72,47,182.559,183.403
par26,S,235,1,79,45,184.673,184.816
par26,S,236,1,77,46,186.053,186.6
par26,S,237,1,76,60,186.556,187.082
par26,S,238,1,74,56,187.084,187.697
par26,S,239,1,72,55,187.651,188.467
par26,S,240,1,79,38,188.403,189.235
par26,S,241,1,77,48,189.732,190.337
par26,S,242,1,76,57,190.299,190.894
par26,S,243,1,74,56,190.868,191.544
par26,S,244,1,72,40,191.523,192.309
par26,S,245,1,79,40,192.188,192.909
par27,I,0,0,72,43,4.082,4.406
par27,I,1,0,76,26,4.893,5.16
par27,I,2,0,76,52,5.54,5.784
par27,I,3,0,77,1,6.221,6.396
par27,I,4,0,77,59,6.753,6.96
par27,I,5,0,76,51,7.372,7.596
par27,I,6,0,76,63,7.928,8.096
par27,I,7,0,76,52,8.47,8.664
par27,I,8,0,72,52,9.042,9.194
par27,I,9,0,74,61,9.675,9.89
par27,I,10,0,74,52,10.269,10.397
par27,I,11,0,79,64,10.756,10.993
par27,I,12,0,77,55,11.439,11.584
par27,I,13,0,76,48,12.031,12.197
par27,I,14,0,79,45,12.611,12.823
par27,I,15,0,76,17,13.122,13.384
par27,I,16,0,72,78,14.019,14.224
par27,I,17,0,74,58,14.608,14.797
par27,I,18,0,74,49,15.133,15.284
par27,I,19,0,76,51,15.675,15.866
par27,I,20,0,74,52,16.595,16.772
par27,I,21,0,74,50,17.2,17.383
par27,I,22,0,72,54,17.698,17.837
par27,I,23,0,72,54,18.283,18.436
par27,I,24,0,77,46,19.231,19.453
par27,I,25,0,77,52,19.796,19.988
par27,I,26,0,76,50,20.278,20.493
par27,I,27,0,77,59,20.881,21.093
par27,I,28,0,76,55,21.435,21.599
par27,I,29,0,79,54,21.898,22.158
par27,I,30,0,74,40,22.51,22.661
par27,I,31,0,72,43,22.495,22.664
par27,I,32,0,72,33,23.473,23.561
par27,I,33,0,76,52,24.03,24.219
par27,I,34,0,76,47,24.566,24.752
par27,I,35,0,74,65,25.646,25.774
par27,I,36,0,74,49,26.165,26.31
par27,I,37,0,72,52,26.681,26.837
par27,I,38,0,79,56,27.617,27.89
par27,I,39,0,79,64,28.192,28.518
par27,I,40,0,77,59,28.793,28.929
par27,I,41,0,76,42,29.331,29.541
par27,I,42,0,72,59,29.835,29.996
par27,I,43,0,74,54,30.376,30.532
par27,I,44,0,72,50,30.863,31.03
par27,I,45,0,74,58,31.35,31.587
par27,I,46,0,79,72,32.194,32.449
par27,I,47,0,77,22,32.905,33.038
par27,I,48,0,77,57,33.395,33.565
par27,I,49,0,76,46,34.26,34.404
par27,I,50,0,76,43,34.905,35.031
par27,I,51,0,76,55,35.31,35.507
par27,I,52,0,72,39,35.999,36.203
par27,I,53,0,72,43,36.516,36.63
par27,I,54,0,72,46,36.933,37.098
par27,I,55,0,72,64,37.73,37.982
par27,I,56,0,74,48,38.456,38.575
par27,I,57,0,76,40,38.938,39.144
par27,I,58,0,77,54,39.387,39.57
par27,I,59,0,79,64,39.813,40.074
par27,I,60,0,79,64,40.546,40.743
par27,I,61,0,76,39,40.951,41.11
par27,I,62,0,76,54,41.295,41.417
par27,I,63,0,79,55,41.853,42.03
par27,I,64,0,79,64,42.22,42.328
par27,I,65,0,79,48,42.496,42.582
par27,I,66,0,76,56,43.014,43.16
par27,I,67,0,76,56,43.401,43.544
par27,I,68,0,74,48,44.038,44.155
par27,I,69,0,74,22,44.358,44.429
par27,I,70,0,74,53,44.633,44.747
par27,I,71,0,77,53,45.139,45.319
par27,I,72,0,77,35,45.525,45.612
par27,I,73,0,77,46,45.868,45.956
par27,I,74,0,72,55,46.401,46.567
par27,I,75,0,72,47,47.468,47.636
par27,I,76,0,74,38,48.112,48.24
par27,I,77,0,76,50,48.636,48.802
par27,I,78,0,77,20,49.281,49.525
par27,I,79,0,79,51,49.869,50.097
par27,I,80,0,76,47,50.543,50.78
par27,I,81,0,72,53,51.169,51.324
par27,I,82,0,72,70,52.202,52.482
par27,I,83,0,74,35,52.887,53.042
par27,I,84,0,77,31,53.465,53.684
par27,I,85,0,76,45,54.014,54.214
par27,I,86,0,72,45,54.542,54.736
par27,I,87,0,74,58,55.1,55.262
par27,I,88,0,74,51,55.588,55.784
par27,I,89,0,76,47,56.387,56.545
par27,I,90,0,76,48,56.789,56.904
par27,I,91,0,72,56,57.316,57.476
par27,I,92,0,77,51,58.149,58.388
par27,I,93,0,74,58,58.567,58.738
par27,I,94,0,76,41,58.857,59.015
par27,I,95,0,72,61,59.358,59.512
par27,I,96,0,74,39,59.824,59.944
par27,I,97,0,76,39,60.151,60.335
par27,I,98,0,77,44,60.497,60.72
par27,I,99,0,79,61,61.089,61.292
par27,I,100,0,79,58,61.896,62.07
par27,I,101,0,79,65,62.287,62.432
par27,I,102,0,79,39,62.635,62.714
par27,I,103,0,76,41,63.145,63.301
par27,I,104,0,77,53,64.016,64.215
par27,I,105,0,72,45,64.832,64.977
par27,I,106,0,74,57,65.594,65.764
par27,I,107,0,72,56,67.023,67.18
par27,I,108,0,76,54,67.583,67.793
par27,I,109,0,74,55,68.155,68.324
par27,I,110,0,77,30,69.364,69.613
par27,I,111,0,76,43,69.897,70.05
par27,I,112,0,74,54,70.348,70.55
par27,I,113,0,72,39,71.04,71.156
par27,I,114,0,74,46,71.502,71.662
par27,I,115,0,76,51,71.864,72.072
par27,I,116,0,77,49,72.434,72.638
par27,I,117,0,79,63,73.008,73.228
par27,I,118,0,76,31,73.525,73.735
par27,I,119,0,77,45,73.915,74.143
par27,I,120,0,79,11,74.694,74.765
par27,I,121,0,72,47,74.923,75.056
par27,I,122,0,74,51,75.332,75.487
par27,I,123,0,76,60,76.01,76.178
par27,I,124,0,76,39,76.366,76.5
par27,I,125,0,76,32,76.704,76.915
par27,I,126,0,77,55,79.105,79.35
par27,I,127,0,76,24,79.872,80.11
par27,I,128,0,72,46,80.46,80.617
par27,I,129,0,74,56,81.922,82.135
par27,I,130,0,74,55,83.065,83.265
par27,I,131,0,72,38,83.567,83.717
par27,I,132,0,76,35,84.018,84.25
par27,I,133,0,77,51,85.595,85.8
par27,I,134,0,72,42,89.53,89.699
par27,I,135,0,74,46,90.036,90.147
par27,I,136,0,76,45,90.573,90.741
par27,I,137,0,77,53,91.054,91.243
par27,I,138,0,79,59,92.183,92.406
par27,I,139,0,77,30,92.829,92.986
par27,I,140,0,76,41,93.242,93.413
par27,I,141,0,74,37,93.601,93.752
par27,I,142,0,72,49,93.912,94.059
par27,I,143,0,72,53,94.409,94.545
par27,I,144,0,74,43,94.821,94.969
par27,I,145,0,76,49,95.187,95.33
par27,I,146,0,77,53,96.808,97.027
par27,I,147,0,79,1,97.774,98.013
par27,I,148,0,79,63,98.21,98.46
par27,I,149,0,72,19,98.805,99.001
par27,I,150,0,74,65,99.186,99.346
par27,I,151,0,74,49,99.981,100.162
par27,I,152,0,76,44,100.448,100.686
par27,I,153,0,77,46,101.176,101.384
par27,I,154,0,79,55,101.733,101.95
par27,I,155,0,72,56,102.54,102.67
par27,I,156,0,74,16,102.875,102.966
par27,I,157,0,76,53,103.411,103.569
par27,I,158,0,77,1,104.208,104.4
par27,I,159,0,77,59,105.156,105.365
par27,I,160,0,79,49,106.208,106.457
par27,I,161,0,72,52,106.569,106.723
par27,I,162,0,74,53,107.025,107.219
par27,I,163,0,76,60,108.208,108.469
par27,I,164,0,74,22,108.716,108.829
par27,I,165,0,77,46,109.168,109.411
par27,I,166,0,76,51,109.96,110.189
par27,I,167,0,74,47,110.374,110.592
par27,I,168,0,72,40,110.756,110.899
par27,I,169,0,72,14,111.491,111.647
par27,I,170,0,74,40,111.919,112.097
par27,I,171,0,76,45,112.271,112.486
par27,I,172,0,77,59,112.704,112.896
par27,I,173,0,79,53,113.127,113.323
par27,I,174,0,76,1,113.587,113.693
par27,I,175,0,74,37,113.585,113.762
par27,I,176,0,76,45,113.936,114.184
par27,I,177,0,74,43,114.612,114.762
par27,I,178,0,76,44,114.995,115.136
par27,I,179,0,77,54,115.402,115.566
par27,I,180,0,79,58,115.738,115.966
par27,I,181,0,74,47,116.198,116.323
par27,I,182,0,72,35,117.582,117.744
par27,I,183,0,74,55,118.168,118.319
par27,I,184,0,76,52,118.795,119.016
par27,I,185,0,79,56,119.358,119.629
par27,I,186,0,77,52,120.266,120.513
par27,I,187,0,72,64,120.723,120.889
par27,I,188,0,74,54,121.383,121.507
par27,I,189,0,76,44,121.886,122.086
par27,I,190,0,76,38,122.838,123.021
par27,I,191,0,77,45,123.221,123.394
par27,I,192,0,79,65,123.62,123.844
par27,I,193,0,72,66,124.336,124.441
par27,I,194,0,74,42,124.698,124.872
par27,I,195,0,76,48,125.032,125.228
par27,I,196,0,77,54,125.49,125.695
par27,I,197,0,79,67,125.97,126.217
par27,I,198,0,72,42,126.306,126.409
par27,I,199,0,76,55,126.935,127.051
par27,I,200,0,72,27,128.255,128.426
par27,I,201,0,74,68,128.712,128.86
par27,I,202,0,76,46,129.134,129.349
par27,I,203,0,77,51,129.625,129.833
par27,I,204,0,79,57,130.061,130.278
par27,I,205,0,72,63,130.713,130.855
par27,I,206,0,74,34,131.217,131.376
par27,I,207,0,76,43,131.597,131.801
par27,I,208,0,79,58,132.241,132.463
par27,I,209,0,72,53,132.753,132.867
par27,I,210,0,77,44,133.301,133.487
par27,I,211,0,76,61,133.759,133.945
par27,I,212,0,74,36,134.457,134.647
par27,I,213,0,72,55,135.051,135.226
par27,I,214,0,77,36,141.121,141.329
par27,I,215,0,77,46,141.739,141.889
par27,I,216,0,79,28,142.314,142.61
par27,I,217,0,81,47,143.273,143.544
par27,I,218,0,79,20,143.929,144.131
par27,I,219,0,79,26,144.474,144.655
par27,I,220,0,79,35,144.94,145.146
par27,I,221,0,81,30,145.696,145.907
par27,I,222,0,81,56,146.119,146.266
par27,I,223,0,77,1,147.154,147.288
par27,I,224,0,72,53,152.114,152.269
par27,I,225,0,74,57,152.54,152.685
par27,I,226,0,76,45,152.88,153.051
par27,I,227,0,77,22,153.351,153.581
par27,I,228,0,79,63,153.809,154.038
par27,I,229,0,74,60,154.601,154.797
par27,I,230,0,72,47,155.13,155.284
par27,I,231,0,72,50,156.32,156.439
par27,I,232,0,74,41,156.794,156.939
par27,I,233,0,76,33,157.429,157.652
par27,I,234,0,77,51,157.864,158.063
par27,I,235,0,79,45,158.295,158.506
par27,I,236,0,72,50,159.437,159.619
par27,I,237,0,74,49,159.851,159.98
par27,I,238,0,76,41,160.634,160.803
par27,I,239,0,77,33,161.327,161.529
par27,I,240,0,79,62,161.818,162.059
par27,I,241,0,77,45,162.98,163.185
par27,I,242,0,76,52,163.605,163.771
par27,I,243,0,74,38,164.291,164.48
par27,I,244,0,74,75,165.908,166.179
par27,I,245,0,72,59,166.806,166.977
par27,I,246,0,72,72,167.24,167.395
par27,I,247,0,74,60,167.74,167.902
par27,I,248,0,76,41,168.517,168.722
par27,I,249,0,76,52,168.844,168.994
par27,I,250,0,76,49,169.151,169.339
par27,I,251,0,72,39,169.947,170.112
par27,I,252,0,79,47,170.263,170.5
par27,I,253,0,79,67,170.719,170.974
par27,I,254,0,77,46,172.644,172.876
par27,I,255,0,77,45,173.26,173.61
par27,I,256,0,77,35,174.286,174.583
par27,I,257,0,76,48,174.766,174.909
par27,I,258,0,76,47,175.186,175.353
par27,I,259,0,74,49,175.576,175.77
par27,I,260,0,72,56,176.489,176.684
par27,I,261,0,72,63,177.051,177.227
par27,I,262,0,74,52,177.512,177.691
par27,I,263,0,74,32,178.459,178.645
par27,I,264,0,76,40,178.865,179.098
par27,I,265,0,76,21,179.356,179.631
par27,I,266,0,76,46,179.849,180.098
par27,I,267,0,76,60,180.402,180.655
par27,I,268,0,77,46,180.999,181.202
par27,I,269,0,79,57,181.486,181.743
par27,I,270,0,77,10,184.182,184.412
par27,I,271,0,77,53,184.691,184.964
par27,I,272,0,77,66,185.255,185.535
par27,I,273,0,79,49,186.244,186.527
par27,I,274,0,76,47,186.908,187.139
par27,I,275,0,77,39,187.261,187.492
par27,I,276,0,76,38,187.669,187.914
par27,I,277,0,74,51,188.412,188.584
par27,I,278,0,71,9,188.826,189.01
par27,I,279,0,72,9,188.831,189.013
par27,I,280,0,72,72,189.564,189.729
par27,I,281,0,74,53,189.94,190.076
par27,I,282,0,74,14,190.263,190.408
par27,I,283,0,76,48,190.591,190.816
par27,I,284,0,74,47,191.039,191.26
par27,I,285,0,74,31,191.55,191.627
par27,I,286,0,72,22,191.6,191.806
par27,I,287,0,77,42,192.111,192.412
par27,I,288,0,79,45,192.182,192.426
par27,I,0,1,72,51,1.243,1.394
par27,I,1,1,74,43,2.992,3.101
par27,I,2,1,76,43,3.569,3.721
par27,I,3,1,72,1,4.212,4.29
par27,I,4,1,77,38,4.83,5.016
par27,I,5,1,77,35,5.388,5.568
par27,I,6,1,76,47,5.95,6.108
par27,I,7,1,74,42,6.877,6.988
par27,I,8,1,76,33,7.355,7.497
par27,I,9,1,76,37,7.778,7.929
par27,I,10,1,77,23,8.168,8.353
par27,I,11,1,79,60,8.58,8.799
par27,I,12,1,79,47,8.998,9.204
par27,I,13,1,79,64,9.446,9.641
par27,I,14,1,76,37,10.211,10.385
par27,I,15,1,76,56,10.611,10.733
par27,I,16,1,76,48,10.945,11.161
par27,I,17,1,79,56,11.532,11.719
par27,I,18,1,77,9,12.16,12.343
par27,I,19,1,77,54,12.574,12.798
par27,I,20,1,76,43,13.301,13.446
par27,I,21,1,76,49,13.627,13.803
par27,I,22,1,76,33,13.956,14.134
par27,I,23,1,74,52,14.283,14.426
par27,I,24,1,72,51,14.56,14.687
par27,I,25,1,74,47,15.014,15.138
par27,I,26,1,76,28,15.276,15.42
par27,I,27,1,77,41,15.699,15.91
par27,I,28,1,76,32,16.156,16.35
par27,I,29,1,74,56,17.767,17.895
par27,I,30,1,72,47,18.306,18.441
par27,I,31,1,72,45,18.816,18.984
par27,I,32,1,79,55,19.352,19.596
par27,I,33,1,77,56,19.963,20.114
par27,I,34,1,76,50,20.447,20.66
par27,I,35,1,74,51,21.164,21.341
par27,I,36,1,72,40,21.638,21.798
par27,I,37,1,74,35,22.07,22.137
par27,I,38,1,76,46,22.109,22.328
par27,I,39,1,74,54,22.701,22.932
par27,I,40,1,74,38,23.393,23.631
par27,I,41,1,76,30,23.822,24.03
par27,I,42,1,77,45,24.274,24.505
par27,I,43,1,79,56,24.679,24.897
par27,I,44,1,79,1,25.088,25.274
par27,I,45,1,76,44,25.467,25.672
par27,I,46,1,74,55,26.106,26.278
par27,I,47,1,72,60,26.457,26.618
par27,I,48,1,76,38,26.863,27.057
par27,I,49,1,79,49,27.191,27.42
par27,I,50,1,72,65,27.767,27.968
par27,I,51,1,76,37,28.269,28.427
par27,I,52,1,77,18,28.945,29.202
par27,I,53,1,77,55,29.447,29.606
par27,I,54,1,77,58,29.872,30.094
par27,I,55,1,74,47,30.653,30.827
par27,I,56,1,72,26,31.068,31.214
par27,I,57,1,74,57,31.45,31.572
par27,I,58,1,76,35,31.584,31.7
par27,I,59,1,72,51,31.835,32.0
par27,I,60,1,79,44,32.244,32.453
par27,I,61,1,76,46,32.632,32.791
par27,I,62,1,72,68,32.956,33.16
par27,I,63,1,74,48,33.63,33.745
par27,I,64,1,76,44,33.896,34.041
par27,I,65,1,77,11,34.396,34.58
par27,I,66,1,79,63,34.898,35.11
par27,I,67,1,76,34,35.436,35.577
par27,I,68,1,72,52,35.63,35.822
par27,I,69,1,74,58,36.019,36.152
par27,I,70,1,76,32,36.563,36.759
par27,I,71,1,77,26,37.004,37.162
par27,I,72,1,79,65,37.543,37.734
par27,I,73,1,77,1,38.131,38.236
par27,I,74,1,72,13,39.342,39.5
par27,I,75,1,72,55,39.759,39.909
par27,I,76,1,72,71,40.162,40.316
par27,I,77,1,74,46,40.64,40.813
par27,I,78,1,76,49,40.976,41.149
par27,I,79,1,77,31,41.642,41.844
par27,I,80,1,79,61,42.068,42.264
par27,I,81,1,77,45,42.496,42.673
par27,I,82,1,77,55,42.856,42.999
par27,I,83,1,76,48,43.783,43.896
par27,I,84,1,76,43,44.1,44.239
par27,I,85,1,76,45,44.402,44.517
par27,I,86,1,76,40,44.915,45.094
par27,I,87,1,76,31,45.251,45.409
par27,I,88,1,74,60,45.556,45.667
par27,I,89,1,72,52,46.042,46.174
par27,I,90,1,72,46,46.333,46.406
par27,I,91,1,76,12,46.737,46.831
par27,I,92,1,74,60,46.793,46.937
par27,I,93,1,74,52,47.204,47.337
par27,I,94,1,76,34,47.536,47.781
par27,I,95,1,79,42,48.649,48.882
par27,I,96,1,77,35,49.126,49.303
par27,I,97,1,79,58,49.524,49.725
par27,I,98,1,77,47,50.277,50.496
par27,I,99,1,79,54,51.032,51.299
par27,I,100,1,77,47,52.259,52.397
par27,I,101,1,77,62,52.601,52.735
par27,I,102,1,77,63,52.912,53.057
par27,I,103,1,76,33,53.913,54.077
par27,I,104,1,76,46,54.269,54.382
par27,I,105,1,76,37,54.53,54.649
par27,I,106,1,79,31,55.47,55.73
par27,I,107,1,76,44,56.231,56.45
par27,I,108,1,74,52,56.567,56.732
par27,I,109,1,72,35,56.826,56.975
par27,I,110,1,76,40,57.225,57.551
par27,I,111,1,74,39,57.653,57.777
par27,I,112,1,72,51,58.013,58.159
par27,I,113,1,76,34,58.678,58.88
par27,I,114,1,74,24,59.03,59.189
par27,I,115,1,72,41,59.302,59.433
par27,I,116,1,76,26,59.668,59.825
par27,I,117,1,74,44,59.955,60.052
par27,I,118,1,71,8,60.419,60.623
par27,I,119,1,72,33,60.963,61.073
par27,I,120,1,74,53,61.421,61.558
par27,I,121,1,76,30,61.923,62.136
par27,I,122,1,79,13,62.426,62.605
par27,I,123,1,77,54,63.426,63.607
par27,I,124,1,77,58,63.802,63.948
par27,I,125,1,77,1,64.39,64.569
par27,I,126,1,79,56,64.867,65.045
par27,I,127,1,76,46,65.274,65.465
par27,I,128,1,74,1,65.631,65.792
par27,I,129,1,72,50,66.191,66.335
par27,I,130,1,74,47,66.907,67.078
par27,I,131,1,74,35,67.244,67.379
par27,I,132,1,72,53,67.576,67.701
par27,I,133,1,76,39,68.09,68.245
par27,I,134,1,76,44,68.37,68.51
par27,I,135,1,77,40,68.732,68.923
par27,I,136,1,79,59,69.165,69.328
par27,I,137,1,77,36,69.589,69.749
par27,I,138,1,76,35,70.405,70.622
par27,I,139,1,74,39,70.649,70.786
par27,I,140,1,72,51,70.97,71.127
par27,I,141,1,74,29,71.622,71.726
par27,I,142,1,76,34,71.995,72.146
par27,I,143,1,77,36,72.386,72.577
par27,I,144,1,79,58,72.894,73.099
par27,I,145,1,76,35,73.433,73.587
par27,I,146,1,72,65,74.095,74.185
par27,I,147,1,74,35,74.239,74.3
par27,I,148,1,77,34,74.778,74.988
par27,I,149,1,76,28,75.363,75.511
par27,I,150,1,74,40,75.881,76.048
par27,I,151,1,72,54,76.411,76.568
par27,I,152,1,72,52,76.917,77.09
par27,I,153,1,74,51,77.318,77.438
par27,I,154,1,76,44,77.613,77.773
par27,I,155,1,77,37,78.104,78.379
par27,I,156,1,79,59,78.596,78.813
par27,I,157,1,72,60,79.316,79.453
par27,I,158,1,74,31,79.805,79.908
par27,I,159,1,76,27,80.117,80.265
par27,I,160,1,79,50,80.616,80.83
par27,I,161,1,79,47,81.022,81.198
par27,I,162,1,77,50,81.787,81.947
par27,I,163,1,76,49,82.17,82.312
par27,I,164,1,79,1,82.686,82.981
par27,I,165,1,77,38,83.459,83.631
par27,I,166,1,76,62,83.835,83.997
par27,I,167,1,72,39,84.588,84.793
par27,I,168,1,74,43,85.266,85.446
par27,I,169,1,76,32,85.619,85.8
par27,I,170,1,77,16,86.05,86.246
par27,I,171,1,79,49,86.463,86.719
par27,I,172,1,76,33,87.325,87.513
par27,I,173,1,72,48,88.727,88.921
par27,I,174,1,72,45,89.172,89.269
par27,I,175,1,74,59,89.472,89.604
par27,I,176,1,74,47,90.125,90.223
par27,I,177,1,76,34,90.473,90.605
par27,I,178,1,76,56,90.783,90.98
par27,I,179,1,72,61,91.329,91.469
par27,I,180,1,74,37,91.726,91.82
par27,I,181,1,74,50,92.02,92.111
par27,I,182,1,76,39,92.319,92.499
par27,I,183,1,79,47,92.667,92.872
par27,I,184,1,76,52,93.012,93.22
par27,I,185,1,77,36,93.349,93.544
par27,I,186,1,74,39,93.985,94.103
par27,I,187,1,74,22,94.341,94.465
par27,I,188,1,74,40,94.619,94.731
par27,I,189,1,76,40,95.185,95.327
par27,I,190,1,76,22,95.502,95.579
par27,I,191,1,76,33,95.728,95.866
par27,I,192,1,74,38,96.19,96.351
par27,I,193,1,72,47,96.478,96.614
par27,I,194,1,77,55,96.819,97.079
par27,I,195,1,76,47,97.348,97.59
par27,I,196,1,72,51,98.014,98.142
par27,I,197,1,74,41,98.54,98.709
par27,I,198,1,76,36,99.058,99.205
par27,I,199,1,79,43,101.043,101.283
par27,I,200,1,79,51,101.546,101.736
par27,I,201,1,77,49,102.37,102.522
par27,I,202,1,76,63,103.315,103.467
par27,I,203,1,76,47,103.661,103.782
par27,I,204,1,76,74,104.008,104.191
par27,I,205,1,76,56,104.594,104.764
par27,I,206,1,76,70,104.934,105.077
par27,I,207,1,76,54,105.183,105.393
par27,I,208,1,76,35,106.22,106.383
par27,I,209,1,72,51,106.661,106.846
par27,I,210,1,72,30,107.298,107.455
par27,I,211,1,74,61,107.607,107.807
par27,I,212,1,76,43,108.042,108.223
par27,I,213,1,77,37,108.343,108.544
par27,I,214,1,77,42,108.789,108.912
par27,I,215,1,79,1,108.823,109.048
par27,I,216,1,72,53,109.153,109.355
par27,I,217,1,74,54,109.519,109.706
par27,I,218,1,76,41,110.106,110.263
par27,I,219,1,76,48,110.452,110.619
par27,I,220,1,76,52,110.764,110.929
par27,I,221,1,77,56,111.419,111.638
par27,I,222,1,77,45,111.894,112.017
par27,I,223,1,77,41,112.201,112.383
par27,I,224,1,79,61,112.689,112.898
par27,I,225,1,74,53,113.175,113.349
par27,I,226,1,72,26,113.776,113.989
par27,I,227,1,72,57,114.282,114.453
par27,I,228,1,72,55,114.629,114.743
par27,I,229,1,74,28,115.891,115.988
par27,I,230,1,72,25,116.024,116.11
par27,I,231,1,74,25,116.318,116.48
par27,I,232,1,76,38,116.635,116.815
par27,I,233,1,72,64,116.915,117.082
par27,I,234,1,72,58,117.521,117.636
par27,I,235,1,74,34,117.805,117.962
par27,I,236,1,72,63,117.972,118.078
par27,I,237,1,74,21,118.638,118.757
par27,I,238,1,74,35,118.974,119.094
par27,I,239,1,76,45,119.264,119.426
par27,I,240,1,76,47,119.859,120.005
par27,I,241,1,76,52,120.174,120.327
par27,I,242,1,77,43,120.541,120.739
par27,I,243,1,74,63,121.458,121.615
par27,I,244,1,76,39,121.795,121.922
par27,I,245,1,76,35,122.11,122.253
par27,I,246,1,77,38,122.429,122.604
par27,I,247,1,74,54,122.806,123.01
par27,I,248,1,72,52,123.154,123.318
par27,I,249,1,76,34,123.66,123.888
par27,I,250,1,72,19,123.92,124.197
par27,I,251,1,79,52,124.565,124.836
par27,I,252,1,77,53,125.203,125.427
par27,I,253,1,77,39,125.658,125.802
par27,I,254,1,76,29,125.803,125.925
par27,I,255,1,76,41,126.274,126.446
par27,I,256,1,76,42,126.81,127.042
par27,I,257,1,72,45,127.756,127.935
par27,I,258,1,74,55,128.137,128.271
par27,I,259,1,76,25,128.394,128.576
par27,I,260,1,76,43,128.722,128.99
par27,I,261,1,74,53,129.758,129.887
par27,I,262,1,74,45,130.026,130.152
par27,I,263,1,76,26,129.176,130.434
par27,I,264,1,74,41,130.483,130.68
par27,I,265,1,76,1,131.058,131.252
par27,I,266,1,76,38,131.525,131.774
par27,I,267,1,76,39,131.977,132.08
par27,I,268,1,76,49,132.441,132.628
par27,I,269,1,74,48,133.165,133.292
par27,I,270,1,74,44,133.46,133.597
par27,I,271,1,72,54,133.795,133.933
par27,I,272,1,72,65,134.241,134.42
par27,I,273,1,72,53,134.754,134.944
par27,I,274,1,76,19,135.392,135.66
par27,I,275,1,74,34,135.817,135.918
par27,I,276,1,72,57,135.912,135.978
par27,I,277,1,76,19,136.301,136.452
par27,I,278,1,79,55,137.091,137.302
par27,I,279,1,77,1,137.787,137.905
par27,I,280,1,77,70,138.219,138.409
par27,I,281,1,76,43,138.756,138.942
par27,I,282,1,77,36,139.581,139.762
par27,I,283,1,77,50,139.961,140.135
par27,I,284,1,77,63,140.35,140.565
par27,I,285,1,79,67,141.027,141.216
par27,I,286,1,79,59,141.39,141.516
par27,I,287,1,79,55,141.682,141.892
par27,I,288,1,76,49,142.542,142.679
par27,I,289,1,76,35,142.893,143.068
par27,I,290,1,77,55,143.197,143.36
par27,I,291,1,76,46,143.512,143.686
par27,I,292,1,76,29,143.865,143.993
par27,I,293,1,74,64,143.918,144.072
par27,I,294,1,74,51,144.279,144.348
par27,I,295,1,76,33,144.532,144.947
par27,I,296,1,74,45,145.229,145.358
par27,I,297,1,76,31,145.542,145.77
par27,I,298,1,77,42,146.124,146.237
par27,I,299,1,76,47,146.548,146.715
par27,I,300,1,76,49,146.836,146.991
par27,I,301,1,74,31,147.404,147.565
par27,I,302,1,74,1,147.91,148.084
par27,I,303,1,74,60,148.313,148.483
par27,I,304,1,72,52,148.966,149.081
par27,I,305,1,72,37,149.31,149.507
par27,I,306,1,74,56,149.668,149.85
par27,I,307,1,76,49,150.025,150.166
par27,I,308,1,77,44,150.326,150.56
par27,I,309,1,79,57,150.736,150.927
par27,I,310,1,76,48,151.079,151.298
par27,I,311,1,74,42,151.368,151.562
par27,I,312,1,72,36,151.947,152.09
par27,I,313,1,72,59,152.263,152.344
par27,I,314,1,76,48,152.54,152.76
par27,I,315,1,74,48,152.854,153.003
par27,I,316,1,77,56,153.349,153.515
par27,I,317,1,74,22,153.673,153.783
par27,I,318,1,76,49,153.723,153.938
par27,I,319,1,74,49,154.064,154.222
par27,I,320,1,72,61,154.371,154.553
par27,I,321,1,72,52,154.917,155.102
par27,I,322,1,74,55,155.223,155.384
par27,I,323,1,76,45,155.562,155.797
par27,I,324,1,79,35,155.885,156.115
par27,I,325,1,77,46,156.262,156.449
par27,I,326,1,76,26,156.732,156.918
par27,I,327,1,74,1,157.06,157.164
par27,I,328,1,72,61,157.488,157.646
par27,I,329,1,74,46,157.877,158.01
par27,I,330,1,76,35,158.184,158.365
par27,I,331,1,74,57,158.535,158.683
par27,I,332,1,72,53,158.921,159.039
par27,I,333,1,76,48,159.36,159.519
par27,I,334,1,77,41,159.813,159.951
par27,I,335,1,72,19,160.277,160.384
par27,I,336,1,74,40,160.904,161.054
par27,I,337,1,76,38,161.178,161.387
par27,I,338,1,79,56,161.541,161.734
par27,I,339,1,77,37,162.287,162.48
par27,I,340,1,76,29,162.642,162.928
par27,I,341,1,74,53,163.305,163.482
par27,I,342,1,72,49,163.629,163.783
par27,I,343,1,76,40,164.136,164.393
par27,I,344,1,77,41,164.907,165.11
par27,I,345,1,79,64,165.28,165.479
par27,I,346,1,76,30,165.692,165.945
par27,I,347,1,74,28,166.011,166.209
par27,I,348,1,72,55,166.34,166.518
par27,I,349,1,76,43,166.792,167.058
par27,I,350,1,77,51,167.202,167.355
par27,I,351,1,76,37,167.759,168.074
par27,I,352,1,74,55,168.135,168.284
par27,I,353,1,72,49,168.451,168.588
par27,I,354,1,74,55,168.897,169.049
par27,I,355,1,76,38,169.184,169.349
par27,I,356,1,76,30,169.831,169.966
par27,I,357,1,79,30,170.32,170.485
par27,I,358,1,79,62,170.871,171.11
par27,I,359,1,79,64,171.347,171.535
par27,I,360,1,77,60,172.528,172.691
par27,I,361,1,77,61,172.955,173.136
par27,I,362,1,77,30,173.391,173.58
par27,I,363,1,76,41,174.232,174.434
par27,I,364,1,76,11,174.606,174.849
par27,I,365,1,76,48,175.036,175.241
par27,I,366,1,77,52,175.611,175.791
par27,I,367,1,79,51,175.984,176.201
par27,I,368,1,76,31,176.369,176.881
par27,I,369,1,74,33,176.736,176.882
par27,I,370,1,72,47,176.866,176.986
par27,I,371,1,72,39,180.079,180.231
par27,I,372,1,72,39,180.421,180.578
par27,I,373,1,72,55,180.736,180.87
par27,I,374,1,74,38,181.463,181.612
par27,I,375,1,74,49,181.814,181.934
par27,I,376,1,74,38,182.141,182.324
par27,I,377,1,76,36,182.76,182.946
par27,I,378,1,76,20,183.172,183.339
par27,I,379,1,74,43,183.507,183.704
par27,I,380,1,74,36,183.952,184.053
par27,I,381,1,71,1,184.475,184.628
par27,I,382,1,72,3,184.484,184.655
par27,I,383,1,72,66,184.956,185.078
par27,I,384,1,72,66,185.388,185.593
par27,I,385,1,72,46,186.004,186.196
par27,I,386,1,76,30,186.503,186.718
par27,I,387,1,76,39,186.856,186.956
par27,I,388,1,76,33,187.099,187.337
par27,I,389,1,74,47,187.551,187.682
par27,I,390,1,72,63,187.81,187.981
par27,I,391,1,77,59,188.394,188.64
par27,I,392,1,76,34,188.891,189.145
par27,I,393,1,76,58,189.383,189.602
par27,I,394,1,77,41,190.044,190.263
par27,I,395,1,77,38,190.46,190.624
par27,I,396,1,74,58,191.642,191.777
par27,I,397,1,74,48,192.118,192.292
par27,I,398,1,72,57,192.487,192.674
par27,I,399,1,74,58,193.105,193.272
par27,I,400,1,76,41,193.397,193.608
par27,I,401,1,77,57,193.769,194.003
par27,I,402,1,79,46,194.203,194.424
par28,S,0,0,74,46,3.131,5.259
par28,S,1,0,79,61,4.862,5.263
par28,S,2,0,77,37,4.26,5.312
par28,S,3,0,76,49,3.668,5.326
par28,S,4,0,72,52,2.575,5.463
par28,S,5,0,79,22,7.925,8.535
par28,S,6,0,74,41,6.665,8.584
par28,S,7,0,76,28,7.19,8.589
par28,S,8,0,72,25,6.025,8.63
par28,S,9,0,79,46,11.371,12.038
par28,S,10,0,74,46,9.681,12.083
par28,S,11,0,76,37,10.224,12.135
par28,S,12,0,77,60,10.788,12.138
par28,S,13,0,72,44,9.11,12.197
par28,S,14,0,79,52,14.955,16.039
par28,S,15,0,74,40,13.292,16.049
par28,S,16,0,77,50,14.371,16.065
par28,S,17,0,76,49,13.836,16.088
par28,S,18,0,72,60,12.702,16.131
par28,S,19,0,79,27,17.054,18.768
par28,S,20,0,74,30,18.804,20.066
par28,S,21,0,72,54,19.395,20.075
par28,S,22,0,77,52,17.608,20.088
par28,S,23,0,76,52,18.19,20.108
par28,S,24,0,79,41,20.682,22.531
par28,S,25,0,72,48,22.969,23.743
par28,S,26,0,74,50,22.38,23.753
par28,S,27,0,77,51,21.23,23.803
par28,S,28,0,76,43,21.84,23.845
par28,S,29,0,79,58,24.374,27.394
par28,S,30,0,72,47,26.762,27.43
par28,S,31,0,74,53,26.177,27.462
par28,S,32,0,77,35,25.006,27.474
par28,S,33,0,76,60,25.704,27.513
par28,S,34,0,79,60,28.04,31.31
par28,S,35,0,72,50,30.321,31.346
par28,S,36,0,77,48,28.611,31.371
par28,S,37,0,74,56,29.756,31.387
par28,S,38,0,76,52,29.218,31.4
par28,S,39,0,79,30,35.786,36.259
par28,S,40,0,74,50,34.127,36.314
par28,S,41,0,77,51,35.253,36.318
par28,S,42,0,76,34,34.678,36.331
par28,S,43,0,72,66,36.259,36.943
par28,S,44,0,79,36,39.236,39.722
par28,S,45,0,74,45,37.603,39.772
par28,S,46,0,77,55,38.714,39.78
par28,S,47,0,76,33,38.162,39.797
par28,S,48,0,72,69,39.724,40.378
par28,S,49,0,79,35,42.512,43.152
par28,S,50,0,77,15,41.945,43.602
par28,S,51,0,76,30,41.449,43.682
par28,S,52,0,74,51,40.983,43.688
par28,S,53,0,72,65,43.043,43.771
par28,S,54,0,79,57,45.89,47.245
par28,S,55,0,77,15,45.442,47.377
par28,S,56,0,72,55,46.472,47.377
par28,S,57,0,74,55,44.425,47.391
par28,S,58,0,76,45,44.965,47.411
par28,S,59,0,74,62,49.963,51.827
par28,S,60,0,77,63,48.826,51.837
par28,S,61,0,72,62,50.575,51.839
par28,S,62,0,76,56,49.369,51.856
par28,S,63,0,79,68,51.113,51.868
par28,S,64,0,79,51,54.681,55.411
par28,S,65,0,74,57,53.577,55.44
par28,S,66,0,72,42,54.165,55.464
par28,S,67,0,77,56,52.427,55.468
par28,S,68,0,76,56,52.973,55.475
par28,S,69,0,79,59,58.153,58.972
par28,S,70,0,72,42,57.638,59.027
par28,S,71,0,74,56,57.064,59.049
par28,S,72,0,77,53,55.979,59.062
par28,S,73,0,76,53,56.516,59.075
par28,S,74,0,74,49,60.704,62.809
par28,S,75,0,79,59,61.826,62.819
par28,S,76,0,76,48,60.103,62.828
par28,S,77,0,77,50,59.535,62.837
par28,S,78,0,72,46,61.267,62.85
par28,S,79,0,79,58,68.067,69.606
par28,S,80,0,72,58,69.191,69.745
par28,S,81,0,77,30,67.447,69.784
par28,S,82,0,74,60,68.591,69.804
par28,S,83,0,76,52,66.933,69.835
par28,S,84,0,79,31,71.488,73.303
par28,S,85,0,72,61,72.627,73.347
par28,S,86,0,74,50,72.033,73.374
par28,S,87,0,77,52,70.947,73.415
par28,S,88,0,76,56,70.394,73.429
par28,S,89,0,79,45,74.988,76.727
par28,S,90,0,72,56,76.104,76.741
par28,S,91,0,77,60,74.472,76.798
par28,S,92,0,74,58,75.544,76.855
par28,S,93,0,76,52,73.885,76.861
par28,S,94,0,79,49,78.392,80.519
par28,S,95,0,72,49,79.593,80.61
par28,S,96,0,74,56,78.972,80.635
par28,S,97,0,77,58,77.894,80.645
par28,S,98,0,76,59,77.314,80.662
par28,S,99,0,74,62,83.341,84.496
par28,S,100,0,72,64,83.974,84.538
par28,S,101,0,79,64,85.17,85.87
par28,S,102,0,77,65,84.635,85.875
par28,S,103,0,76,64,82.764,85.89
par28,S,104,0,72,68,87.543,89.303
par28,S,105,0,79,74,88.699,89.315
par28,S,106,0,74,58,86.951,89.361
par28,S,107,0,77,70,88.11,89.379
par28,S,108,0,76,57,86.409,89.396
par28,S,109,0,79,69,92.26,93.115
par28,S,110,0,72,48,91.182,93.162
par28,S,111,0,77,56,91.754,93.165
par28,S,112,0,74,60,90.669,93.175
par28,S,113,0,76,59,90.109,93.232
par28,S,114,0,79,61,95.883,96.691
par28,S,115,0,74,52,94.362,96.701
par28,S,116,0,72,56,94.872,96.723
par28,S,117,0,77,67,95.393,96.77
par28,S,118,0,76,57,93.752,96.805
par28,S,119,0,79,52,98.694,98.81
par28,S,120,0,77,42,98.636,99.111
par28,S,121,0,79,64,100.04,101.814
par28,S,122,0,72,62,101.333,101.922
par28,S,123,0,77,61,99.486,101.942
par28,S,124,0,74,61,101.037,101.95
par28,S,125,0,76,60,100.788,101.977
par28,S,126,0,72,66,104.13,104.846
par28,S,127,0,79,62,102.946,104.867
par28,S,128,0,74,58,103.814,104.891
par28,S,129,0,76,57,103.554,104.91
par28,S,130,0,77,57,102.439,104.938
par28,S,131,0,72,57,106.946,107.698
par28,S,132,0,74,58,106.639,107.725
par28,S,133,0,79,57,105.829,107.727
par28,S,134,0,77,65,105.303,107.753
par28,S,135,0,76,51,106.394,107.757
par28,S,136,0,79,64,109.145,111.021
par28,S,137,0,72,64,110.179,111.059
par28,S,138,0,74,57,109.859,111.128
par28,S,139,0,77,47,108.598,111.153
par28,S,140,0,76,62,109.595,111.183
par28,S,141,0,79,65,113.535,115.465
par28,S,142,0,72,70,114.702,115.487
par28,S,143,0,74,61,114.382,115.528
par28,S,144,0,77,62,113.105,115.562
par28,S,145,0,76,60,114.139,115.576
par28,S,146,0,72,60,117.148,119.25
par28,S,147,0,74,62,116.831,119.292
par28,S,148,0,77,71,118.088,119.338
par28,S,149,0,79,65,118.658,119.341
par28,S,150,0,76,38,117.756,119.344
par28,S,151,0,74,49,120.769,122.163
par28,S,152,0,72,55,121.101,122.165
par28,S,153,0,76,70,120.474,122.187
par28,S,154,0,79,57,124.229,124.924
par28,S,155,0,72,59,123.193,124.935
par28,S,156,0,77,52,123.924,124.945
par28,S,157,0,74,66,122.92,124.946
par28,S,158,0,76,52,123.625,124.974
par28,S,159,0,74,71,125.743,128.246
par28,S,160,0,72,53,126.024,128.26
par28,S,161,0,79,74,127.381,128.262
par28,S,162,0,77,65,127.078,128.265
par28,S,163,0,76,56,126.785,128.286
par28,S,164,0,72,58,129.037,131.216
par28,S,165,0,77,58,129.863,131.261
par28,S,166,0,74,70,128.759,131.267
par28,S,167,0,79,59,130.191,131.268
par28,S,168,0,76,58,129.595,131.278
par28,S,169,0,79,65,133.164,134.128
par28,S,170,0,72,65,131.97,134.226
par28,S,171,0,74,76,131.677,134.227
par28,S,172,0,77,52,132.847,134.256
par28,S,173,0,76,46,132.535,134.281
par28,S,174,0,72,71,137.236,139.038
par28,S,175,0,74,61,137.526,139.042
par28,S,176,0,79,67,138.506,139.047
par28,S,177,0,76,56,137.846,139.087
par28,S,178,0,77,51,138.195,139.095
par28,S,179,0,74,56,139.925,141.335
par28,S,180,0,79,64,140.77,141.365
par28,S,181,0,77,58,140.477,141.378
par28,S,182,0,76,57,140.202,141.382
par28,S,183,0,72,70,139.643,141.391
par28,S,184,0,79,47,143.023,143.671
par28,S,185,0,77,45,142.719,143.688
par28,S,186,0,74,56,142.105,143.718
par28,S,187,0,76,55,142.414,143.728
par28,S,188,0,72,71,141.841,143.758
par28,S,189,0,74,60,144.4,145.894
par28,S,190,0,79,46,145.265,145.9
par28,S,191,0,77,59,144.947,145.904
par28,S,192,0,76,57,144.639,145.916
par28,S,193,0,72,77,144.164,146.3
par28,S,194,0,77,55,146.549,147.915
par28,S,195,0,79,65,146.301,147.918
par28,S,196,0,74,61,147.084,147.932
par28,S,197,0,72,68,147.36,147.952
par28,S,198,0,76,60,146.835,147.984
par28,S,199,0,72,59,149.627,150.214
par28,S,200,0,77,45,148.74,150.238
par28,S,201,0,74,56,149.329,150.259
par28,S,202,0,76,55,149.031,150.267
par28,S,203,0,79,48,148.455,150.268
par28,S,204,0,72,65,151.945,152.578
par28,S,205,0,79,51,150.636,152.584
par28,S,206,0,74,66,151.628,152.596
par28,S,207,0,76,49,151.319,152.609
par28,S,208,0,77,45,150.94,152.611
par28,S,209,0,72,62,154.016,154.788
par28,S,210,0,74,61,153.756,154.791
par28,S,211,0,77,56,153.264,154.805
par28,S,212,0,76,64,153.511,154.806
par28,S,213,0,79,54,152.969,154.857
par28,S,214,0,79,54,156.864,157.851
par28,S,215,0,72,71,157.23,157.888
par28,S,216,0,77,40,156.715,157.899
par28,S,217,0,74,66,155.846,157.903
par28,S,218,0,76,65,156.389,157.916
par28,S,219,0,79,45,159.175,160.2
par28,S,220,0,72,69,159.494,160.217
par28,S,221,0,77,55,158.941,160.233
par28,S,222,0,76,49,158.61,160.245
par28,S,223,0,74,65,158.316,160.253
par28,S,224,0,79,33,161.475,162.549
par28,S,225,0,74,66,160.699,162.612
par28,S,226,0,77,59,161.247,162.63
par28,S,227,0,72,61,161.808,162.637
par28,S,228,0,76,39,160.979,162.639
par28,S,229,0,79,43,163.915,165.156
par28,S,230,0,72,54,164.336,165.224
par28,S,231,0,77,52,163.723,165.251
par28,S,232,0,74,57,163.101,165.252
par28,S,233,0,76,59,163.429,165.262
par28,S,234,0,79,68,167.891,168.516
par28,S,235,0,72,64,167.611,168.563
par28,S,236,0,74,60,167.328,168.601
par28,S,237,0,76,52,167.048,168.62
par28,S,238,0,77,57,166.781,168.644
par28,S,239,0,72,58,170.083,171.082
par28,S,240,0,79,56,170.357,171.094
par28,S,241,0,74,56,169.774,171.102
par28,S,242,0,76,62,169.467,171.117
par28,S,243,0,77,53,169.125,171.146
par28,S,244,0,79,58,172.736,173.468
par28,S,245,0,72,46,172.421,173.508
par28,S,246,0,74,59,172.123,173.557
par28,S,247,0,77,57,171.573,173.567
par28,S,248,0,76,57,171.878,173.583
par28,S,249,0,79,71,175.237,175.872
par28,S,250,0,72,45,174.884,175.942
par28,S,251,0,74,60,174.583,175.945
par28,S,252,0,77,65,174.033,175.973
par28,S,253,0,76,56,174.331,176.001
par28,S,254,0,74,52,177.006,178.305
par28,S,255,0,72,57,177.313,178.309
par28,S,256,0,76,57,176.781,178.323
par28,S,257,0,79,76,177.605,178.344
par28,S,258,0,77,59,176.479,178.353
par28,S,259,0,72,68,181.553,182.028
par28,S,260,0,79,64,180.862,182.057
par28,S,261,0,77,57,180.528,182.142
par28,S,262,0,74,51,181.204,182.144
par28,S,263,0,76,62,180.209,182.17
par28,S,264,0,72,56,183.955,184.076
par28,S,265,0,72,64,184.546,185.025
par28,S,266,0,74,52,183.637,185.059
par28,S,267,0,76,55,182.684,185.117
par28,S,268,0,79,12,183.302,185.129
par28,S,269,0,77,57,183.013,185.138
par28,S,270,0,72,68,186.601,187.205
par28,S,271,0,79,46,186.075,187.266
par28,S,272,0,74,61,186.334,187.276
par28,S,273,0,77,59,185.792,187.311
par28,S,274,0,76,52,185.497,187.325
par28,S,275,0,72,65,188.916,189.551
par28,S,276,0,79,11,188.227,189.602
par28,S,277,0,74,61,188.595,189.618
par28,S,278,0,77,60,188.002,189.653
par28,S,279,0,76,60,187.694,189.684
par28,S,280,0,79,38,190.47,192.393
par28,S,281,0,72,61,191.548,192.428
par28,S,282,0,74,52,191.296,192.429
par28,S,283,0,77,60,190.336,192.43
par28,S,284,0,76,59,190.009,192.463
par28,S,0,1,72,62,2.462,4.343
par28,S,1,1,74,56,2.793,4.347
par28,S,2,1,79,74,3.779,4.363
par28,S,3,1,76,65,3.098,4.381
par28,S,4,1,77,49,3.506,4.382
par28,S,5,1,79,64,6.048,6.654
par28,S,6,1,72,80,4.86,6.68
par28,S,7,1,74,56,5.164,6.691
par28,S,8,1,77,35,5.777,6.714
par28,S,9,1,76,51,5.446,6.734
par28,S,10,1,72,74,7.261,8.501
par28,S,11,1,74,53,7.589,9.034
par28,S,12,1,77,61,8.114,9.076
par28,S,13,1,76,51,7.877,9.076
par28,S,14,1,79,68,8.448,9.076
par28,S,15,1,72,69,9.641,11.243
par28,S,16,1,74,43,9.93,11.394
par28,S,17,1,77,32,10.487,11.405
par28,S,18,1,76,51,10.191,11.416
par28,S,19,1,79,51,10.672,11.428
par28,S,20,1,79,46,12.051,13.725
par28,S,21,1,77,52,12.375,13.766
par28,S,22,1,72,55,13.189,13.811
par28,S,23,1,74,61,12.916,13.818
par28,S,24,1,76,54,12.659,13.826
par28,S,25,1,72,68,15.536,16.148
par28,S,26,1,77,53,14.773,16.162
par28,S,27,1,74,64,15.291,16.18
par28,S,28,1,76,56,15.037,16.183
par28,S,29,1,79,38,14.46,16.184
par28,S,30,1,71,30,17.91,17.987
par28,S,31,1,72,39,17.918,18.544
par28,S,32,1,74,58,17.553,18.55
par28,S,33,1,76,55,17.258,18.558
par28,S,34,1,77,51,16.976,18.566
par28,S,35,1,79,58,16.633,18.57
par28,S,36,1,77,58,19.283,20.81
par28,S,37,1,74,54,19.793,20.819
par28,S,38,1,79,64,18.974,20.82
par28,S,39,1,76,57,19.548,20.835
par28,S,40,1,72,45,20.087,20.856
par28,S,41,1,79,38,23.852,24.76
par28,S,42,1,72,62,24.21,24.797
par28,S,43,1,77,54,23.613,24.831
par28,S,44,1,76,56,23.319,24.836
par28,S,45,1,74,59,23.064,24.838
par28,S,46,1,74,58,25.316,27.151
par28,S,47,1,76,57,25.572,27.169
par28,S,48,1,79,20,26.098,27.175
par28,S,49,1,77,57,25.836,27.181
par28,S,50,1,72,75,26.429,27.185
par28,S,51,1,79,60,28.507,29.517
par28,S,52,1,74,62,27.622,29.607
par28,S,53,1,77,68,28.156,29.61
par28,S,54,1,72,64,28.889,29.611
par28,S,55,1,76,56,27.881,29.616
par28,S,56,1,76,59,30.284,30.721
par28,S,57,1,79,33,30.78,32.153
par28,S,58,1,72,60,31.39,32.284
par28,S,59,1,74,64,30.011,32.311
par28,S,60,1,77,54,30.579,32.336
par28,S,61,1,79,70,36.436,37.142
par28,S,62,1,72,66,36.147,37.152
par28,S,63,1,77,52,35.263,37.158
par28,S,64,1,74,56,35.849,37.163
par28,S,65,1,76,66,35.577,37.172
par28,S,66,1,74,64,38.141,39.409
par28,S,67,1,77,59,37.656,39.42
par28,S,68,1,79,67,38.672,39.425
par28,S,69,1,76,58,37.917,39.431
par28,S,70,1,72,39,38.396,39.487
par28,S,71,1,74,53,40.445,41.719
par28,S,72,1,72,42,40.729,41.746
par28,S,73,1,79,68,41.021,41.758
par28,S,74,1,77,57,39.856,41.76
par28,S,75,1,76,53,40.174,41.77
par28,S,76,1,74,61,42.776,44.006
par28,S,77,1,72,61,43.06,44.013
par28,S,78,1,76,57,42.511,44.086
par28,S,79,1,77,61,42.23,44.089
par28,S,80,1,79,69,43.332,44.104
par28,S,81,1,79,51,45.508,46.292
par28,S,82,1,74,64,44.957,46.298
par28,S,83,1,76,49,44.723,46.299
par28,S,84,1,72,49,45.232,46.309
par28,S,85,1,77,58,44.427,46.314
par28,S,86,1,72,33,48.907,49.083
par28,S,87,1,76,51,48.876,49.337
par28,S,88,1,79,69,50.126,51.222
par28,S,89,1,77,56,49.861,51.265
par28,S,90,1,72,61,50.684,51.297
par28,S,91,1,74,52,50.431,51.33
par28,S,92,1,76,65,49.592,51.369
par28,S,93,1,79,59,52.267,53.486
par28,S,94,1,77,61,52.008,53.495
par28,S,95,1,72,58,52.887,53.536
par28,S,96,1,74,46,52.607,53.546
par28,S,97,1,76,59,51.692,53.593
par28,S,98,1,79,56,54.513,55.645
par28,S,99,1,72,58,55.073,55.716
par28,S,100,1,74,58,54.8,55.766
par28,S,101,1,77,65,54.246,55.787
par28,S,102,1,76,62,53.936,55.804
par28,S,103,1,79,51,56.615,58.074
par28,S,104,1,72,67,57.215,58.095
par28,S,105,1,74,58,56.945,58.1
par28,S,106,1,77,67,56.372,58.12
par28,S,107,1,76,67,56.101,58.138
par28,S,108,1,72,67,60.393,61.013
par28,S,109,1,74,68,60.114,61.62
par28,S,110,1,77,16,60.598,61.664
par28,S,111,1,76,54,59.824,61.672
par28,S,112,1,79,64,60.988,61.699
par28,S,113,1,72,60,62.693,63.824
par28,S,114,1,74,54,62.393,63.862
par28,S,115,1,77,24,62.899,63.868
par28,S,116,1,76,64,62.09,63.902
par28,S,117,1,79,66,63.192,63.912
par28,S,118,1,74,46,64.713,66.236
par28,S,119,1,72,44,65.036,66.259
par28,S,120,1,79,66,65.541,66.285
par28,S,121,1,77,67,65.274,66.295
par28,S,122,1,76,67,64.448,66.327
par28,S,123,1,74,60,67.02,68.569
par28,S,124,1,79,64,67.798,68.601
par28,S,125,1,77,52,67.539,68.602
par28,S,126,1,76,63,66.753,68.621
par28,S,127,1,72,65,67.3,68.64
par28,S,128,1,79,64,69.666,71.078
par28,S,129,1,72,67,70.52,71.142
par28,S,130,1,74,64,70.265,71.15
par28,S,131,1,76,62,69.992,71.166
par28,S,132,1,77,54,69.354,71.18
par28,S,133,1,79,39,71.979,73.417
par28,S,134,1,77,65,71.742,73.555
par28,S,135,1,72,65,72.992,73.572
par28,S,136,1,74,73,72.679,73.575
par28,S,137,1,76,58,72.347,73.586
par28,S,138,1,76,67,74.233,74.648
par28,S,139,1,79,11,75.078,75.655
par28,S,140,1,77,58,74.961,75.707
par28,S,141,1,79,62,76.204,77.651
par28,S,142,1,72,65,77.036,77.66
par28,S,143,1,77,66,75.891,77.672
par28,S,144,1,74,60,76.772,77.69
par28,S,145,1,76,60,76.533,77.701
par28,S,146,1,79,37,78.457,80.067
par28,S,147,1,74,53,79.022,80.092
par28,S,148,1,77,62,78.171,80.136
par28,S,149,1,76,62,78.759,80.141
par28,S,150,1,72,50,79.355,80.151
par28,S,151,1,72,63,83.013,84.487
par28,S,152,1,74,66,82.69,84.518
par28,S,153,1,76,64,83.31,84.528
par28,S,154,1,77,66,83.579,84.559
par28,S,155,1,79,69,83.88,84.579
par28,S,156,1,76,67,85.863,87.194
par28,S,157,1,79,1,86.538,87.195
par28,S,158,1,74,77,85.247,87.252
par28,S,159,1,72,56,85.548,87.329
par28,S,160,1,79,66,87.5,88.024
par28,S,161,1,77,60,86.164,88.07
par28,S,162,1,72,64,89.185,90.66
par28,S,163,1,79,64,90.125,90.695
par28,S,164,1,77,68,89.823,90.709
par28,S,165,1,74,66,88.864,90.763
par28,S,166,1,76,62,89.523,90.776
par28,S,167,1,79,51,92.629,93.215
par28,S,168,1,77,64,92.343,93.216
par28,S,169,1,72,67,91.741,93.23
par28,S,170,1,74,72,91.469,93.249
par28,S,171,1,76,56,92.046,93.253
par28,S,172,1,79,52,94.972,95.611
par28,S,173,1,77,62,94.65,95.63
par28,S,174,1,76,62,94.365,95.641
par28,S,175,1,74,71,93.785,95.652
par28,S,176,1,72,57,94.067,95.675
par28,S,177,1,72,44,97.309,99.205
par28,S,178,1,74,45,97.687,99.234
par28,S,179,1,77,46,98.258,99.237
par28,S,180,1,79,70,98.551,99.24
par28,S,181,1,76,55,97.999,99.25
par28,S,182,1,79,54,100.858,101.337
par28,S,183,1,77,42,100.615,101.363
par28,S,184,1,76,47,100.347,101.39
par28,S,185,1,74,39,100.051,101.393
par28,S,186,1,72,52,99.697,101.432
par28,S,187,1,79,64,103.313,103.795
par28,S,188,1,74,61,102.452,103.799
par28,S,189,1,77,69,103.047,103.82
par28,S,190,1,76,59,102.734,103.847
par28,S,191,1,72,64,102.158,103.897
par28,S,192,1,74,53,104.936,106.336
par28,S,193,1,79,50,105.782,106.337
par28,S,194,1,77,51,105.508,106.339
par28,S,195,1,76,56,105.228,106.369
par28,S,196,1,72,70,104.642,106.384
par28,S,197,1,77,57,108.084,108.992
par28,S,198,1,79,50,108.348,109.007
par28,S,199,1,74,59,107.364,109.009
par28,S,200,1,76,59,107.716,109.016
par28,S,201,1,72,69,107.101,109.192
par28,S,202,1,79,62,109.539,111.244
par28,S,203,1,77,59,109.844,111.287
par28,S,204,1,74,52,110.281,111.305
par28,S,205,1,72,62,110.603,111.329
par28,S,206,1,76,58,110.076,111.333
par28,S,207,1,79,46,111.879,112.869
par28,S,208,1,76,57,112.503,113.058
par28,S,209,1,77,65,112.231,113.703
par28,S,210,1,74,46,112.759,113.736
par28,S,211,1,72,64,113.072,113.751
par28,S,212,1,79,63,114.27,116.073
par28,S,213,1,77,55,114.58,116.105
par28,S,214,1,74,59,115.127,116.144
par28,S,215,1,76,61,114.849,116.165
par28,S,216,1,72,58,115.41,116.167
par28,S,217,1,74,54,117.505,118.501
par28,S,218,1,77,49,117.009,118.503
par28,S,219,1,72,59,117.806,118.504
par28,S,220,1,79,59,116.707,118.51
par28,S,221,1,76,53,117.238,118.545
par28,S,222,1,79,62,121.337,122.269
par28,S,223,1,72,73,121.636,122.364
par28,S,224,1,77,60,121.065,122.405
par28,S,225,1,74,62,120.452,122.441
par28,S,226,1,76,57,120.752,122.454
par28,S,227,1,72,64,124.114,124.864
par28,S,228,1,74,62,122.886,124.9
par28,S,229,1,79,52,123.785,124.902
par28,S,230,1,76,50,123.159,124.91
par28,S,231,1,77,53,123.496,124.931
par28,S,232,1,72,61,126.571,127.324
par28,S,233,1,74,56,125.357,127.361
par28,S,234,1,79,46,126.245,127.381
par28,S,235,1,76,56,125.612,127.395
par28,S,236,1,77,44,125.942,127.424
par28,S,237,1,79,41,128.613,129.834
par28,S,238,1,77,56,128.355,129.838
par28,S,239,1,76,63,128.09,129.857
par28,S,240,1,74,58,127.778,129.869
par28,S,241,1,72,68,128.965,129.878
par28,S,242,1,72,53,132.326,133.296
par28,S,243,1,74,56,132.016,133.304
par28,S,244,1,79,70,132.625,133.33
par28,S,245,1,76,65,131.767,133.345
par28,S,246,1,77,50,131.449,133.371
par28,S,247,1,72,48,134.741,135.811
par28,S,248,1,74,50,134.422,135.817
par28,S,249,1,79,64,135.06,135.833
par28,S,250,1,76,59,134.167,135.869
par28,S,251,1,77,69,133.862,135.875
par28,S,252,1,79,64,137.602,138.295
par28,S,253,1,74,60,136.968,138.301
par28,S,254,1,76,61,136.677,138.326
par28,S,255,1,72,70,137.273,138.348
par28,S,256,1,77,62,136.356,138.364
par28,S,257,1,74,54,139.296,140.627
par28,S,258,1,76,58,139.077,140.668
par28,S,259,1,72,56,139.587,140.669
par28,S,260,1,79,70,139.917,140.677
par28,S,261,1,77,59,138.767,140.703
par28,S,262,1,74,65,141.657,142.902
par28,S,263,1,79,66,142.24,142.948
par28,S,264,1,76,61,141.415,142.966
par28,S,265,1,77,72,141.123,142.988
par28,S,266,1,72,68,141.917,142.991
par28,S,267,1,79,70,147.98,149.14
par28,S,268,1,77,69,147.698,149.21
par28,S,269,1,74,78,148.251,149.231
par28,S,270,1,72,70,148.549,149.236
par28,S,271,1,76,64,147.355,149.284
par28,S,272,1,72,74,150.865,151.5
par28,S,273,1,79,25,150.3,151.501
par28,S,274,1,74,64,150.582,151.562
par28,S,275,1,77,59,149.983,151.586
par28,S,276,1,76,47,149.676,151.595
par28,S,277,1,79,25,152.675,154.045
par28,S,278,1,74,72,153.033,154.091
par28,S,279,1,72,73,153.327,154.101
par28,S,280,1,77,68,152.367,154.125
par28,S,281,1,76,59,152.059,154.136
par28,S,282,1,79,48,155.108,156.488
par28,S,283,1,72,73,155.706,156.491
par28,S,284,1,74,51,155.428,156.513
par28,S,285,1,77,69,154.828,156.561
par28,S,286,1,76,56,154.532,156.587
par28,S,287,1,79,60,157.558,158.922
par28,S,288,1,72,70,158.185,158.997
par28,S,289,1,74,70,157.843,159.044
par28,S,290,1,77,71,157.274,159.072
par28,S,291,1,76,76,156.959,159.089
par28,S,292,1,74,75,159.798,161.196
par28,S,293,1,72,70,160.065,161.216
par28,S,294,1,79,76,160.614,161.247
par28,S,295,1,77,70,160.371,161.279
par28,S,296,1,76,72,159.494,161.286
par28,S,297,1,74,67,162.071,163.939
par28,S,298,1,79,77,162.962,163.944
par28,S,299,1,72,48,162.368,163.965
par28,S,300,1,77,70,162.685,164.016
par28,S,301,1,76,73,161.842,164.018
par28,S,302,1,72,68,164.979,166.385
par28,S,303,1,74,76,164.711,166.387
par28,S,304,1,79,69,165.627,166.425
par28,S,305,1,77,72,165.346,166.447
par28,S,306,1,76,74,164.478,166.46
par28,S,307,1,74,68,167.123,168.694
par28,S,308,1,77,71,167.709,168.711
par28,S,309,1,79,67,168.001,168.716
par28,S,310,1,72,70,167.426,168.721
par28,S,311,1,76,70,166.838,168.728
par28,S,312,1,79,74,169.904,171.31
par28,S,313,1,72,70,170.693,171.342
par28,S,314,1,74,78,170.47,171.432
par28,S,315,1,76,71,170.269,171.438
par28,S,316,1,77,76,169.612,171.461
par28,S,317,1,79,68,172.17,173.712
par28,S,318,1,72,65,173.018,173.821
par28,S,319,1,74,75,172.779,173.831
par28,S,320,1,76,58,172.585,173.843
par28,S,321,1,77,77,171.914,173.854
par28,S,322,1,79,67,174.448,176.095
par28,S,323,1,72,65,175.348,176.151
par28,S,324,1,74,70,175.088,176.211
par28,S,325,1,76,66,174.932,176.221
par28,S,326,1,77,78,174.188,176.242
par28,S,327,1,79,71,176.854,178.511
par28,S,328,1,74,66,177.456,178.56
par28,S,329,1,72,71,177.721,178.568
par28,S,330,1,77,68,176.537,178.603
par28,S,331,1,76,66,177.292,178.615
par28,S,332,1,79,71,179.289,180.639
par28,S,333,1,72,79,180.144,180.871
par28,S,334,1,77,67,178.971,180.894
par28,S,335,1,74,71,179.846,180.915
par28,S,336,1,76,63,179.675,180.943
par28,S,337,1,74,74,181.408,183.304
par28,S,338,1,72,65,181.708,183.338
par28,S,339,1,77,32,182.272,183.34
par28,S,340,1,76,56,181.989,183.352
par28,S,341,1,79,69,182.551,183.372
par28,S,342,1,72,74,184.034,185.648
par28,S,343,1,79,68,184.923,185.661
par28,S,344,1,74,78,183.758,185.667
par28,S,345,1,76,70,184.375,185.691
par28,S,346,1,77,65,184.637,185.706
par28,S,347,1,72,66,186.487,186.948
par28,S,348,1,77,41,187.099,188.094
par28,S,349,1,79,59,187.383,188.112
par28,S,350,1,74,83,186.192,188.113
par28,S,351,1,76,63,186.792,188.117
par28,S,352,1,72,38,187.096,188.152
par28,S,353,1,79,71,189.763,190.428
par28,S,354,1,77,68,189.465,190.48
par28,S,355,1,76,69,189.208,190.49
par28,S,356,1,74,83,188.64,190.516
par28,S,357,1,72,78,188.901,190.563
par28,S,358,1,74,55,191.392,192.893
par28,S,359,1,77,61,191.934,192.918
par28,S,360,1,79,56,192.197,192.919
par28,S,361,1,76,54,191.648,192.936
par28,S,362,1,72,81,191.115,193.04
par30,S,0,0,72,44,4.865,5.452
par30,S,1,0,74,77,5.437,6.062
par30,S,2,0,76,66,6.018,6.625
par30,S,3,0,77,72,6.584,7.201
par30,S,4,0,79,65,7.16,9.248
par30,S,5,0,72,49,9.682,10.254
par30,S,6,0,74,64,10.259,10.878
par30,S,7,0,76,69,10.861,11.476
par30,S,8,0,77,71,11.444,12.127
par30,S,9,0,79,62,12.077,14.019
par30,S,10,0,72,53,14.527,15.137
par30,S,11,0,74,71,15.132,15.743
par30,S,12,0,76,69,15.71,16.357
par30,S,13,0,77,66,16.298,16.963
par30,S,14,0,79,77,16.894,18.791
par30,S,15,0,72,57,19.399,20.027
par30,S,16,0,74,74,20.03,20.661
par30,S,17,0,76,72,20.631,21.291
par30,S,18,0,77,61,21.24,21.884
par30,S,19,0,79,67,21.849,23.803
par30,S,20,0,79,59,24.323,24.936
par30,S,21,0,77,61,24.92,25.524
par30,S,22,0,76,61,25.487,26.144
par30,S,23,0,74,69,26.08,26.735
par30,S,24,0,72,69,26.696,28.448
par30,S,25,0,79,58,29.21,29.834
par30,S,26,0,77,68,29.791,30.393
par30,S,27,0,76,61,30.344,31.019
par30,S,28,0,74,68,30.971,31.64
par30,S,29,0,72,72,31.607,33.552
par30,S,30,0,79,64,34.027,34.659
par30,S,31,0,77,60,34.587,35.236
par30,S,32,0,76,60,35.164,35.862
par30,S,33,0,74,73,35.813,36.49
par30,S,34,0,72,67,36.445,38.25
par30,S,35,0,79,60,38.849,39.51
par30,S,36,0,77,58,39.445,40.12
par30,S,37,0,76,61,40.083,40.72
par30,S,38,0,74,72,40.687,41.339
par30,S,39,0,72,66,41.294,43.118
par30,S,40,0,74,75,43.814,44.413
par30,S,41,0,76,60,44.404,45.047
par30,S,42,0,77,65,45.015,45.616
par30,S,43,0,79,72,45.599,46.221
par30,S,44,0,72,64,46.207,47.821
par30,S,45,0,74,66,48.675,49.231
par30,S,46,0,76,67,49.229,49.884
par30,S,47,0,77,67,49.851,50.461
par30,S,48,0,79,67,50.441,51.107
par30,S,49,0,72,71,51.083,52.886
par30,S,50,0,74,69,53.566,54.157
par30,S,51,0,76,69,54.141,54.783
par30,S,52,0,77,64,54.727,55.412
par30,S,53,0,79,62,55.369,56.025
par30,S,54,0,72,65,55.975,57.811
par30,S,55,0,74,54,58.43,59.023
par30,S,56,0,76,67,58.989,59.617
par30,S,57,0,77,66,59.599,60.273
par30,S,58,0,79,52,60.22,60.874
par30,S,59,0,72,64,60.857,62.529
par30,S,60,0,77,64,63.301,63.898
par30,S,61,0,76,65,63.891,64.516
par30,S,62,0,74,61,64.486,65.156
par30,S,63,0,72,70,65.109,65.78
par30,S,64,0,79,55,65.743,67.634
par30,S,65,0,77,50,68.167,68.794
par30,S,66,0,76,60,68.761,69.371
par30,S,67,0,74,71,69.333,69.988
par30,S,68,0,72,65,69.944,70.646
par30,S,69,0,79,60,70.595,72.248
par30,S,70,0,77,65,73.043,73.652
par30,S,71,0,76,69,73.641,74.325
par30,S,72,0,74,72,74.269,74.926
par30,S,73,0,72,68,74.875,75.562
par30,S,74,0,79,58,75.498,77.434
par30,S,75,0,77,64,77.935,78.563
par30,S,76,0,76,60,78.522,79.148
par30,S,77,0,74,70,79.105,79.75
par30,S,78,0,72,70,79.698,80.468
par30,S,79,0,79,60,80.359,82.222
par30,S,80,0,76,63,82.843,83.473
par30,S,81,0,77,62,83.398,84.071
par30,S,82,0,79,54,84.029,84.743
par30,S,83,0,74,62,84.624,85.274
par30,S,84,0,72,62,85.212,87.041
par30,S,85,0,76,59,87.662,88.258
par30,S,86,0,77,64,88.205,88.903
par30,S,87,0,79,24,88.835,89.536
par30,S,88,0,74,64,89.471,90.177
par30,S,89,0,72,70,90.113,92.164
par30,S,90,0,76,70,92.612,93.22
par30,S,91,0,77,62,93.197,93.766
par30,S,92,0,79,69,93.759,94.418
par30,S,93,0,74,59,94.368,95.011
par30,S,94,0,72,66,94.971,96.986
par30,S,95,0,76,61,97.465,98.089
par30,S,96,0,77,57,98.047,98.656
par30,S,97,0,79,73,98.638,99.324
par30,S,98,0,74,54,99.249,99.914
par30,S,99,0,72,69,99.861,101.879
par30,S,100,0,76,53,102.371,102.974
par30,S,101,0,74,65,102.917,103.598
par30,S,102,0,72,66,103.545,104.334
par30,S,103,0,77,40,104.215,104.842
par30,S,104,0,79,78,104.801,106.801
par30,S,105,0,76,67,107.227,107.86
par30,S,106,0,74,72,107.817,108.435
par30,S,107,0,72,66,108.385,109.356
par30,S,108,0,77,44,109.16,109.654
par30,S,109,0,79,82,109.626,111.543
par30,S,110,0,76,62,112.056,112.706
par30,S,111,0,74,66,112.662,113.298
par30,S,112,0,72,69,113.268,113.945
par30,S,113,0,77,56,113.874,114.542
par30,S,114,0,79,73,114.502,116.556
par30,S,115,0,76,56,116.971,117.624
par30,S,116,0,74,73,117.565,118.185
par30,S,117,0,72,69,118.143,118.861
par30,S,118,0,77,66,118.775,119.434
par30,S,119,0,79,71,119.402,121.275
par30,S,120,0,77,65,121.811,122.435
par30,S,121,0,79,62,122.42,123.054
par30,S,122,0,76,70,123.008,123.732
par30,S,123,0,74,72,123.621,124.303
par30,S,124,0,72,60,124.251,126.276
par30,S,125,0,77,62,126.666,127.29
par30,S,126,0,79,66,127.272,127.927
par30,S,127,0,76,68,127.871,128.589
par30,S,128,0,74,68,128.519,129.211
par30,S,129,0,72,55,129.166,131.075
par30,S,130,0,77,74,131.594,132.214
par30,S,131,0,79,66,132.181,132.882
par30,S,132,0,76,65,132.8,133.452
par30,S,133,0,74,60,133.41,134.116
par30,S,134,0,72,64,134.061,135.852
par30,S,135,0,77,58,136.455,137.067
par30,S,136,0,79,65,137.054,137.708
par30,S,137,0,76,65,137.657,138.349
par30,S,138,0,74,64,138.292,138.938
par30,S,139,0,72,61,138.889,140.604
par30,S,140,0,74,64,141.361,142.008
par30,S,141,0,72,69,141.962,142.678
par30,S,142,0,76,60,142.587,143.168
par30,S,143,0,77,69,143.129,143.751
par30,S,144,0,79,70,143.719,145.532
par30,S,145,0,74,46,146.211,146.838
par30,S,146,0,72,69,146.833,147.477
par30,S,147,0,76,70,147.451,148.133
par30,S,148,0,77,72,148.083,148.737
par30,S,149,0,79,21,148.659,150.401
par30,S,150,0,74,60,151.069,151.662
par30,S,151,0,72,67,151.632,152.369
par30,S,152,0,76,60,152.309,152.874
par30,S,153,0,77,65,152.861,153.502
par30,S,154,0,79,71,153.49,155.91
par30,S,155,0,74,59,156.007,156.607
par30,S,156,0,72,63,156.562,157.198
par30,S,157,0,76,65,157.148,157.772
par30,S,158,0,77,64,157.744,158.382
par30,S,159,0,79,68,158.363,160.775
par30,S,160,0,72,23,160.858,161.466
par30,S,161,0,74,63,161.454,162.084
par30,S,162,0,76,68,162.042,162.661
par30,S,163,0,77,63,162.613,163.268
par30,S,164,0,79,74,163.239,165.413
par30,S,165,0,72,54,165.735,166.306
par30,S,166,0,74,67,166.289,166.949
par30,S,167,0,76,69,166.923,167.597
par30,S,168,0,77,66,167.546,168.184
par30,S,169,0,79,58,168.116,170.16
par30,S,170,0,72,53,170.597,171.207
par30,S,171,0,74,63,171.186,171.799
par30,S,172,0,76,70,171.798,172.438
par30,S,173,0,77,59,172.39,172.969
par30,S,174,0,79,73,172.968,175.116
par30,S,175,0,72,56,175.476,176.099
par30,S,176,0,74,64,176.072,176.729
par30,S,177,0,76,63,176.693,177.325
par30,S,178,0,77,57,177.289,177.917
par30,S,179,0,79,66,177.882,179.684
par30,S,180,0,79,62,180.287,180.946
par30,S,181,0,76,42,180.954,181.352
par30,S,182,0,76,52,181.726,182.195
par30,S,183,0,74,61,182.179,182.803
par30,S,184,0,72,57,182.762,184.758
par30,S,185,0,79,56,185.225,185.847
par30,S,186,0,77,52,185.842,186.486
par30,S,187,0,76,60,186.418,187.08
par30,S,188,0,74,68,187.055,187.696
par30,S,189,0,72,55,187.651,189.608
par30,S,190,0,79,62,190.064,190.715
par30,S,191,0,77,73,190.699,191.356
par30,S,192,0,76,58,191.316,191.948
par30,S,193,0,74,62,191.902,192.564
par30,S,194,0,72,46,192.51,194.494
par30,S,0,1,72,61,4.894,5.513
par30,S,1,1,74,70,5.477,6.081
par30,S,2,1,76,74,6.069,6.688
par30,S,3,1,77,67,6.663,7.335
par30,S,4,1,79,73,7.299,9.2
par30,S,5,1,72,55,9.743,10.38
par30,S,6,1,74,63,10.347,10.94
par30,S,7,1,76,64,10.929,11.522
par30,S,8,1,77,65,11.485,12.11
par30,S,9,1,79,62,12.09,14.117
par30,S,10,1,72,54,14.634,15.254
par30,S,11,1,74,68,15.252,15.87
par30,S,12,1,76,66,15.846,16.48
par30,S,13,1,77,64,16.435,17.041
par30,S,14,1,79,67,17.005,18.939
par30,S,15,1,72,47,19.499,20.139
par30,S,16,1,74,56,20.114,20.748
par30,S,17,1,76,72,20.714,21.347
par30,S,18,1,77,62,21.327,21.995
par30,S,19,1,79,68,21.974,23.76
par30,S,20,1,79,55,24.402,25.042
par30,S,21,1,77,56,24.995,25.645
par30,S,22,1,76,60,25.611,26.242
par30,S,23,1,74,66,26.203,26.847
par30,S,24,1,72,64,26.786,28.746
par30,S,25,1,79,73,29.254,29.946
par30,S,26,1,77,55,29.872,30.508
par30,S,27,1,76,53,30.475,31.141
par30,S,28,1,74,61,31.085,31.718
par30,S,29,1,72,69,31.686,33.618
par30,S,30,1,79,58,34.198,34.872
par30,S,31,1,77,54,34.822,35.425
par30,S,32,1,76,53,35.386,36.021
par30,S,33,1,74,65,35.973,36.651
par30,S,34,1,72,62,36.595,38.435
par30,S,35,1,79,59,39.015,39.657
par30,S,36,1,77,64,39.622,40.337
par30,S,37,1,76,53,40.233,40.899
par30,S,38,1,74,64,40.842,41.496
par30,S,39,1,72,68,41.456,43.576
par30,S,40,1,74,70,43.965,44.554
par30,S,41,1,76,68,44.544,45.164
par30,S,42,1,77,65,45.141,45.735
par30,S,43,1,79,64,45.697,46.365
par30,S,44,1,72,72,46.342,48.39
par30,S,45,1,74,67,48.759,49.375
par30,S,46,1,76,55,49.354,49.98
par30,S,47,1,77,67,49.937,50.585
par30,S,48,1,79,62,50.545,51.249
par30,S,49,1,72,61,51.185,53.202
par30,S,50,1,74,62,53.625,54.206
par30,S,51,1,76,58,54.189,54.846
par30,S,52,1,77,65,54.805,55.448
par30,S,53,1,79,66,55.431,56.081
par30,S,54,1,72,65,56.038,58.093
par30,S,55,1,74,70,58.52,59.145
par30,S,56,1,76,39,59.154,59.749
par30,S,57,1,77,65,59.713,60.37
par30,S,58,1,79,65,60.321,60.999
par30,S,59,1,72,61,60.922,62.878
par30,S,60,1,77,60,63.38,63.965
par30,S,61,1,76,63,63.925,64.578
par30,S,62,1,74,67,64.534,65.181
par30,S,63,1,72,64,65.133,65.813
par30,S,64,1,79,64,65.755,67.642
par30,S,65,1,77,65,68.224,68.866
par30,S,66,1,76,67,68.832,69.486
par30,S,67,1,74,68,69.435,70.089
par30,S,68,1,72,57,70.025,70.715
par30,S,69,1,79,58,70.643,72.604
par30,S,70,1,77,63,73.094,73.735
par30,S,71,1,76,60,73.703,74.377
par30,S,72,1,74,64,74.321,74.938
par30,S,73,1,72,53,74.879,75.6
par30,S,74,1,79,60,75.548,77.574
par30,S,75,1,77,69,77.975,78.603
par30,S,76,1,76,61,78.578,79.209
par30,S,77,1,74,60,79.181,79.842
par30,S,78,1,72,58,79.789,80.472
par30,S,79,1,79,60,80.386,82.314
par30,S,80,1,76,67,82.879,83.483
par30,S,81,1,77,56,83.47,84.011
par30,S,82,1,79,66,84.0,84.679
par30,S,83,1,74,61,84.617,85.263
par30,S,84,1,72,70,85.228,87.223
par30,S,85,1,76,61,87.75,88.331
par30,S,86,1,77,70,88.323,88.928
par30,S,87,1,79,61,88.926,89.653
par30,S,88,1,74,59,89.554,90.227
par30,S,89,1,72,65,90.191,92.134
par30,S,90,1,76,65,92.598,93.233
par30,S,91,1,77,65,93.21,93.86
par30,S,92,1,79,67,93.842,94.488
par30,S,93,1,74,60,94.445,95.11
par30,S,94,1,72,59,95.048,96.915
par30,S,95,1,76,58,97.463,98.073
par30,S,96,1,77,75,98.039,98.639
par30,S,97,1,79,53,98.638,99.3
par30,S,98,1,74,63,99.229,99.935
par30,S,99,1,72,61,99.867,101.782
par30,S,100,1,76,58,102.34,102.995
par30,S,101,1,74,74,102.942,103.665
par30,S,102,1,72,62,103.579,104.276
par30,S,103,1,77,63,104.149,104.773
par30,S,104,1,79,72,104.747,106.684
par30,S,105,1,76,51,107.281,107.902
par30,S,106,1,74,72,107.838,108.504
par30,S,107,1,72,69,108.454,109.361
par30,S,108,1,77,54,109.061,109.704
par30,S,109,1,79,70,109.655,111.442
par30,S,110,1,76,62,112.086,112.735
par30,S,111,1,74,70,112.683,113.323
par30,S,112,1,72,59,113.28,113.942
par30,S,113,1,77,68,113.883,114.508
par30,S,114,1,79,77,114.51,116.399
par30,S,115,1,76,69,116.918,117.584
par30,S,116,1,74,64,117.521,118.167
par30,S,117,1,72,64,118.125,118.824
par30,S,118,1,77,62,118.76,119.388
par30,S,119,1,79,72,119.366,121.035
par30,S,120,1,77,66,121.804,122.393
par30,S,121,1,79,66,122.388,123.062
par30,S,122,1,76,59,123.01,123.672
par30,S,123,1,74,66,123.619,124.286
par30,S,124,1,72,63,124.244,126.182
par30,S,125,1,77,75,126.721,127.272
par30,S,126,1,79,70,127.263,127.954
par30,S,127,1,76,57,127.924,128.611
par30,S,128,1,74,65,128.548,129.205
par30,S,129,1,72,48,129.155,130.988
par30,S,130,1,77,73,131.554,132.158
par30,S,131,1,79,64,132.158,132.808
par30,S,132,1,76,57,132.799,133.447
par30,S,133,1,74,62,133.394,134.073
par30,S,134,1,72,62,134.016,135.895
par30,S,135,1,77,67,136.439,137.014
par30,S,136,1,79,64,137.014,137.697
par30,S,137,1,76,51,137.672,138.305
par30,S,138,1,74,64,138.271,138.955
par30,S,139,1,72,62,138.908,140.757
par30,S,140,1,74,67,141.334,141.955
par30,S,141,1,72,62,141.9,142.555
par30,S,142,1,76,66,142.509,143.152
par30,S,143,1,77,60,143.12,143.734
par30,S,144,1,79,72,143.717,145.535
par30,S,145,1,74,56,146.182,146.805
par30,S,146,1,72,57,146.762,147.484
par30,S,147,1,76,59,147.406,148.035
par30,S,148,1,77,64,147.99,148.619
par30,S,149,1,79,72,148.598,150.494
par30,S,150,1,74,60,151.06,151.706
par30,S,151,1,72,52,151.645,152.3
par30,S,152,1,76,58,152.253,152.908
par30,S,153,1,77,64,152.838,153.489
par30,S,154,1,79,66,153.468,155.334
par30,S,155,1,74,52,155.933,156.562
par30,S,156,1,72,61,156.514,157.16
par30,S,157,1,76,64,157.112,157.762
par30,S,158,1,77,69,157.719,158.396
par30,S,159,1,79,69,158.353,160.259
par30,S,160,1,72,50,160.755,161.459
par30,S,161,1,74,66,161.372,162.021
par30,S,162,1,76,65,161.992,162.609
par30,S,163,1,77,57,162.568,163.228
par30,S,164,1,79,52,163.176,165.425
par30,S,165,1,72,35,165.644,166.275
par30,S,166,1,74,58,166.227,166.859
par30,S,167,1,76,76,166.836,167.524
par30,S,168,1,77,62,167.46,168.125
par30,S,169,1,79,67,168.075,169.999
par30,S,170,1,72,56,170.536,171.199
par30,S,171,1,74,62,171.143,171.805
par30,S,172,1,76,68,171.767,172.383
par30,S,173,1,77,58,172.327,172.991
par30,S,174,1,79,61,172.922,174.867
par30,S,175,1,72,49,175.374,176.096
par30,S,176,1,74,57,176.0,176.639
par30,S,177,1,76,62,176.608,177.311
par30,S,178,1,77,58,177.209,177.89
par30,S,179,1,79,57,177.797,179.701
par30,S,180,1,79,40,180.271,180.923
par30,S,181,1,77,56,180.862,181.502
par30,S,182,1,76,55,181.456,182.128
par30,S,183,1,74,64,182.04,182.731
par30,S,184,1,72,66,182.668,184.538
par30,S,185,1,79,55,185.143,185.809
par30,S,186,1,77,60,185.745,186.449
par30,S,187,1,76,51,186.357,186.973
par30,S,188,1,74,67,186.949,187.625
par30,S,189,1,72,55,187.569,189.523
par30,S,190,1,79,67,189.955,190.602
par30,S,191,1,77,69,190.574,191.236
par30,S,192,1,76,60,191.182,191.838
par30,S,193,1,74,64,191.772,192.454
par30,S,194,1,72,53,192.396,194.366
par31,I,0,0,72,57,2.498,3.184
par31,I,1,0,74,62,3.07,3.72
par31,I,2,0,76,44,3.619,4.074
par31,I,3,0,77,52,4.194,4.662
par31,I,4,0,79,46,4.817,6.986
par31,I,5,0,76,60,8.454,9.728
par31,I,6,0,71,49,9.7,9.787
par31,I,7,0,79,54,7.309,10.5
par31,I,8,0,77,45,7.864,10.54
par31,I,9,0,74,60,9.034,10.815
par31,I,10,0,72,55,9.702,10.977
par31,I,11,0,72,46,12.151,12.934
par31,I,12,0,76,58,13.37,14.589
par31,I,13,0,72,59,15.09,15.397
par31,I,14,0,79,68,15.733,16.751
par31,I,15,0,79,61,16.961,17.506
par31,I,16,0,77,48,17.977,18.25
par31,I,17,0,76,64,18.171,18.924
par31,I,18,0,74,53,18.828,19.167
par31,I,19,0,72,52,19.436,20.832
par31,I,20,0,72,39,21.965,22.832
par31,I,21,0,76,46,23.137,23.717
par31,I,22,0,72,55,24.292,24.87
par31,I,23,0,74,55,24.825,25.067
par31,I,24,0,76,55,25.382,26.447
par31,I,25,0,74,62,27.297,28.037
par31,I,26,0,76,56,27.869,28.647
par31,I,27,0,72,46,26.765,28.772
par31,I,28,0,77,55,28.463,28.846
par31,I,29,0,79,79,29.1,31.094
par31,I,30,0,79,61,31.577,32.321
par31,I,31,0,79,56,32.564,33.408
par31,I,32,0,72,64,32.864,33.787
par31,I,33,0,79,60,34.029,34.526
par31,I,34,0,79,36,34.944,35.33
par31,I,35,0,72,54,35.168,36.271
par31,I,36,0,77,52,37.027,37.642
par31,I,37,0,76,50,37.596,38.744
par31,I,38,0,74,64,38.18,38.774
par31,I,39,0,72,61,38.749,40.974
par31,I,40,0,72,57,41.33,42.348
par31,I,41,0,79,51,42.48,43.36
par31,I,42,0,72,66,43.773,44.731
par31,I,43,0,79,64,45.002,45.957
par31,I,44,0,72,56,46.718,47.111
par31,I,45,0,74,68,47.107,47.326
par31,I,46,0,76,60,47.296,48.041
par31,I,47,0,77,56,48.332,48.62
par31,I,48,0,79,61,48.536,49.195
par31,I,49,0,77,72,49.119,49.83
par31,I,50,0,72,51,51.536,53.222
par31,I,51,0,74,36,52.162,53.238
par31,I,52,0,72,53,53.457,54.115
par31,I,53,0,74,65,54.375,54.692
par31,I,54,0,76,51,54.613,55.386
par31,I,55,0,77,54,55.882,56.839
par31,I,56,0,74,58,57.005,57.252
par31,I,57,0,76,54,56.402,57.287
par31,I,58,0,79,30,57.594,58.131
par31,I,59,0,72,55,58.274,60.068
par31,I,60,0,72,38,60.431,61.171
par31,I,61,0,74,61,60.656,61.188
par31,I,62,0,77,59,61.899,62.354
par31,I,63,0,72,1,61.622,62.507
par31,I,64,0,79,58,63.069,63.467
par31,I,65,0,72,49,62.864,63.698
par31,I,66,0,74,53,65.571,65.835
par31,I,67,0,76,45,65.573,65.848
par31,I,68,0,72,51,65.349,66.045
par31,I,69,0,72,51,68.06,68.883
par31,I,70,0,79,59,70.406,71.124
par31,I,71,0,77,50,71.676,73.76
par31,I,72,0,79,69,74.422,74.746
par31,I,73,0,77,32,74.663,75.256
par31,I,74,0,72,59,75.309,76.394
par31,I,75,0,74,52,76.891,77.169
par31,I,76,0,76,46,77.113,77.382
par31,I,77,0,72,63,77.645,79.432
par31,I,78,0,72,42,80.197,82.149
par31,I,79,0,77,43,82.655,83.124
par31,I,80,0,79,66,83.585,83.925
par31,I,81,0,77,42,83.853,84.301
par31,I,82,0,76,47,84.476,84.828
par31,I,83,0,74,57,85.059,86.89
par31,I,84,0,72,62,87.237,87.456
par31,I,85,0,74,58,87.426,87.909
par31,I,86,0,76,54,88.02,88.688
par31,I,87,0,72,49,89.705,89.898
par31,I,88,0,76,55,89.904,90.552
par31,I,89,0,77,56,90.921,91.199
par31,I,90,0,72,57,91.136,91.596
par31,I,91,0,72,47,92.107,92.465
par31,I,92,0,77,48,92.332,92.506
par31,I,93,0,79,33,92.862,93.1
par31,I,94,0,72,42,93.523,94.698
par31,I,95,0,79,56,95.333,95.645
par31,I,96,0,77,9,95.66,95.951
par31,I,97,0,76,45,95.855,96.603
par31,I,98,0,74,59,96.436,96.827
par31,I,99,0,72,47,97.109,98.199
par31,I,100,0,72,45,99.657,100.541
par31,I,101,0,76,45,100.865,101.693
par31,I,102,0,72,48,102.018,102.46
par31,I,103,0,76,45,102.619,102.871
par31,I,104,0,79,62,103.233,104.146
par31,I,105,0,77,27,104.545,104.675
par31,I,106,0,79,1,104.634,104.884
par31,I,107,0,79,52,105.051,105.39
par31,I,108,0,77,45,105.659,105.983
par31,I,109,0,74,49,106.262,106.539
par31,I,110,0,76,65,106.866,108.168
par31,I,111,0,72,48,109.151,109.396
par31,I,112,0,79,57,109.378,109.905
par31,I,113,0,72,39,110.291,110.488
par31,I,114,0,74,54,110.516,110.887
par31,I,115,0,72,44,111.487,111.719
par31,I,116,0,76,64,111.695,111.945
par31,I,117,0,77,40,112.255,112.529
par31,I,118,0,79,53,112.829,113.332
par31,I,119,0,72,65,114.203,114.465
par31,I,120,0,74,60,114.801,114.98
par31,I,121,0,76,48,115.374,115.767
par31,I,122,0,74,62,115.968,116.268
par31,I,123,0,72,39,116.565,118.113
par31,I,124,0,79,62,119.079,119.489
par31,I,125,0,77,57,120.058,120.343
par31,I,126,0,76,50,120.244,120.664
par31,I,127,0,74,60,120.843,121.19
par31,I,128,0,72,47,121.478,122.826
par31,I,129,0,72,50,123.918,124.876
par31,I,130,0,77,64,125.131,125.48
par31,I,131,0,79,51,125.694,126.08
par31,I,132,0,76,56,126.289,126.931
par31,I,133,0,74,54,127.303,127.564
par31,I,134,0,72,55,127.536,127.699
par31,I,135,0,72,49,128.125,128.741
par31,I,136,0,77,55,129.102,129.308
par31,I,137,0,79,33,129.626,129.83
par31,I,138,0,77,57,129.836,130.071
par31,I,139,0,76,45,130.502,130.878
par31,I,140,0,74,59,131.198,132.056
par31,I,141,0,72,45,132.347,132.991
par31,I,142,0,72,45,133.665,134.227
par31,I,143,0,76,44,134.269,134.779
par31,I,144,0,72,36,134.828,135.42
par31,I,145,0,76,51,135.436,135.983
par31,I,146,0,72,49,136.073,136.623
par31,I,147,0,76,36,136.696,137.301
par31,I,148,0,72,46,137.312,138.031
par31,I,149,0,72,46,139.151,139.603
par31,I,150,0,74,46,139.61,139.724
par31,I,151,0,76,40,139.796,140.065
par31,I,152,0,74,51,140.697,140.857
par31,I,153,0,72,65,140.898,142.202
par31,I,154,0,76,36,142.755,143.142
par31,I,155,0,77,58,143.008,143.281
par31,I,156,0,79,43,143.241,143.478
par31,I,157,0,79,37,145.157,145.43
par31,I,158,0,77,52,145.292,145.578
par31,I,159,0,76,54,145.511,145.793
par31,I,160,0,74,58,148.27,148.612
par31,I,161,0,74,43,148.918,149.557
par31,I,162,0,74,44,149.808,150.121
par31,I,163,0,72,63,150.064,150.392
par31,I,164,0,74,51,150.543,150.703
par31,I,165,0,76,53,150.737,151.366
par31,I,166,0,76,49,151.912,152.576
par31,I,167,0,74,55,153.082,153.441
par31,I,168,0,76,59,153.437,153.841
par31,I,169,0,77,42,153.706,154.062
par31,I,170,0,79,57,154.16,155.122
par31,I,171,0,74,47,155.573,156.05
par31,I,172,0,76,53,155.903,156.229
par31,I,173,0,77,58,156.166,156.879
par31,I,174,0,79,75,156.538,156.882
par31,I,175,0,79,14,157.32,157.745
par31,I,176,0,72,33,157.969,158.504
par31,I,177,0,72,47,158.957,159.15
par31,I,178,0,74,48,159.146,159.442
par31,I,179,0,76,42,159.679,159.955
par31,I,180,0,72,62,160.313,162.305
par31,I,181,0,72,46,162.851,163.824
par31,I,182,0,76,45,164.434,164.715
par31,I,183,0,74,61,164.683,164.882
par31,I,184,0,77,62,165.088,165.355
par31,I,185,0,79,56,165.297,165.581
par31,I,186,0,77,61,165.822,166.205
par31,I,187,0,76,42,166.427,167.265
par31,I,188,0,72,47,168.06,168.188
par31,I,189,0,72,55,168.635,168.858
par31,I,190,0,74,57,168.854,169.082
par31,I,191,0,76,47,169.449,169.702
par31,I,192,0,72,40,170.084,171.284
par31,I,193,0,72,50,172.896,173.013
par31,I,194,0,72,53,173.522,173.775
par31,I,195,0,76,49,173.78,173.984
par31,I,196,0,77,53,174.354,174.575
par31,I,197,0,79,53,174.958,175.174
par31,I,198,0,77,45,175.527,175.828
par31,I,199,0,74,35,176.258,176.893
par31,I,200,0,72,43,177.71,179.278
par31,I,201,0,72,58,179.882,180.981
par31,I,202,0,76,49,181.1,181.43
par31,I,203,0,74,50,181.686,182.001
par31,I,204,0,72,41,182.282,183.957
par31,I,205,0,72,62,184.819,185.626
par31,I,206,0,79,36,186.049,186.288
par31,I,207,0,77,46,186.658,186.885
par31,I,208,0,76,48,187.23,187.379
par31,I,209,0,72,56,189.669,190.203
par31,I,210,0,74,33,190.857,190.913
par31,I,211,0,72,54,190.639,190.965
par31,I,212,0,76,66,191.403,191.618
par31,I,213,0,72,53,192.126,194.505
par31,I,0,1,72,61,4.948,6.069
par31,I,1,1,72,56,6.423,6.869
par31,I,2,1,74,42,6.698,7.142
par31,I,3,1,76,64,7.07,7.483
par31,I,4,1,77,55,7.358,7.854
par31,I,5,1,79,69,7.92,8.511
par31,I,6,1,77,1,8.867,9.135
par31,I,7,1,77,28,9.527,9.845
par31,I,8,1,76,74,9.742,10.754
par31,I,9,1,74,73,10.321,11.648
par31,I,10,1,72,56,12.212,12.906
par31,I,11,1,79,62,13.127,13.34
par31,I,12,1,72,69,13.338,13.795
par31,I,13,1,72,60,14.593,15.267
par31,I,14,1,74,57,15.21,15.841
par31,I,15,1,76,58,15.78,16.426
par31,I,16,1,77,34,16.344,17.013
par31,I,17,1,79,67,16.979,17.717
par31,I,18,1,79,1,18.115,18.268
par31,I,19,1,79,52,18.705,19.32
par31,I,20,1,77,60,18.969,19.345
par31,I,21,1,76,48,19.314,19.698
par31,I,22,1,74,66,19.562,20.592
par31,I,23,1,77,58,21.044,21.313
par31,I,24,1,76,57,21.231,21.793
par31,I,25,1,74,52,21.607,21.89
par31,I,26,1,72,68,21.855,23.459
par31,I,27,1,72,59,24.567,25.086
par31,I,28,1,74,38,25.583,26.748
par31,I,29,1,72,28,27.118,27.397
par31,I,30,1,76,64,27.267,27.583
par31,I,31,1,79,56,27.948,29.332
par31,I,32,1,79,55,29.813,30.369
par31,I,33,1,72,61,30.374,30.747
par31,I,34,1,77,62,31.378,31.646
par31,I,35,1,72,57,31.586,32.112
par31,I,36,1,76,46,32.613,32.866
par31,I,37,1,72,62,32.822,33.352
par31,I,38,1,74,58,33.811,34.134
par31,I,39,1,72,54,34.023,35.366
par31,I,40,1,72,52,36.493,37.292
par31,I,41,1,76,46,37.641,38.65
par31,I,42,1,74,52,39.3,39.639
par31,I,43,1,76,38,39.874,40.148
par31,I,44,1,77,56,40.108,40.465
par31,I,45,1,79,45,40.704,41.541
par31,I,46,1,79,62,41.935,42.236
par31,I,47,1,76,49,42.518,42.781
par31,I,48,1,72,59,43.092,43.806
par31,I,49,1,74,53,44.418,44.723
par31,I,50,1,77,48,44.971,46.217
par31,I,51,1,77,54,46.584,46.759
par31,I,52,1,76,32,46.767,46.981
par31,I,53,1,74,49,47.146,47.299
par31,I,54,1,72,51,47.405,48.322
par31,I,55,1,72,53,48.652,49.405
par31,I,56,1,79,60,50.477,50.984
par31,I,57,1,72,32,51.094,53.296
par31,I,58,1,72,52,54.116,54.956
par31,I,59,1,72,51,55.942,57.041
par31,I,60,1,74,55,56.502,57.044
par31,I,61,1,76,29,57.067,57.8
par31,I,62,1,74,47,58.944,59.427
par31,I,63,1,76,29,59.383,59.79
par31,I,64,1,77,64,59.758,60.176
par31,I,65,1,76,48,61.007,61.817
par31,I,66,1,77,56,61.397,61.885
par31,I,67,1,79,47,61.825,62.69
par31,I,68,1,72,56,63.259,64.062
par31,I,69,1,77,61,64.53,65.074
par31,I,70,1,77,46,65.462,65.883
par31,I,71,1,76,23,65.633,66.06
par31,I,72,1,74,51,65.919,66.39
par31,I,73,1,72,68,66.336,67.11
par31,I,74,1,79,30,68.407,68.781
par31,I,75,1,77,42,68.618,69.042
par31,I,76,1,76,40,68.953,69.387
par31,I,77,1,74,51,69.199,70.209
par31,I,78,1,72,49,70.464,71.257
par31,I,79,1,72,57,71.554,71.651
par31,I,80,1,72,52,71.757,72.508
par31,I,81,1,72,65,73.019,73.794
par31,I,82,1,76,57,74.562,74.857
par31,I,83,1,77,52,74.793,74.999
par31,I,84,1,76,52,75.201,75.494
par31,I,85,1,74,57,75.439,75.816
par31,I,86,1,72,64,76.381,76.638
par31,I,87,1,79,70,77.004,78.086
par31,I,88,1,79,48,78.84,79.237
par31,I,89,1,77,42,79.436,79.682
par31,I,90,1,76,48,79.617,80.049
par31,I,91,1,74,47,80.042,80.127
par31,I,92,1,77,50,80.24,80.774
par31,I,93,1,79,59,80.78,81.336
par31,I,94,1,79,58,83.107,83.424
par31,I,95,1,77,56,83.829,84.653
par31,I,96,1,76,49,85.11,85.606
par31,I,97,1,74,66,86.11,87.331
par31,I,98,1,77,60,88.179,88.514
par31,I,99,1,76,45,88.753,89.123
par31,I,100,1,74,53,89.311,89.63
par31,I,101,1,72,46,89.961,91.21
par31,I,102,1,72,57,91.883,92.295
par31,I,103,1,76,22,92.896,93.854
par31,I,104,1,72,49,94.332,94.598
par31,I,105,1,77,57,94.878,95.95
par31,I,106,1,72,55,97.302,97.684
par31,I,107,1,79,51,97.919,98.125
par31,I,108,1,74,56,98.533,98.765
par31,I,109,1,77,35,99.093,99.365
par31,I,110,1,76,61,99.688,101.431
par31,I,111,1,72,56,102.217,102.603
par31,I,112,1,79,56,103.11,103.607
par31,I,113,1,77,50,104.01,104.225
par31,I,114,1,76,52,104.401,104.647
par31,I,115,1,74,57,104.618,105.187
par31,I,116,1,79,51,105.511,106.011
par31,I,117,1,77,46,106.463,106.711
par31,I,118,1,76,46,106.833,107.051
par31,I,119,1,74,52,107.075,107.277
par31,I,120,1,76,52,107.591,107.913
par31,I,121,1,77,39,108.183,108.512
par31,I,122,1,79,52,108.775,109.141
par31,I,123,1,72,62,109.445,110.287
par31,I,124,1,74,52,110.778,111.534
par31,I,125,1,77,43,111.897,112.31
par31,I,126,1,79,52,112.553,112.874
par31,I,127,1,77,38,113.55,113.826
par31,I,128,1,76,41,113.854,114.061
par31,I,129,1,74,58,114.226,114.855
par31,I,130,1,72,59,116.817,117.195
par31,I,131,1,76,57,117.387,117.688
par31,I,132,1,79,61,117.944,118.762
par31,I,133,1,79,46,119.185,119.583
par31,I,134,1,76,47,119.809,120.135
par31,I,135,1,72,61,120.424,120.92
par31,I,136,1,74,47,121.019,121.564
par31,I,137,1,72,39,121.601,122.367
par31,I,138,1,72,52,122.641,122.913
par31,I,139,1,74,47,122.891,123.101
par31,I,140,1,79,54,123.834,124.792
par31,I,141,1,77,63,125.116,125.95
par31,I,142,1,79,49,126.471,127.161
par31,I,143,1,76,45,127.534,128.631
par31,I,144,1,79,49,128.966,129.69
par31,I,145,1,74,62,129.92,130.894
par31,I,146,1,72,39,131.43,132.893
par31,I,147,1,79,48,133.796,134.082
par31,I,148,1,79,66,134.176,134.259
par31,I,149,1,79,51,134.374,135.074
par31,I,150,1,79,57,135.433,135.775
par31,I,151,1,76,45,136.034,136.348
par31,I,152,1,74,47,136.296,136.896
par31,I,153,1,77,54,137.394,137.832
par31,I,154,1,79,58,138.112,138.532
par31,I,155,1,74,55,139.138,139.558
par31,I,156,1,72,57,139.77,140.227
par31,I,157,1,79,60,142.304,143.682
par31,I,158,1,72,43,144.135,144.474
par31,I,159,1,72,51,144.736,145.504
par31,I,160,1,72,60,146.001,146.62
par31,I,161,1,74,62,146.995,147.08
par31,I,162,1,74,55,147.205,147.596
par31,I,163,1,76,40,147.735,148.797
par31,I,164,1,77,1,149.54,149.788
par31,I,165,1,74,50,150.27,150.522
par31,I,166,1,72,58,150.841,151.645
par31,I,167,1,79,65,151.893,152.204
par31,I,168,1,77,33,152.174,152.61
par31,I,169,1,76,42,152.731,153.339
par31,I,170,1,74,61,153.311,153.958
par31,I,171,1,76,52,154.26,155.342
par31,I,172,1,79,38,156.663,156.986
par31,I,173,1,77,66,156.926,157.338
par31,I,174,1,74,38,157.61,157.664
par31,I,175,1,76,2,157.506,157.92
par31,I,176,1,76,50,158.148,158.481
par31,I,177,1,74,64,158.675,159.249
par31,I,178,1,72,46,159.594,160.868
par31,I,179,1,72,41,161.303,161.654
par31,I,180,1,76,52,161.857,163.252
par31,I,181,1,72,40,163.591,163.959
par31,I,182,1,77,46,164.236,164.499
par31,I,183,1,79,53,164.816,165.933
par31,I,184,1,79,64,166.407,166.975
par31,I,185,1,77,45,167.285,167.492
par31,I,186,1,76,53,167.837,168.163
par31,I,187,1,74,65,168.494,168.793
par31,I,188,1,74,51,169.079,169.748
par31,I,189,1,76,46,170.08,170.354
par31,I,190,1,77,54,170.342,170.759
par31,I,191,1,79,67,170.88,171.648
par31,I,192,1,77,27,171.758,172.012
par31,I,193,1,76,54,171.996,172.441
par31,I,194,1,74,56,172.378,172.667
par31,I,195,1,72,62,172.646,173.892
par31,I,196,1,72,47,175.154,176.626
par31,I,197,1,74,59,176.207,177.181
par31,I,198,1,76,50,177.742,178.433
par31,I,199,1,72,63,178.635,179.642
par31,I,200,1,72,54,180.09,181.007
par31,I,201,1,76,54,181.015,181.916
par31,I,202,1,79,61,182.473,183.147
par31,I,203,1,76,46,183.421,184.478
par31,I,204,1,74,50,184.954,185.448
par31,I,205,1,72,45,185.899,186.817
par31,I,206,1,74,51,187.461,188.052
par31,I,207,1,76,51,188.309,189.498
par31,I,208,1,72,56,189.842,191.66
par31,I,209,1,79,44,191.982,192.181
par31,I,210,1,72,71,192.156,194.588
par32,S,0,0,72,44,2.783,2.967
par32,S,1,0,74,54,3.121,3.609
par32,S,2,0,76,39,3.48,3.655
par32,S,3,0,77,17,4.14,4.406
par32,S,4,0,79,72,4.786,5.009
par32,S,5,0,72,53,5.609,5.838
par32,S,6,0,74,39,5.989,6.198
par32,S,7,0,76,50,6.356,6.481
par32,S,8,0,77,52,6.695,6.928
par32,S,9,0,79,44,7.288,7.551
par32,S,10,0,72,52,8.136,8.352
par32,S,11,0,74,38,8.459,8.625
par32,S,12,0,76,49,8.811,8.959
par32,S,13,0,77,61,9.166,9.35
par32,S,14,0,72,36,10.118,10.31
par32,S,15,0,74,50,10.457,10.652
par32,S,16,0,76,45,10.789,10.918
par32,S,17,0,79,48,9.49,10.982
par32,S,18,0,77,62,11.076,11.243
par32,S,19,0,79,30,11.565,11.866
par32,S,20,0,79,53,12.642,12.942
par32,S,21,0,77,66,13.333,13.976
par32,S,22,0,76,44,13.68,14.254
par32,S,23,0,74,62,14.081,14.496
par32,S,24,0,72,61,14.648,14.774
par32,S,25,0,77,52,15.652,16.456
par32,S,26,0,79,58,15.336,16.567
par32,S,27,0,76,48,15.969,16.596
par32,S,28,0,74,45,16.282,16.604
par32,S,29,0,72,60,16.614,16.746
par32,S,30,0,79,65,17.196,17.516
par32,S,31,0,76,52,17.869,18.072
par32,S,32,0,74,35,18.211,18.518
par32,S,33,0,77,55,17.54,18.533
par32,S,34,0,72,67,18.532,18.649
par32,S,35,0,77,13,19.372,19.863
par32,S,36,0,76,61,20.046,20.266
par32,S,37,0,74,40,20.458,20.653
par32,S,38,0,72,68,21.238,21.405
par32,S,39,0,79,60,19.039,21.587
par32,S,40,0,74,65,22.841,23.047
par32,S,41,0,76,54,23.233,23.398
par32,S,42,0,77,49,24.084,24.323
par32,S,43,0,72,70,25.081,25.243
par32,S,44,0,74,48,27.455,27.625
par32,S,45,0,76,51,27.798,27.997
par32,S,46,0,77,59,28.136,28.409
par32,S,47,0,72,68,29.046,29.227
par32,S,48,0,74,63,29.925,30.05
par32,S,49,0,76,35,30.214,30.423
par32,S,50,0,77,63,30.547,30.723
par32,S,51,0,79,65,30.88,31.429
par32,S,52,0,72,69,31.48,31.694
par32,S,53,0,74,59,32.53,32.72
par32,S,54,0,76,62,32.837,32.972
par32,S,55,0,77,60,33.203,33.372
par32,S,56,0,79,67,33.503,33.937
par32,S,57,0,72,78,34.19,34.409
par32,S,58,0,77,43,36.043,36.61
par32,S,59,0,76,65,36.438,36.677
par32,S,60,0,74,64,36.807,36.992
par32,S,61,0,72,68,37.419,37.628
par32,S,62,0,77,42,38.891,39.496
par32,S,63,0,76,53,39.274,39.753
par32,S,64,0,74,36,39.71,39.807
par32,S,65,0,79,57,38.022,40.012
par32,S,66,0,79,70,40.567,40.716
par32,S,67,0,77,31,41.236,41.773
par32,S,68,0,76,42,41.4,41.777
par32,S,69,0,74,52,41.753,42.1
par32,S,70,0,72,65,42.094,42.222
par32,S,71,0,79,1,41.43,42.316
par32,S,72,0,79,79,42.492,43.245
par32,S,73,0,77,1,43.577,43.766
par32,S,74,0,77,65,44.008,44.696
par32,S,75,0,76,55,44.522,44.708
par32,S,76,0,74,55,45.537,45.863
par32,S,77,0,72,66,45.881,46.065
par32,S,78,0,79,50,46.577,46.843
par32,S,79,0,76,59,49.328,49.553
par32,S,80,0,77,57,49.986,50.207
par32,S,81,0,79,54,50.489,51.203
par32,S,82,0,74,65,51.169,51.403
par32,S,83,0,72,54,51.804,51.957
par32,S,84,0,76,52,52.686,52.838
par32,S,85,0,77,65,53.142,53.363
par32,S,86,0,79,55,53.503,54.089
par32,S,87,0,74,55,54.163,54.361
par32,S,88,0,72,60,54.629,54.814
par32,S,89,0,76,52,55.357,55.535
par32,S,90,0,77,55,55.719,55.892
par32,S,91,0,74,66,56.559,56.724
par32,S,92,0,79,60,56.061,56.81
par32,S,93,0,72,62,56.96,57.154
par32,S,94,0,76,62,57.588,57.771
par32,S,95,0,77,54,57.95,58.155
par32,S,96,0,81,10,58.374,58.575
par32,S,97,0,79,23,58.347,58.623
par32,S,98,0,74,1,59.407,59.479
par32,S,99,0,79,72,58.741,59.676
par32,S,100,0,74,43,59.57,59.761
par32,S,101,0,72,72,60.013,60.144
par32,S,102,0,77,59,64.862,65.049
par32,S,103,0,79,59,65.197,65.57
par32,S,104,0,76,61,66.263,66.631
par32,S,105,0,74,62,66.53,66.708
par32,S,106,0,72,52,66.945,67.15
par32,S,107,0,77,64,68.08,68.233
par32,S,108,0,79,56,68.388,68.775
par32,S,109,0,76,54,68.784,69.165
par32,S,110,0,74,50,69.06,69.375
par32,S,111,0,72,69,69.355,69.539
par32,S,112,0,77,57,69.928,70.134
par32,S,113,0,79,66,70.261,70.7
par32,S,114,0,76,43,70.71,71.064
par32,S,115,0,74,53,71.025,71.336
par32,S,116,0,72,69,71.328,71.484
par32,S,117,0,77,19,71.873,72.19
par32,S,118,0,77,65,72.583,72.777
par32,S,119,0,79,52,72.922,73.159
par32,S,120,0,76,62,73.389,73.783
par32,S,121,0,74,56,73.665,73.884
par32,S,122,0,72,62,74.004,74.206
par32,S,123,0,77,56,74.754,74.927
par32,S,124,0,79,22,75.14,75.354
par32,S,125,0,76,32,77.288,77.762
par32,S,126,0,74,71,77.588,77.809
par32,S,127,0,72,45,78.085,78.309
par32,S,128,0,72,60,80.622,80.861
par32,S,129,0,74,46,81.008,81.26
par32,S,130,0,76,53,81.391,81.546
par32,S,131,0,77,59,81.774,81.992
par32,S,132,0,79,61,82.17,82.416
par32,S,133,0,72,62,83.156,83.388
par32,S,134,0,74,55,83.501,83.701
par32,S,135,0,76,37,83.889,84.087
par32,S,136,0,77,59,84.25,84.485
par32,S,137,0,81,40,84.673,84.853
par32,S,138,0,79,46,84.674,84.864
par32,S,139,0,72,64,85.576,85.878
par32,S,140,0,74,55,85.893,86.113
par32,S,141,0,76,49,86.235,86.459
par32,S,142,0,77,46,86.513,86.741
par32,S,143,0,81,18,86.945,87.057
par32,S,144,0,79,24,86.946,87.062
par32,S,145,0,79,66,87.449,87.719
par32,S,146,0,72,67,88.594,88.846
par32,S,147,0,74,69,88.973,89.176
par32,S,148,0,76,58,89.305,89.491
par32,S,149,0,77,62,89.638,89.828
par32,S,150,0,79,71,89.938,90.18
par32,S,151,0,79,56,91.508,92.018
par32,S,152,0,76,65,92.397,92.946
par32,S,153,0,74,65,92.756,93.152
par32,S,154,0,77,34,91.908,93.252
par32,S,155,0,72,43,93.128,93.283
par32,S,156,0,79,61,93.731,94.027
par32,S,157,0,77,40,94.017,94.675
par32,S,158,0,74,68,94.644,94.955
par32,S,159,0,76,59,94.354,94.999
par32,S,160,0,72,74,94.94,95.111
par32,S,161,0,79,65,95.391,96.708
par32,S,162,0,77,41,95.811,96.793
par32,S,163,0,76,46,96.252,96.832
par32,S,164,0,74,57,96.57,96.874
par32,S,165,0,72,67,96.868,97.044
par32,S,166,0,76,58,97.972,98.338
par32,S,167,0,77,39,97.622,98.402
par32,S,168,0,79,64,97.318,98.458
par32,S,169,0,74,53,98.264,98.616
par32,S,170,0,72,59,98.602,98.786
par32,S,171,0,79,62,99.12,99.842
par32,S,172,0,76,64,99.722,100.139
par32,S,173,0,74,50,100.02,100.196
par32,S,174,0,77,49,99.382,100.543
par32,S,175,0,72,70,100.644,100.933
par32,S,176,0,74,72,101.857,102.05
par32,S,177,0,76,57,102.158,102.36
par32,S,178,0,77,46,102.46,102.729
par32,S,179,0,79,71,102.805,103.069
par32,S,180,0,72,69,103.392,103.635
par32,S,181,0,74,69,104.031,104.207
par32,S,182,0,76,57,104.304,104.484
par32,S,183,0,77,55,104.582,104.751
par32,S,184,0,79,50,104.836,105.353
par32,S,185,0,72,80,105.295,105.48
par32,S,186,0,74,69,105.836,106.013
par32,S,187,0,76,59,106.119,106.32
par32,S,188,0,77,52,106.429,106.617
par32,S,189,0,79,59,106.77,107.445
par32,S,190,0,72,62,107.704,107.96
par32,S,191,0,74,69,108.565,108.718
par32,S,192,0,76,62,108.87,109.068
par32,S,193,0,77,58,109.201,109.391
par32,S,194,0,79,68,109.473,109.838
par32,S,195,0,72,74,110.171,110.4
par32,S,196,0,77,62,113.176,113.514
par32,S,197,0,76,64,113.504,113.887
par32,S,198,0,74,61,113.805,114.036
par32,S,199,0,72,64,114.501,114.719
par32,S,200,0,79,66,115.338,115.61
par32,S,201,0,77,60,115.938,116.816
par32,S,202,0,76,45,116.233,116.864
par32,S,203,0,74,50,116.532,116.88
par32,S,204,0,72,62,116.848,117.037
par32,S,205,0,79,62,117.269,117.731
par32,S,206,0,74,53,118.326,118.574
par32,S,207,0,76,55,118.03,118.651
par32,S,208,0,77,66,117.717,118.754
par32,S,209,0,72,68,118.683,118.852
par32,S,210,0,79,71,119.15,119.616
par32,S,211,0,74,52,120.306,120.468
par32,S,212,0,76,59,119.973,120.659
par32,S,213,0,77,50,119.675,120.668
par32,S,214,0,74,46,120.62,120.77
par32,S,215,0,72,54,120.813,121.097
par32,S,216,0,79,66,121.215,121.575
par32,S,217,0,77,62,122.195,122.552
par32,S,218,0,76,63,122.526,122.964
par32,S,219,0,74,60,122.88,123.119
par32,S,220,0,72,54,123.271,123.437
par32,S,221,0,79,47,123.643,123.965
par32,S,222,0,76,66,126.641,126.86
par32,S,223,0,77,57,126.964,127.155
par32,S,224,0,74,65,128.261,128.464
par32,S,225,0,72,59,128.652,128.878
par32,S,226,0,79,37,127.268,128.914
par32,S,227,0,76,51,129.333,129.516
par32,S,228,0,77,41,129.661,129.847
par32,S,229,0,74,77,130.591,130.845
par32,S,230,0,79,59,129.952,131.118
par32,S,231,0,72,50,130.949,131.158
par32,S,232,0,76,51,131.592,131.799
par32,S,233,0,77,54,131.996,132.197
par32,S,234,0,74,77,132.812,133.069
par32,S,235,0,79,63,132.309,133.19
par32,S,236,0,72,70,133.13,133.379
par32,S,237,0,76,49,133.694,133.858
par32,S,238,0,77,62,134.037,134.224
par32,S,239,0,79,72,134.406,135.932
par32,S,240,0,74,65,135.979,136.166
par32,S,241,0,72,82,136.795,136.982
par32,S,242,0,74,66,138.721,138.834
par32,S,243,0,76,29,138.54,138.961
par32,S,244,0,76,64,139.44,139.807
par32,S,245,0,74,62,139.705,140.098
par32,S,246,0,72,59,140.011,140.148
par32,S,247,0,77,51,140.761,140.938
par32,S,248,0,79,55,141.237,141.435
par32,S,249,0,74,56,142.633,142.791
par32,S,250,0,76,62,142.33,143.093
par32,S,251,0,72,64,143.298,143.571
par32,S,252,0,77,66,143.735,143.915
par32,S,253,0,79,50,144.093,144.413
par32,S,254,0,74,62,145.07,145.212
par32,S,255,0,72,69,145.455,145.662
par32,S,256,0,76,70,144.779,145.718
par32,S,257,0,77,68,146.115,146.318
par32,S,258,0,79,23,146.5,146.86
par32,S,259,0,76,70,156.214,156.389
par32,S,260,0,77,54,156.792,157.158
par32,S,261,0,77,59,160.974,161.166
par32,S,262,0,79,59,161.29,161.643
par32,S,263,0,76,55,161.623,162.0
par32,S,264,0,74,59,161.901,162.171
par32,S,265,0,72,63,162.186,162.36
par32,S,266,0,77,67,162.782,162.926
par32,S,267,0,79,56,163.067,163.393
par32,S,268,0,76,50,163.42,163.731
par32,S,269,0,74,41,163.71,163.903
par32,S,270,0,72,65,164.009,164.156
par32,S,271,0,77,62,164.685,164.862
par32,S,272,0,79,62,164.985,165.225
par32,S,273,0,76,61,165.28,165.659
par32,S,274,0,74,56,165.574,165.846
par32,S,275,0,72,72,165.846,166.0
par32,S,276,0,77,71,166.514,166.679
par32,S,277,0,79,62,166.793,167.157
par32,S,278,0,76,65,167.125,167.426
par32,S,279,0,74,49,167.371,167.593
par32,S,280,0,72,69,168.139,168.389
par32,S,281,0,74,65,170.003,170.227
par32,S,282,0,72,54,170.399,170.712
par32,S,283,0,76,57,170.897,171.078
par32,S,284,0,77,54,171.252,171.452
par32,S,285,0,79,59,171.563,171.819
par32,S,286,0,74,64,172.077,172.33
par32,S,287,0,72,74,172.354,172.562
par32,S,288,0,76,70,172.749,172.951
par32,S,289,0,77,45,173.2,173.374
par32,S,290,0,81,10,173.65,173.804
par32,S,291,0,79,16,173.637,173.817
par32,S,292,0,74,58,174.745,175.132
par32,S,293,0,72,72,175.149,175.477
par32,S,294,0,76,64,175.476,175.74
par32,S,295,0,77,46,175.802,176.052
par32,S,296,0,79,56,176.173,176.365
par32,S,297,0,74,77,176.77,177.089
par32,S,298,0,72,74,177.078,177.271
par32,S,299,0,76,78,177.424,177.646
par32,S,300,0,77,57,177.708,177.911
par32,S,301,0,79,60,178.032,178.368
par32,S,302,0,74,69,178.896,179.316
par32,S,303,0,72,68,179.258,179.439
par32,S,304,0,76,59,179.589,179.78
par32,S,305,0,77,73,179.946,180.109
par32,S,306,0,79,58,180.316,180.455
par32,S,307,0,72,61,182.525,182.732
par32,S,308,0,74,57,182.867,183.147
par32,S,309,0,76,57,183.24,183.481
par32,S,310,0,77,58,183.705,184.007
par32,S,311,0,79,51,184.19,184.564
par32,S,312,0,72,44,184.849,185.139
par32,S,313,0,74,71,185.211,185.517
par32,S,314,0,76,59,185.562,185.8
par32,S,315,0,77,41,185.862,186.068
par32,S,316,0,79,6,186.269,186.374
par32,S,317,0,79,16,186.671,186.934
par32,S,318,0,72,73,187.32,187.593
par32,S,319,0,74,78,187.664,187.942
par32,S,320,0,76,75,187.936,188.209
par32,S,321,0,77,57,188.246,188.486
par32,S,322,0,79,70,188.608,189.026
par32,S,323,0,72,65,189.282,189.613
par32,S,324,0,74,74,189.614,189.843
par32,S,325,0,76,61,189.889,190.246
par32,S,326,0,77,63,190.185,190.462
par32,S,327,0,79,61,190.524,190.86
par32,S,328,0,79,39,192.313,192.888
par32,S,329,0,77,29,192.523,192.916
par32,S,330,0,74,55,193.249,193.568
par32,S,331,0,76,58,192.882,193.638
par32,S,332,0,72,80,193.532,193.706
par32,S,0,1,72,46,0.699,0.874
par32,S,1,1,74,48,1.06,1.481
par32,S,2,1,76,42,1.381,1.555
par32,S,3,1,77,26,1.678,1.83
par32,S,4,1,79,1,2.053,2.336
par32,S,5,1,72,51,2.556,2.751
par32,S,6,1,74,56,2.86,3.104
par32,S,7,1,76,40,3.173,3.314
par32,S,8,1,77,57,3.457,3.655
par32,S,9,1,79,42,3.763,4.099
par32,S,10,1,72,62,4.148,4.435
par32,S,11,1,74,52,4.45,4.696
par32,S,12,1,76,51,4.694,4.934
par32,S,13,1,77,46,4.947,5.216
par32,S,14,1,79,49,5.27,5.432
par32,S,15,1,72,60,5.638,5.862
par32,S,16,1,74,60,5.931,6.196
par32,S,17,1,76,47,6.223,6.391
par32,S,18,1,77,38,6.449,6.626
par32,S,19,1,74,48,7.278,7.424
par32,S,20,1,72,50,7.263,7.46
par32,S,21,1,77,46,8.227,8.688
par32,S,22,1,76,28,8.625,9.007
par32,S,23,1,74,55,8.898,9.274
par32,S,24,1,72,58,9.242,9.402
par32,S,25,1,79,42,9.67,9.755
par32,S,26,1,77,18,9.866,10.379
par32,S,27,1,74,49,10.365,10.666
par32,S,28,1,76,26,10.089,10.687
par32,S,29,1,72,71,10.641,10.763
par32,S,30,1,79,51,11.001,11.232
par32,S,31,1,77,47,11.199,11.714
par32,S,32,1,74,55,11.722,12.011
par32,S,33,1,76,45,11.462,12.025
par32,S,34,1,72,66,11.96,12.148
par32,S,35,1,79,46,12.421,12.653
par32,S,36,1,77,38,12.567,13.014
par32,S,37,1,74,54,13.08,13.343
par32,S,38,1,76,52,12.847,13.412
par32,S,39,1,72,71,13.316,13.539
par32,S,40,1,74,72,14.921,15.117
par32,S,41,1,76,58,15.152,15.34
par32,S,42,1,77,1,15.451,15.803
par32,S,43,1,77,71,15.948,16.152
par32,S,44,1,79,46,16.262,16.585
par32,S,45,1,72,74,16.59,16.742
par32,S,46,1,74,71,16.999,17.218
par32,S,47,1,76,63,17.256,17.43
par32,S,48,1,77,59,17.507,17.65
par32,S,49,1,79,47,17.771,18.199
par32,S,50,1,72,78,18.092,18.264
par32,S,51,1,74,75,18.555,18.766
par32,S,52,1,76,61,18.808,19.006
par32,S,53,1,77,54,19.077,19.231
par32,S,54,1,79,52,19.382,19.589
par32,S,55,1,72,85,19.798,20.027
par32,S,56,1,74,64,20.543,20.74
par32,S,57,1,76,61,20.824,20.983
par32,S,58,1,77,58,21.093,21.236
par32,S,59,1,79,51,21.398,21.65
par32,S,60,1,72,81,22.006,22.269
par32,S,61,1,77,51,23.813,24.112
par32,S,62,1,76,49,24.092,24.586
par32,S,63,1,74,69,24.392,24.932
par32,S,64,1,72,73,24.912,25.194
par32,S,65,1,79,66,25.246,25.49
par32,S,66,1,77,44,25.894,26.028
par32,S,67,1,76,1,26.386,26.485
par32,S,68,1,77,7,26.257,26.499
par32,S,69,1,77,66,27.189,27.849
par32,S,70,1,74,63,27.774,28.15
par32,S,71,1,76,67,27.489,28.175
par32,S,72,1,72,72,28.085,28.242
par32,S,73,1,77,52,28.468,28.595
par32,S,74,1,79,45,28.457,28.604
par32,S,75,1,77,44,29.713,30.282
par32,S,76,1,74,72,30.168,30.57
par32,S,77,1,76,38,29.873,30.583
par32,S,78,1,79,67,30.826,31.115
par32,S,79,1,72,63,30.485,31.128
par32,S,80,1,77,59,31.324,31.61
par32,S,81,1,74,68,31.815,32.202
par32,S,82,1,76,41,31.505,32.304
par32,S,83,1,72,62,32.157,32.316
par32,S,84,1,79,50,32.751,33.068
par32,S,85,1,77,74,33.364,33.709
par32,S,86,1,74,70,33.875,34.203
par32,S,87,1,76,51,33.6,34.244
par32,S,88,1,72,61,34.213,34.315
par32,S,89,1,79,67,34.777,35.031
par32,S,90,1,76,60,37.174,37.569
par32,S,91,1,77,54,37.455,37.7
par32,S,92,1,79,44,37.759,39.198
par32,S,93,1,74,61,39.084,39.457
par32,S,94,1,72,64,39.385,39.505
par32,S,95,1,76,65,39.905,40.152
par32,S,96,1,77,53,40.198,40.434
par32,S,97,1,74,63,41.262,41.599
par32,S,98,1,72,62,41.549,41.704
par32,S,99,1,79,66,40.444,41.778
par32,S,100,1,76,62,42.102,42.279
par32,S,101,1,77,58,42.321,42.545
par32,S,102,1,74,74,43.379,43.647
par32,S,103,1,72,59,43.651,43.809
par32,S,104,1,79,66,42.587,44.117
par32,S,105,1,76,65,44.154,44.302
par32,S,106,1,77,48,44.365,44.551
par32,S,107,1,74,65,45.176,45.404
par32,S,108,1,72,58,45.799,45.993
par32,S,109,1,79,52,44.621,46.055
par32,S,110,1,76,49,46.814,47.184
par32,S,111,1,72,48,47.412,47.503
par32,S,112,1,74,59,47.058,47.528
par32,S,113,1,76,72,47.824,48.016
par32,S,114,1,76,60,48.955,49.653
par32,S,115,1,74,62,49.232,49.765
par32,S,116,1,72,74,49.851,49.986
par32,S,117,1,77,46,50.274,50.447
par32,S,118,1,81,38,50.633,50.766
par32,S,119,1,79,42,50.632,50.768
par32,S,120,1,74,61,53.179,53.508
par32,S,121,1,72,30,53.497,53.577
par32,S,122,1,76,58,52.875,53.67
par32,S,123,1,77,63,53.879,54.055
par32,S,124,1,79,59,54.237,54.526
par32,S,125,1,74,60,55.097,55.499
par32,S,126,1,72,59,55.415,55.55
par32,S,127,1,76,52,54.834,55.597
par32,S,128,1,77,64,55.795,55.979
par32,S,129,1,79,65,56.079,56.385
par32,S,130,1,74,64,56.759,57.041
par32,S,131,1,76,53,56.552,57.11
par32,S,132,1,72,56,57.038,57.142
par32,S,133,1,77,78,57.37,57.53
par32,S,134,1,79,52,57.998,58.23
par32,S,135,1,77,57,58.921,59.079
par32,S,136,1,79,54,59.189,59.563
par32,S,137,1,76,52,59.502,60.037
par32,S,138,1,74,55,59.742,60.046
par32,S,139,1,72,70,60.001,60.151
par32,S,140,1,77,61,60.452,60.633
par32,S,141,1,79,60,60.694,60.964
par32,S,142,1,74,59,61.168,61.419
par32,S,143,1,76,56,60.961,61.436
par32,S,144,1,72,60,61.419,61.534
par32,S,145,1,77,63,61.773,61.96
par32,S,146,1,79,72,61.989,62.325
par32,S,147,1,74,57,62.477,62.68
par32,S,148,1,76,60,62.252,62.7
par32,S,149,1,72,61,62.71,62.875
par32,S,150,1,77,66,63.153,63.302
par32,S,151,1,79,57,63.329,63.743
par32,S,152,1,76,54,63.616,64.046
par32,S,153,1,74,51,63.827,64.082
par32,S,154,1,72,74,64.123,64.54
par32,S,155,1,74,77,65.055,65.266
par32,S,156,1,72,65,65.258,65.454
par32,S,157,1,76,57,65.547,65.775
par32,S,158,1,77,49,65.822,66.032
par32,S,159,1,81,38,66.186,66.41
par32,S,160,1,79,50,66.175,66.445
par32,S,161,1,74,65,66.643,66.829
par32,S,162,1,72,68,66.899,67.141
par32,S,163,1,76,63,67.139,67.289
par32,S,164,1,77,47,67.4,67.555
par32,S,165,1,79,37,67.725,67.875
par32,S,166,1,74,59,68.847,69.063
par32,S,167,1,72,70,69.077,69.243
par32,S,168,1,76,32,69.452,69.527
par32,S,169,1,77,1,69.7,69.879
par32,S,170,1,76,58,70.117,70.239
par32,S,171,1,77,66,70.507,70.7
par32,S,172,1,74,76,72.336,72.567
par32,S,173,1,72,69,72.583,72.782
par32,S,174,1,76,55,72.879,73.051
par32,S,175,1,77,50,73.133,73.297
par32,S,176,1,79,40,73.439,73.673
par32,S,177,1,74,67,74.123,74.325
par32,S,178,1,72,70,74.321,74.459
par32,S,179,1,76,60,74.577,74.759
par32,S,180,1,77,53,74.865,75.02
par32,S,181,1,79,62,75.143,75.563
par32,S,182,1,74,58,75.895,76.096
par32,S,183,1,72,68,76.131,76.305
par32,S,184,1,76,69,76.38,76.572
par32,S,185,1,77,48,76.654,76.849
par32,S,186,1,79,68,76.961,77.366
par32,S,187,1,72,57,77.751,77.893
par32,S,188,1,72,51,79.306,79.581
par32,S,189,1,74,66,79.58,79.807
par32,S,190,1,76,59,79.825,80.19
par32,S,191,1,77,48,80.08,80.291
par32,S,192,1,79,40,80.379,80.673
par32,S,193,1,72,47,80.928,81.098
par32,S,194,1,74,66,81.11,81.336
par32,S,195,1,76,62,81.336,81.598
par32,S,196,1,77,54,81.581,81.765
par32,S,197,1,79,42,81.848,82.195
par32,S,198,1,74,68,82.463,82.734
par32,S,199,1,72,52,82.256,82.815
par32,S,200,1,76,64,82.674,82.91
par32,S,201,1,77,55,82.937,83.156
par32,S,202,1,79,69,83.194,83.452
par32,S,203,1,74,65,83.762,83.948
par32,S,204,1,72,45,83.537,84.235
par32,S,205,1,76,60,83.932,84.259
par32,S,206,1,77,60,84.204,84.432
par32,S,207,1,79,42,84.537,84.729
par32,S,208,1,77,53,85.271,85.799
par32,S,209,1,76,35,85.63,86.047
par32,S,210,1,74,61,85.937,86.229
par32,S,211,1,72,71,86.233,86.441
par32,S,212,1,79,51,86.735,86.936
par32,S,213,1,77,32,86.934,87.539
par32,S,214,1,76,41,87.178,87.628
par32,S,215,1,74,60,87.482,87.727
par32,S,216,1,72,58,87.743,87.943
par32,S,217,1,79,27,88.172,88.444
par32,S,218,1,77,50,88.224,88.837
par32,S,219,1,76,50,88.512,88.855
par32,S,220,1,74,66,88.747,89.048
par32,S,221,1,72,75,89.035,89.265
par32,S,222,1,77,39,89.665,90.241
par32,S,223,1,76,46,89.819,90.261
par32,S,224,1,74,52,90.138,90.424
par32,S,225,1,79,27,89.515,90.806
par32,S,226,1,71,55,91.126,91.267
par32,S,227,1,72,45,91.119,91.294
par32,S,228,1,74,58,93.204,93.382
par32,S,229,1,76,55,93.376,93.609
par32,S,230,1,77,46,93.586,93.795
par32,S,231,1,79,1,93.816,94.278
par32,S,232,1,72,70,94.162,94.374
par32,S,233,1,74,55,94.946,95.16
par32,S,234,1,76,37,95.098,95.326
par32,S,235,1,77,46,95.257,95.457
par32,S,236,1,79,59,95.436,95.782
par32,S,237,1,72,68,95.817,96.049
par32,S,238,1,74,56,96.272,96.488
par32,S,239,1,76,57,96.431,96.705
par32,S,240,1,77,60,96.64,96.842
par32,S,241,1,79,62,96.905,97.254
par32,S,242,1,72,77,97.252,97.45
par32,S,243,1,74,55,97.596,97.986
par32,S,244,1,76,58,97.781,98.117
par32,S,245,1,77,56,98.01,98.217
par32,S,246,1,79,53,98.267,98.535
par32,S,247,1,72,75,98.709,99.027
par32,S,248,1,74,52,99.04,99.195
par32,S,249,1,76,55,99.179,99.398
par32,S,250,1,77,49,99.407,99.599
par32,S,251,1,79,36,99.553,99.972
par32,S,252,1,72,72,99.954,100.148
par32,S,253,1,74,69,100.318,100.548
par32,S,254,1,76,61,100.486,100.709
par32,S,255,1,77,53,100.704,100.914
par32,S,256,1,79,64,100.943,101.263
par32,S,257,1,72,70,101.238,101.483
par32,S,258,1,79,27,103.576,104.166
par32,S,259,1,77,51,104.175,104.869
par32,S,260,1,74,60,104.837,105.196
par32,S,261,1,76,35,104.456,105.222
par32,S,262,1,72,67,105.138,105.317
par32,S,263,1,71,45,105.518,105.794
par32,S,264,1,79,1,106.791,107.179
par32,S,265,1,77,45,108.569,109.008
par32,S,266,1,74,63,109.119,109.413
par32,S,267,1,76,61,108.867,109.429
par32,S,268,1,72,75,109.381,109.625
par32,S,269,1,79,59,109.7,110.051
par32,S,270,1,77,38,111.08,111.595
par32,S,271,1,76,60,111.272,111.772
par32,S,272,1,74,52,111.541,111.801
par32,S,273,1,72,58,111.817,112.263
par32,S,274,1,79,67,112.149,112.457
par32,S,275,1,77,36,112.714,113.306
par32,S,276,1,76,42,112.867,113.315
par32,S,277,1,74,45,113.106,113.361
par32,S,278,1,72,61,113.369,114.282
par32,S,279,1,79,58,114.181,114.42
par32,S,280,1,76,36,116.204,116.367
par32,S,281,1,74,25,115.782,116.402
par32,S,282,1,77,31,116.516,116.742
par32,S,283,1,79,48,116.791,117.099
par32,S,284,1,74,67,117.363,117.579
par32,S,285,1,72,61,117.598,117.79
par32,S,286,1,76,45,117.975,118.215
par32,S,287,1,77,48,118.207,118.371
par32,S,288,1,79,28,118.419,118.805
par32,S,289,1,76,36,118.819,118.952
par32,S,290,1,74,32,118.822,118.999
par32,S,291,1,72,69,119.03,119.215
par32,S,292,1,76,48,119.574,119.792
par32,S,293,1,77,58,119.735,119.9
par32,S,294,1,79,43,119.952,120.395
par32,S,295,1,74,47,120.36,120.539
par32,S,296,1,72,63,120.553,120.745
par32,S,297,1,76,59,120.908,121.143
par32,S,298,1,77,56,121.122,121.309
par32,S,299,1,79,51,121.39,121.742
par32,S,300,1,74,69,121.755,121.952
par32,S,301,1,72,71,121.976,122.238
par32,S,302,1,76,54,122.243,122.486
par32,S,303,1,77,54,122.46,122.621
par32,S,304,1,79,47,122.731,122.901
par32,S,305,1,74,62,123.062,123.25
par32,S,306,1,71,50,123.382,123.7
par32,S,307,1,72,46,123.383,123.709
par32,S,308,1,76,46,125.837,126.416
par32,S,309,1,74,51,126.126,126.432
par32,S,310,1,72,55,126.456,126.638
par32,S,311,1,77,56,127.152,127.324
par32,S,312,1,79,64,127.447,127.775
par32,S,313,1,76,53,127.833,128.223
par32,S,314,1,74,51,128.068,128.385
par32,S,315,1,72,62,128.367,128.572
par32,S,316,1,77,44,128.651,128.804
par32,S,317,1,79,62,128.951,129.402
par32,S,318,1,76,46,129.771,130.086
par32,S,319,1,74,62,129.974,130.256
par32,S,320,1,72,57,130.261,130.435
par32,S,321,1,76,46,130.569,130.706
par32,S,322,1,79,53,130.834,131.103
par32,S,323,1,77,61,131.687,131.829
par32,S,324,1,79,1,131.879,132.38
par32,S,325,1,79,71,132.541,132.986
par32,S,326,1,74,71,133.204,133.536
par32,S,327,1,76,64,132.931,133.542
par32,S,328,1,72,61,133.546,133.704
par32,S,329,1,77,45,133.994,134.147
par32,S,330,1,76,46,133.99,134.189
par32,S,331,1,77,50,134.889,135.076
par32,S,332,1,77,42,135.185,135.466
par32,S,333,1,79,39,135.164,135.831
par32,S,334,1,79,62,137.308,138.027
par32,S,335,1,77,54,137.018,138.028
par32,S,336,1,74,64,137.907,138.253
par32,S,337,1,76,61,137.642,138.273
par32,S,338,1,72,44,138.209,138.402
par32,S,339,1,77,70,138.77,138.943
par32,S,340,1,79,68,139.003,139.654
par32,S,341,1,76,55,139.348,139.849
par32,S,342,1,74,57,139.569,139.853
par32,S,343,1,72,60,139.852,139.986
par32,S,344,1,77,57,140.236,140.44
par32,S,345,1,76,65,140.821,141.153
par32,S,346,1,72,65,141.457,141.601
par32,S,347,1,74,57,141.167,141.606
par32,S,348,1,79,57,140.434,141.73
par32,S,349,1,77,57,142.206,142.411
par32,S,350,1,79,67,142.438,143.219
par32,S,351,1,76,62,142.832,143.223
par32,S,352,1,74,64,143.121,143.389
par32,S,353,1,72,61,143.42,143.564
par32,S,354,1,77,65,144.291,144.525
par32,S,355,1,76,46,144.936,145.179
par32,S,356,1,79,29,144.438,145.271
par32,S,357,1,74,59,145.139,145.376
par32,S,358,1,72,66,145.401,145.556
par32,S,359,1,74,72,146.813,147.065
par32,S,360,1,72,59,147.09,147.337
par32,S,361,1,76,58,147.607,147.774
par32,S,362,1,77,44,147.897,148.11
par32,S,363,1,79,62,148.204,148.543
par32,S,364,1,74,67,148.637,148.865
par32,S,365,1,72,63,148.888,149.15
par32,S,366,1,76,39,149.236,149.35
par32,S,367,1,77,48,149.405,149.559
par32,S,368,1,79,27,149.733,150.051
par32,S,369,1,74,50,150.626,150.941
par32,S,370,1,72,63,150.88,151.13
par32,S,371,1,76,57,151.245,151.425
par32,S,372,1,77,63,151.493,151.681
par32,S,373,1,79,57,151.812,152.071
par32,S,374,1,74,62,152.35,152.568
par32,S,375,1,72,70,152.561,152.837
par32,S,376,1,76,72,152.855,153.092
par32,S,377,1,77,70,153.12,153.365
par32,S,378,1,79,54,153.42,153.709
par32,S,379,1,74,27,154.338,154.427
par32,S,380,1,76,28,154.337,154.432
par32,S,381,1,74,83,155.225,155.49
par32,S,382,1,77,77,156.183,156.474
par32,S,383,1,76,66,155.879,156.536
par32,S,384,1,79,54,156.545,156.859
par32,S,385,1,72,76,155.515,157.371
par32,S,386,1,72,64,159.08,159.403
par32,S,387,1,74,67,159.499,159.76
par32,S,388,1,76,49,159.764,160.032
par32,S,389,1,77,45,160.095,160.31
par32,S,390,1,79,57,160.498,160.74
par32,S,391,1,74,57,161.628,161.931
par32,S,392,1,76,47,161.921,162.06
par32,S,393,1,77,47,162.195,162.399
par32,S,394,1,72,57,161.321,162.587
par32,S,395,1,79,65,162.51,162.721
par32,S,396,1,74,65,163.446,163.686
par32,S,397,1,72,60,163.121,163.718
par32,S,398,1,76,56,163.727,164.107
par32,S,399,1,77,37,164.032,164.278
par32,S,400,1,79,53,164.36,164.532
par32,S,401,1,72,49,164.917,165.246
par32,S,402,1,74,64,165.233,165.478
par32,S,403,1,76,58,165.488,165.765
par32,S,404,1,77,51,165.747,165.981
par32,S,405,1,79,61,166.084,166.429
par32,S,406,1,72,65,166.577,166.82
par32,S,407,1,74,66,166.843,167.072
par32,S,408,1,76,54,167.095,167.306
par32,S,409,1,77,46,167.398,167.574
par32,S,410,1,79,58,167.709,167.922
par32,S,411,1,77,44,168.763,169.218
par32,S,412,1,76,10,168.957,169.302
par32,S,413,1,79,63,168.494,169.573
par32,S,414,1,76,30,169.509,169.931
par32,S,415,1,74,64,169.906,170.234
par32,S,416,1,72,59,170.223,170.345
par32,S,417,1,79,59,170.614,170.961
par32,S,418,1,77,7,170.924,171.29
par32,S,419,1,77,54,171.47,172.256
par32,S,420,1,76,45,171.868,172.504
par32,S,421,1,74,58,172.181,172.537
par32,S,422,1,72,45,172.509,172.63
par32,S,423,1,77,7,173.22,173.375
par32,S,424,1,79,57,172.851,173.487
par32,S,425,1,77,77,173.653,174.067
par32,S,426,1,74,61,174.27,174.528
par32,S,427,1,76,61,173.971,174.563
par32,S,428,1,72,47,174.615,174.678
par32,S,429,1,71,48,174.601,174.689
par32,S,430,1,79,35,175.319,175.525
par32,S,431,1,77,67,175.646,176.446
par32,S,432,1,76,52,176.074,176.457
par32,S,433,1,72,24,176.458,176.623
par32,S,434,1,74,18,176.47,176.625
par32,S,435,1,76,56,176.976,177.1
par32,S,436,1,74,53,176.981,177.103
par32,S,437,1,74,64,177.4,177.525
par32,S,438,1,72,52,177.44,177.586
par32,S,439,1,74,70,178.942,179.216
par32,S,440,1,76,70,179.168,179.384
par32,S,441,1,77,52,179.434,179.62
par32,S,442,1,79,58,179.716,180.071
par32,S,443,1,72,71,180.079,180.203
par32,S,444,1,74,59,180.488,180.668
par32,S,445,1,76,52,180.757,180.913
par32,S,446,1,77,51,181.07,181.283
par32,S,447,1,79,59,181.397,181.503
par32,S,448,1,72,84,181.874,182.016
par32,S,449,1,74,68,182.207,182.361
par32,S,450,1,76,51,182.536,182.71
par32,S,451,1,77,71,183.266,183.448
par32,S,452,1,79,62,183.616,183.847
par32,S,453,1,72,66,184.756,184.996
par32,S,454,1,74,56,185.575,185.733
par32,S,455,1,76,56,185.87,186.122
par32,S,456,1,77,51,186.189,186.441
par32,S,457,1,72,52,187.932,188.409
par32,S,458,1,74,64,188.147,188.43
par32,S,459,1,76,53,188.413,188.665
par32,S,460,1,77,37,189.246,189.485
par32,S,461,1,79,1,189.842,190.15
par32,S,462,1,79,71,190.625,190.893
par32,S,463,1,77,67,191.271,191.64
par32,S,464,1,76,62,191.533,192.07
par32,S,465,1,74,64,191.836,192.202
par32,S,466,1,72,70,192.175,192.38
par32,S,467,1,79,46,193.019,193.204
par33,I,0,0,77,62,5.486,6.412
par33,I,1,0,72,38,4.894,6.503
par33,I,2,0,77,46,7.316,7.879
par33,I,3,0,72,51,6.693,8.44
par33,I,4,0,79,35,10.327,11.203
par33,I,5,0,72,34,9.76,11.379
par33,I,6,0,79,51,12.208,13.99
par33,I,7,0,72,40,11.606,14.24
par33,I,8,0,76,30,14.708,15.247
par33,I,9,0,74,52,15.243,16.122
par33,I,10,0,74,44,16.45,17.752
par33,I,11,0,76,38,17.026,17.928
par33,I,12,0,77,46,19.492,19.77
par33,I,13,0,76,59,19.769,20.216
par33,I,14,0,76,55,20.385,20.733
par33,I,15,0,77,70,20.68,21.299
par33,I,16,0,76,69,21.292,22.02
par33,I,17,0,74,75,21.942,23.877
par33,I,18,0,76,53,24.44,24.698
par33,I,19,0,77,63,24.691,25.011
par33,I,20,0,77,61,25.289,25.566
par33,I,21,0,76,63,25.558,25.862
par33,I,22,0,76,55,26.16,27.022
par33,I,23,0,79,60,26.769,28.115
par33,I,24,0,76,36,29.586,29.923
par33,I,25,0,72,47,29.273,30.283
par33,I,26,0,76,56,30.19,31.083
par33,I,27,0,74,62,30.477,31.137
par33,I,28,0,72,51,31.052,31.903
par33,I,29,0,76,78,31.634,33.614
par33,I,30,0,76,52,34.163,34.547
par33,I,31,0,74,61,34.475,35.183
par33,I,32,0,72,60,35.082,35.243
par33,I,33,0,72,68,35.356,35.83
par33,I,34,0,72,65,35.965,36.736
par33,I,35,0,76,57,36.601,38.503
par33,I,36,0,76,44,39.071,39.558
par33,I,37,0,74,60,39.387,40.005
par33,I,38,0,72,67,39.961,40.227
par33,I,39,0,74,86,40.274,40.67
par33,I,40,0,74,58,40.835,41.416
par33,I,41,0,77,65,41.468,43.394
par33,I,42,0,72,65,44.885,45.024
par33,I,43,0,76,79,44.246,45.035
par33,I,44,0,72,72,45.161,45.606
par33,I,45,0,79,65,43.983,45.94
par33,I,46,0,72,73,45.762,46.428
par33,I,47,0,77,59,46.372,48.177
par33,I,48,0,74,67,49.176,49.668
par33,I,49,0,72,61,48.859,49.699
par33,I,50,0,76,63,50.644,53.006
par33,I,51,0,74,76,50.099,53.041
par33,I,52,0,72,74,49.792,53.052
par33,I,53,0,77,67,51.239,53.117
par33,I,54,0,74,62,54.613,54.726
par33,I,55,0,77,79,53.694,55.111
par33,I,56,0,76,38,53.96,55.173
par33,I,57,0,74,59,54.882,55.291
par33,I,58,0,79,62,56.038,57.833
par33,I,59,0,74,70,55.454,57.884
par33,I,60,0,76,18,58.927,59.055
par33,I,61,0,77,21,58.908,59.146
par33,I,62,0,79,53,58.498,59.559
par33,I,63,0,77,62,61.252,61.96
par33,I,64,0,76,69,61.867,62.689
par33,I,65,0,79,37,60.918,62.941
par33,I,66,0,77,23,63.752,65.34
par33,I,67,0,76,62,64.421,65.347
par33,I,68,0,79,55,63.407,65.411
par33,I,69,0,77,54,66.141,66.942
par33,I,70,0,76,73,66.767,66.946
par33,I,71,0,79,70,65.801,66.959
par33,I,72,0,77,66,67.037,67.417
par33,I,73,0,77,64,67.617,68.179
par33,I,74,0,76,50,68.243,70.113
par33,I,75,0,79,61,70.7,70.95
par33,I,76,0,77,61,71.012,71.59
par33,I,77,0,76,52,71.613,71.832
par33,I,78,0,77,70,71.941,72.325
par33,I,79,0,77,82,72.538,73.138
par33,I,80,0,76,83,73.146,75.212
par33,I,81,0,72,65,75.6,75.996
par33,I,82,0,76,71,75.899,76.593
par33,I,83,0,72,69,76.505,76.809
par33,I,84,0,76,94,76.785,77.679
par33,I,85,0,74,75,77.396,77.994
par33,I,86,0,76,81,78.015,80.241
par33,I,87,0,72,69,80.526,80.863
par33,I,88,0,76,75,80.814,81.584
par33,I,89,0,74,71,81.434,81.719
par33,I,90,0,72,57,81.704,82.371
par33,I,91,0,76,60,82.249,82.821
par33,I,92,0,77,63,82.881,85.346
par33,I,93,0,72,59,85.371,85.706
par33,I,94,0,76,62,85.672,86.381
par33,I,95,0,74,67,86.326,86.558
par33,I,96,0,77,43,86.622,87.04
par33,I,97,0,74,67,87.755,89.668
par33,I,98,0,77,46,87.186,89.711
par33,I,99,0,72,63,90.207,90.572
par33,I,100,0,76,77,90.489,90.925
par33,I,101,0,77,74,91.095,91.545
par33,I,102,0,76,73,91.39,92.31
par33,I,103,0,74,77,91.991,92.68
par33,I,104,0,72,68,92.593,94.641
par33,I,105,0,77,41,95.451,95.845
par33,I,106,0,72,59,95.127,95.974
par33,I,107,0,72,15,96.072,96.2
par33,I,108,0,77,70,96.106,97.123
par33,I,109,0,72,86,96.431,97.343
par33,I,110,0,72,57,97.584,97.864
par33,I,111,0,77,72,97.873,98.137
par33,I,112,0,77,66,98.426,99.474
par33,I,113,0,72,74,98.762,99.55
par33,I,114,0,72,70,100.031,101.669
par33,I,115,0,76,56,100.897,101.68
par33,I,116,0,77,72,101.192,101.686
par33,I,117,0,74,78,100.342,101.693
par33,I,118,0,79,79,101.808,102.834
par33,I,119,0,76,46,102.413,104.232
par33,I,120,0,72,54,104.895,105.238
par33,I,121,0,77,78,105.21,105.594
par33,I,122,0,77,68,105.844,106.291
par33,I,123,0,72,78,106.146,107.054
par33,I,124,0,72,58,107.351,107.686
par33,I,125,0,77,74,107.646,107.94
par33,I,126,0,77,72,108.218,109.158
par33,I,127,0,72,68,108.535,109.337
par33,I,128,0,72,62,109.758,110.1
par33,I,129,0,77,76,110.039,110.393
par33,I,130,0,77,60,110.693,110.879
par33,I,131,0,79,62,110.997,111.323
par33,I,132,0,79,56,111.559,112.104
par33,I,133,0,72,72,112.158,114.016
par33,I,134,0,72,45,114.641,114.975
par33,I,135,0,76,82,114.926,115.358
par33,I,136,0,76,72,115.497,115.669
par33,I,137,0,77,42,115.839,116.173
par33,I,138,0,77,71,116.387,116.98
par33,I,139,0,72,75,117.001,118.901
par33,I,140,0,76,79,119.731,120.035
par33,I,141,0,72,64,119.429,120.322
par33,I,142,0,76,66,120.324,120.484
par33,I,143,0,79,62,120.661,121.012
par33,I,144,0,79,68,121.24,121.606
par33,I,145,0,72,64,121.853,123.8
par33,I,146,0,72,60,124.35,124.714
par33,I,147,0,74,78,124.665,125.279
par33,I,148,0,76,65,125.202,125.492
par33,I,149,0,77,76,125.505,126.826
par33,I,150,0,72,58,126.806,127.715
par33,I,151,0,74,76,127.117,127.79
par33,I,152,0,76,70,127.684,127.986
par33,I,153,0,77,71,127.969,129.259
par33,I,154,0,72,62,129.225,129.636
par33,I,155,0,76,72,129.521,129.913
par33,I,156,0,76,71,130.104,130.284
par33,I,157,0,79,79,130.405,130.84
par33,I,158,0,79,61,130.973,131.608
par33,I,159,0,72,74,131.607,133.576
par33,I,160,0,72,72,134.078,134.281
par33,I,161,0,74,75,135.944,136.59
par33,I,162,0,76,71,136.537,137.927
par33,I,163,0,76,80,138.257,139.049
par33,I,164,0,77,72,138.878,139.861
par33,I,165,0,77,69,140.166,141.481
par33,I,166,0,79,67,141.409,142.604
par33,I,167,0,79,62,143.827,144.182
par33,I,168,0,77,73,144.092,144.503
par33,I,169,0,77,65,144.707,145.744
par33,I,170,0,77,72,146.258,146.593
par33,I,171,0,76,74,146.532,146.941
par33,I,172,0,76,76,147.203,148.18
par33,I,173,0,76,65,148.631,149.038
par33,I,174,0,74,80,148.959,149.375
par33,I,175,0,74,77,149.598,149.744
par33,I,176,0,72,79,149.894,150.216
par33,I,177,0,72,72,150.485,151.01
par33,I,178,0,79,58,151.106,153.089
par33,I,179,0,79,67,153.59,153.906
par33,I,180,0,77,78,153.858,154.259
par33,I,181,0,77,69,154.485,155.518
par33,I,182,0,77,59,156.016,156.28
par33,I,183,0,76,79,156.327,156.768
par33,I,184,0,76,66,156.956,157.965
par33,I,185,0,76,70,158.495,158.837
par33,I,186,0,74,83,158.786,159.204
par33,I,187,0,74,69,159.397,159.542
par33,I,188,0,72,80,159.698,160.049
par33,I,189,0,72,79,160.289,161.036
par33,I,190,0,76,79,160.861,162.749
par33,I,191,0,79,70,163.365,163.768
par33,I,192,0,77,81,163.65,164.08
par33,I,193,0,77,68,164.249,165.32
par33,I,194,0,76,64,165.818,166.001
par33,I,195,0,74,81,166.133,166.545
par33,I,196,0,74,77,166.799,168.185
par33,I,197,0,79,51,168.536,168.887
par33,I,198,0,72,65,168.231,168.957
par33,I,199,0,79,65,169.113,169.504
par33,I,200,0,72,73,169.411,169.825
par33,I,201,0,72,69,169.977,170.699
par33,I,202,0,77,84,170.612,172.315
par33,I,203,0,74,82,171.969,173.142
par33,I,204,0,72,76,173.057,175.572
par33,I,205,0,72,73,177.411,178.905
par33,I,206,0,74,54,178.028,179.192
par33,I,207,0,74,74,179.872,180.537
par33,I,208,0,76,78,180.464,181.876
par33,I,209,0,76,73,182.294,183.038
par33,I,210,0,77,74,182.876,183.581
par33,I,211,0,77,82,183.879,184.017
par33,I,212,0,77,75,184.149,184.609
par33,I,213,0,77,68,184.703,186.196
par33,I,214,0,74,78,185.324,187.622
par33,I,215,0,72,59,187.766,188.948
par33,I,216,0,76,60,188.56,189.016
par33,I,217,0,74,74,188.052,189.158
par33,I,218,0,77,78,188.884,189.552
par33,I,219,0,74,67,190.483,191.352
par33,I,220,0,76,62,191.039,191.37
par33,I,221,0,72,66,190.178,191.969
par33,I,222,0,77,76,191.319,192.005
par33,I,223,0,72,64,192.674,193.015
par33,I,224,0,74,82,192.981,193.664
par33,I,225,0,76,64,193.546,193.745
par33,I,226,0,77,68,193.812,194.121
par33,I,227,0,77,77,194.398,195.007
par33,I,0,1,77,56,4.906,6.511
par33,I,1,1,77,54,6.764,9.017
par33,I,2,1,74,69,7.363,9.077
par33,I,3,1,72,60,9.138,10.749
par33,I,4,1,74,60,9.759,11.264
par33,I,5,1,74,42,11.543,12.248
par33,I,6,1,76,48,12.124,14.047
par33,I,7,1,72,51,14.687,14.962
par33,I,8,1,74,61,14.976,15.316
par33,I,9,1,74,51,15.559,15.854
par33,I,10,1,72,47,15.869,16.556
par33,I,11,1,72,38,17.066,17.333
par33,I,12,1,74,44,17.372,17.597
par33,I,13,1,74,55,17.932,18.293
par33,I,14,1,72,42,18.228,18.895
par33,I,15,1,72,28,19.472,19.76
par33,I,16,1,74,55,19.816,20.88
par33,I,17,1,76,48,20.451,20.905
par33,I,18,1,77,44,20.781,21.512
par33,I,19,1,74,49,21.999,23.246
par33,I,20,1,72,49,23.183,23.795
par33,I,21,1,72,43,24.438,24.702
par33,I,22,1,74,58,24.721,24.984
par33,I,23,1,74,60,25.32,25.57
par33,I,24,1,72,50,25.615,26.301
par33,I,25,1,72,42,26.837,27.111
par33,I,26,1,74,67,27.129,27.367
par33,I,27,1,74,65,27.731,28.105
par33,I,28,1,72,62,28.027,28.636
par33,I,29,1,72,49,29.228,29.529
par33,I,30,1,76,57,30.189,31.021
par33,I,31,1,77,60,30.487,31.17
par33,I,32,1,74,60,29.547,31.197
par33,I,33,1,79,62,31.065,31.862
par33,I,34,1,72,53,31.671,33.178
par33,I,35,1,79,24,34.125,34.48
par33,I,36,1,77,49,34.421,34.587
par33,I,37,1,77,49,34.688,35.047
par33,I,38,1,77,36,35.307,35.577
par33,I,39,1,76,45,35.631,35.841
par33,I,40,1,76,30,35.908,36.304
par33,I,41,1,76,62,36.561,36.823
par33,I,42,1,74,62,36.878,37.035
par33,I,43,1,74,71,37.175,37.492
par33,I,44,1,74,81,37.832,38.201
par33,I,45,1,72,58,38.477,38.836
par33,I,46,1,79,70,41.479,41.69
par33,I,47,1,77,54,41.767,41.948
par33,I,48,1,77,72,42.068,42.468
par33,I,49,1,77,78,42.699,42.868
par33,I,50,1,76,62,42.976,43.172
par33,I,51,1,76,67,43.281,43.612
par33,I,52,1,76,65,43.884,44.055
par33,I,53,1,74,74,44.189,44.331
par33,I,54,1,74,66,44.479,44.774
par33,I,55,1,74,75,45.091,45.681
par33,I,56,1,72,69,45.709,46.319
par33,I,57,1,79,61,46.301,46.465
par33,I,58,1,79,52,46.605,46.819
par33,I,59,1,79,73,46.922,47.277
par33,I,60,1,77,61,48.725,48.891
par33,I,61,1,77,57,49.051,49.269
par33,I,62,1,79,59,51.119,51.331
par33,I,63,1,77,27,51.478,51.59
par33,I,64,1,77,54,51.747,52.102
par33,I,65,1,77,53,52.35,52.547
par33,I,66,1,76,52,52.655,52.818
par33,I,67,1,76,61,52.951,53.338
par33,I,68,1,76,67,53.545,53.751
par33,I,69,1,74,68,53.848,53.99
par33,I,70,1,74,62,54.145,54.512
par33,I,71,1,72,60,54.82,55.559
par33,I,72,1,72,61,56.015,56.213
par33,I,73,1,76,46,56.331,56.656
par33,I,74,1,76,66,56.864,56.99
par33,I,75,1,77,57,57.146,57.569
par33,I,76,1,77,62,57.722,58.266
par33,I,77,1,72,54,60.814,61.102
par33,I,78,1,76,72,61.149,61.497
par33,I,79,1,76,55,61.747,61.93
par33,I,80,1,77,64,62.101,62.484
par33,I,81,1,77,70,62.69,63.315
par33,I,82,1,72,67,63.296,65.126
par33,I,83,1,72,56,65.733,65.978
par33,I,84,1,76,67,66.065,66.347
par33,I,85,1,76,64,66.632,66.818
par33,I,86,1,77,73,66.943,67.31
par33,I,87,1,77,55,67.502,68.038
par33,I,88,1,79,57,68.142,70.216
par33,I,89,1,72,61,70.659,70.89
par33,I,90,1,76,78,71.064,71.271
par33,I,91,1,76,62,71.567,71.727
par33,I,92,1,77,55,71.828,72.586
par33,I,93,1,72,54,73.035,73.273
par33,I,94,1,76,60,73.346,73.596
par33,I,95,1,77,54,73.98,74.13
par33,I,96,1,79,42,74.373,74.942
par33,I,97,1,72,52,75.466,75.675
par33,I,98,1,76,57,75.796,76.074
par33,I,99,1,77,56,76.44,76.668
par33,I,100,1,76,63,76.779,77.203
par33,I,101,1,76,42,77.366,77.9
par33,I,102,1,72,48,77.977,78.995
par33,I,103,1,72,45,79.223,80.057
par33,I,104,1,72,42,80.374,80.725
par33,I,105,1,74,67,80.702,80.979
par33,I,106,1,74,57,81.278,81.515
par33,I,107,1,76,53,81.594,82.751
par33,I,108,1,77,49,82.779,83.54
par33,I,109,1,72,60,85.229,85.521
par33,I,110,1,76,70,85.53,85.926
par33,I,111,1,76,57,86.122,86.337
par33,I,112,1,77,70,86.447,86.751
par33,I,113,1,77,68,87.03,87.951
par33,I,114,1,72,60,87.627,89.573
par33,I,115,1,72,53,90.158,90.423
par33,I,116,1,76,68,90.451,90.743
par33,I,117,1,76,58,91.019,91.237
par33,I,118,1,77,61,91.375,91.695
par33,I,119,1,77,70,91.943,92.377
par33,I,120,1,76,66,92.517,93.772
par33,I,121,1,77,60,93.744,94.692
par33,I,122,1,72,63,95.062,95.292
par33,I,123,1,76,52,95.338,95.627
par33,I,124,1,76,61,95.927,96.122
par33,I,125,1,77,59,96.213,96.555
par33,I,126,1,77,58,96.785,97.459
par33,I,127,1,76,77,97.415,98.622
par33,I,128,1,79,64,98.672,99.862
par33,I,129,1,72,61,99.922,100.226
par33,I,130,1,76,78,100.184,100.518
par33,I,131,1,76,60,100.746,100.966
par33,I,132,1,77,64,101.061,101.426
par33,I,133,1,77,72,101.657,102.27
par33,I,134,1,72,70,102.271,103.622
par33,I,135,1,79,67,103.544,104.824
par33,I,136,1,72,46,104.803,105.084
par33,I,137,1,76,72,105.106,105.388
par33,I,138,1,76,54,105.629,105.891
par33,I,139,1,77,56,105.951,106.344
par33,I,140,1,77,53,106.531,107.149
par33,I,141,1,76,79,107.134,108.349
par33,I,142,1,79,68,108.365,109.424
par33,I,143,1,72,57,109.595,109.974
par33,I,144,1,76,76,109.915,110.265
par33,I,145,1,76,67,110.496,110.727
par33,I,146,1,77,70,110.824,111.272
par33,I,147,1,77,66,111.426,112.039
par33,I,148,1,76,68,112.012,113.275
par33,I,149,1,79,74,113.247,114.495
par33,I,150,1,72,53,114.475,114.832
par33,I,151,1,76,62,114.786,115.07
par33,I,152,1,76,68,115.362,115.618
par33,I,153,1,77,56,115.642,115.977
par33,I,154,1,77,66,116.226,116.684
par33,I,155,1,74,77,116.905,118.183
par33,I,156,1,79,74,118.134,119.298
par33,I,157,1,72,58,119.332,119.708
par33,I,158,1,76,71,119.622,119.996
par33,I,159,1,76,64,120.219,120.451
par33,I,160,1,77,59,120.511,120.901
par33,I,161,1,77,66,121.07,121.703
par33,I,162,1,74,77,121.669,122.951
par33,I,163,1,72,70,122.931,123.822
par33,I,164,1,72,53,124.182,124.459
par33,I,165,1,74,74,124.483,124.879
par33,I,166,1,74,62,125.083,125.316
par33,I,167,1,76,64,125.379,125.793
par33,I,168,1,76,72,125.963,126.579
par33,I,169,1,79,72,126.555,128.074
par33,I,170,1,72,67,127.864,128.615
par33,I,171,1,72,67,129.062,129.302
par33,I,172,1,74,74,129.358,129.789
par33,I,173,1,74,71,130.023,130.238
par33,I,174,1,76,81,130.319,130.618
par33,I,175,1,76,73,130.874,131.439
par33,I,176,1,79,78,131.442,132.196
par33,I,177,1,72,65,132.727,133.877
par33,I,178,1,72,70,133.99,134.251
par33,I,179,1,74,73,134.273,134.618
par33,I,180,1,74,69,134.898,135.219
par33,I,181,1,76,70,135.194,135.601
par33,I,182,1,76,48,135.77,136.399
par33,I,183,1,79,84,136.342,137.585
par33,I,184,1,72,66,137.596,138.478
par33,I,185,1,72,65,138.845,139.054
par33,I,186,1,74,77,139.156,139.492
par33,I,187,1,74,70,139.758,139.951
par33,I,188,1,76,41,140.116,140.489
par33,I,189,1,76,79,140.687,141.158
par33,I,190,1,77,60,141.223,142.446
par33,I,191,1,79,73,142.501,143.76
par33,I,192,1,72,57,143.716,144.0
par33,I,193,1,74,66,144.001,144.367
par33,I,194,1,74,62,144.599,144.891
par33,I,195,1,76,70,144.894,146.125
par33,I,196,1,72,51,146.212,146.358
par33,I,197,1,74,86,146.5,146.989
par33,I,198,1,74,81,147.067,147.399
par33,I,199,1,76,81,147.362,148.597
par33,I,200,1,72,67,148.59,148.883
par33,I,201,1,74,73,148.868,149.272
par33,I,202,1,74,67,149.479,149.665
par33,I,203,1,76,63,149.78,149.94
par33,I,204,1,76,62,150.058,150.211
par33,I,205,1,76,61,150.359,150.837
par33,I,206,1,79,71,150.956,152.03
par33,I,207,1,72,74,152.233,153.236
par33,I,208,1,72,53,153.436,153.656
par33,I,209,1,74,73,153.749,154.514
par33,I,210,1,76,62,154.334,154.673
par33,I,211,1,74,89,154.666,155.088
par33,I,212,1,76,72,155.214,155.811
par33,I,213,1,74,75,155.809,157.133
par33,I,214,1,79,70,157.112,158.336
par33,I,215,1,72,49,158.301,158.6
par33,I,216,1,74,64,158.597,159.017
par33,I,217,1,74,41,159.164,159.466
par33,I,218,1,76,62,159.449,159.833
par33,I,219,1,76,63,160.063,160.679
par33,I,220,1,74,71,160.695,162.046
par33,I,221,1,79,65,161.974,163.185
par33,I,222,1,72,58,163.194,163.5
par33,I,223,1,74,66,163.487,164.094
par33,I,224,1,76,55,164.072,164.45
par33,I,225,1,74,78,164.388,165.011
par33,I,226,1,76,78,164.938,165.701
par33,I,227,1,72,57,165.544,167.462
par33,I,228,1,72,57,168.094,168.317
par33,I,229,1,74,62,168.371,169.038
par33,I,230,1,76,58,168.964,169.322
par33,I,231,1,74,69,169.275,169.941
par33,I,232,1,76,68,169.843,170.524
par33,I,233,1,72,70,170.461,172.329
par33,I,234,1,77,59,171.818,172.418
par33,I,235,1,72,61,172.948,173.267
par33,I,236,1,74,78,173.22,173.671
par33,I,237,1,74,79,173.844,174.151
par33,I,238,1,76,79,174.113,174.823
par33,I,239,1,74,82,174.73,175.429
par33,I,240,1,76,68,175.308,176.699
par33,I,241,1,72,63,176.582,177.25
par33,I,242,1,72,59,177.781,178.015
par33,I,243,1,74,72,178.07,178.701
par33,I,244,1,76,56,178.652,179.022
par33,I,245,1,76,70,179.565,180.24
par33,I,246,1,74,72,178.978,180.28
par33,I,247,1,79,80,180.185,181.47
par33,I,248,1,72,79,181.452,182.278
par33,I,249,1,72,57,182.676,182.951
par33,I,250,1,74,67,182.951,183.508
par33,I,251,1,76,58,183.532,183.889
par33,I,252,1,74,69,183.853,184.417
par33,I,253,1,76,62,184.391,185.118
par33,I,254,1,74,69,184.977,186.289
par33,I,255,1,79,74,186.279,187.605
par33,I,256,1,72,65,187.576,188.011
par33,I,257,1,74,71,187.855,188.4
par33,I,258,1,76,59,188.427,188.783
par33,I,259,1,74,75,188.731,189.858
par33,I,260,1,76,66,189.297,189.916
par33,I,261,1,77,72,189.884,191.054
par33,I,262,1,79,76,191.16,192.437
par33,I,263,1,72,65,192.35,192.677
par33,I,264,1,74,71,192.628,193.205
par33,I,265,1,76,65,193.214,193.554
par33,I,266,1,74,75,193.527,194.569
par33,I,267,1,76,69,194.522,194.813
par34,S,0,0,72,58,5.0,5.287
par34,S,1,0,74,59,5.273,5.562
par34,S,2,0,76,56,5.588,5.933
par34,S,3,0,77,62,5.854,6.161
par34,S,4,0,79,61,6.138,6.685
par34,S,5,0,72,42,6.707,7.199
par34,S,6,0,74,40,7.095,7.387
par34,S,7,0,76,45,7.367,7.791
par34,S,8,0,77,44,7.711,7.963
par34,S,9,0,79,42,7.977,8.432
par34,S,10,0,72,30,8.561,8.879
par34,S,11,0,74,59,8.876,9.272
par34,S,12,0,76,49,9.219,9.628
par34,S,13,0,77,48,9.542,9.837
par34,S,14,0,79,64,9.834,10.221
par34,S,15,0,72,58,10.349,10.767
par34,S,16,0,74,61,10.736,11.046
par34,S,17,0,76,64,11.029,11.389
par34,S,18,0,77,55,11.321,11.637
par34,S,19,0,79,70,11.6,12.037
par34,S,20,0,79,57,13.465,13.739
par34,S,21,0,77,61,13.727,14.107
par34,S,22,0,76,52,14.031,14.45
par34,S,23,0,74,66,14.346,14.677
par34,S,24,0,72,72,14.628,15.336
par34,S,25,0,79,67,15.273,15.774
par34,S,26,0,77,36,15.563,15.965
par34,S,27,0,76,52,15.863,16.268
par34,S,28,0,74,50,16.194,16.503
par34,S,29,0,72,73,16.473,17.115
par34,S,30,0,79,66,17.107,17.691
par34,S,31,0,77,55,17.418,17.736
par34,S,32,0,76,54,17.69,18.069
par34,S,33,0,74,58,18.048,18.347
par34,S,34,0,72,68,18.33,18.984
par34,S,35,0,79,59,18.9,19.548
par34,S,36,0,77,5,19.295,19.634
par34,S,37,0,76,57,19.592,19.899
par34,S,38,0,74,63,19.864,20.21
par34,S,39,0,72,68,20.153,20.795
par34,S,40,0,74,68,21.994,22.523
par34,S,41,0,76,58,22.274,22.746
par34,S,42,0,77,62,22.561,22.981
par34,S,43,0,79,64,22.863,23.143
par34,S,44,0,72,63,23.175,23.867
par34,S,45,0,74,62,23.828,24.186
par34,S,46,0,76,62,24.076,24.401
par34,S,47,0,77,64,24.379,24.706
par34,S,48,0,79,69,24.66,25.025
par34,S,49,0,72,74,25.003,25.659
par34,S,50,0,74,55,25.558,25.939
par34,S,51,0,76,57,25.86,26.33
par34,S,52,0,77,65,26.159,26.655
par34,S,53,0,79,52,26.437,26.733
par34,S,54,0,72,66,26.736,27.438
par34,S,55,0,74,52,27.353,27.784
par34,S,56,0,76,60,27.73,28.11
par34,S,57,0,77,59,28.052,28.463
par34,S,58,0,79,56,28.354,28.697
par34,S,59,0,72,65,28.671,29.44
par34,S,60,0,77,62,30.442,30.817
par34,S,61,0,76,58,30.712,31.181
par34,S,62,0,74,62,31.032,31.406
par34,S,63,0,72,62,31.329,32.114
par34,S,64,0,79,61,31.661,32.266
par34,S,65,0,76,38,32.303,32.464
par34,S,66,0,77,1,32.422,32.629
par34,S,67,0,76,60,32.61,32.985
par34,S,68,0,74,59,32.911,33.224
par34,S,69,0,72,65,33.192,33.573
par34,S,70,0,79,65,33.504,34.371
par34,S,71,0,77,45,34.083,34.451
par34,S,72,0,76,60,34.384,34.804
par34,S,73,0,74,60,34.683,35.085
par34,S,74,0,72,65,34.992,35.325
par34,S,75,0,79,70,35.307,35.764
par34,S,76,0,77,63,35.888,36.262
par34,S,77,0,76,63,36.211,36.552
par34,S,78,0,74,63,36.511,36.845
par34,S,79,0,72,54,36.83,37.199
par34,S,80,0,79,61,37.152,37.79
par34,S,81,0,76,59,39.01,39.581
par34,S,82,0,77,56,39.287,39.844
par34,S,83,0,79,56,39.622,39.974
par34,S,84,0,74,60,39.927,40.348
par34,S,85,0,72,70,40.21,40.599
par34,S,86,0,76,60,40.797,41.267
par34,S,87,0,77,64,41.113,41.626
par34,S,88,0,79,59,41.43,41.772
par34,S,89,0,74,66,41.726,42.131
par34,S,90,0,72,69,42.007,42.602
par34,S,91,0,76,69,42.633,43.054
par34,S,92,0,77,59,42.931,43.439
par34,S,93,0,79,61,43.272,43.637
par34,S,94,0,72,69,43.846,44.456
par34,S,95,0,74,60,43.555,44.463
par34,S,96,0,76,74,44.473,45.066
par34,S,97,0,77,54,44.767,45.184
par34,S,98,0,79,64,45.071,45.438
par34,S,99,0,74,57,45.39,45.766
par34,S,100,0,72,72,45.69,46.73
par34,S,101,0,76,57,47.533,47.944
par34,S,102,0,74,64,47.799,48.333
par34,S,103,0,72,70,48.11,48.577
par34,S,104,0,77,63,48.414,49.079
par34,S,105,0,79,59,48.728,49.196
par34,S,106,0,76,60,49.324,49.698
par34,S,107,0,74,58,49.616,49.961
par34,S,108,0,72,61,49.915,50.379
par34,S,109,0,77,64,50.254,50.975
par34,S,110,0,79,66,50.551,51.068
par34,S,111,0,76,48,51.12,51.589
par34,S,112,0,74,58,51.472,51.812
par34,S,113,0,72,69,51.761,52.069
par34,S,114,0,77,34,52.077,52.411
par34,S,115,0,79,70,52.351,52.71
par34,S,116,0,76,47,52.943,53.395
par34,S,117,0,74,58,53.262,53.582
par34,S,118,0,72,66,53.527,53.991
par34,S,119,0,77,59,53.885,54.318
par34,S,120,0,79,67,54.227,54.791
par34,S,121,0,77,57,56.043,56.748
par34,S,122,0,79,65,56.364,56.782
par34,S,123,0,76,58,56.689,57.25
par34,S,124,0,74,63,56.99,57.42
par34,S,125,0,72,72,57.289,57.953
par34,S,126,0,79,60,58.222,58.476
par34,S,127,0,77,56,57.879,58.547
par34,S,128,0,76,62,58.505,58.839
par34,S,129,0,74,62,58.762,59.218
par34,S,130,0,72,66,59.072,59.656
par34,S,131,0,79,46,59.983,60.157
par34,S,132,0,77,61,59.655,60.428
par34,S,133,0,76,56,60.264,60.805
par34,S,134,0,74,51,60.619,60.998
par34,S,135,0,72,72,60.929,61.523
par34,S,136,0,76,64,61.533,61.872
par34,S,137,0,77,67,61.836,62.27
par34,S,138,0,79,61,62.154,62.668
par34,S,139,0,76,31,62.476,62.733
par34,S,140,0,74,55,62.791,63.588
par34,S,141,0,74,56,67.017,67.372
par34,S,142,0,72,76,67.306,67.745
par34,S,143,0,76,63,67.609,68.037
par34,S,144,0,77,62,67.903,68.296
par34,S,145,0,79,71,68.208,68.817
par34,S,146,0,74,69,68.826,69.161
par34,S,147,0,72,76,69.123,69.434
par34,S,148,0,76,59,69.497,69.814
par34,S,149,0,77,66,69.785,70.104
par34,S,150,0,76,39,70.72,70.884
par34,S,151,0,74,42,70.734,71.044
par34,S,152,0,79,75,70.065,71.055
par34,S,153,0,72,76,71.009,72.218
par34,S,154,0,74,64,74.302,74.613
par34,S,155,0,72,70,74.579,74.919
par34,S,156,0,76,62,74.885,75.443
par34,S,157,0,77,55,75.145,75.496
par34,S,158,0,79,62,75.457,76.107
par34,S,159,0,74,55,76.082,76.495
par34,S,160,0,72,61,76.378,77.136
par34,S,161,0,76,64,76.721,77.38
par34,S,162,0,77,58,77.004,77.653
par34,S,163,0,79,55,77.318,78.007
par34,S,164,0,74,46,77.944,78.51
par34,S,165,0,72,68,78.246,78.58
par34,S,166,0,76,62,78.527,78.964
par34,S,167,0,77,57,78.852,79.641
par34,S,168,0,79,58,79.107,79.683
par34,S,169,0,74,74,79.758,80.101
par34,S,170,0,72,67,80.042,80.352
par34,S,171,0,76,71,80.355,80.509
par34,S,172,0,77,67,80.677,80.77
par34,S,173,0,79,69,80.951,82.654
par34,S,174,0,74,56,88.054,88.383
par34,S,175,0,76,63,88.309,88.792
par34,S,176,0,79,60,88.658,88.983
par34,S,177,0,72,68,87.71,89.322
par34,S,178,0,74,62,92.896,93.27
par34,S,179,0,76,64,93.17,93.78
par34,S,180,0,77,64,93.513,93.921
par34,S,181,0,72,65,92.608,93.939
par34,S,182,0,79,74,93.81,94.378
par34,S,183,0,72,70,94.362,95.019
par34,S,184,0,74,58,94.681,95.062
par34,S,185,0,76,64,94.967,95.605
par34,S,186,0,77,60,95.283,95.947
par34,S,187,0,79,61,95.607,96.259
par34,S,188,0,74,35,96.276,96.339
par34,S,189,0,72,31,96.168,96.574
par34,S,190,0,74,76,96.581,96.934
par34,S,191,0,76,62,96.854,97.375
par34,S,192,0,77,58,97.172,97.566
par34,S,193,0,79,68,97.477,98.063
par34,S,194,0,72,67,98.066,98.565
par34,S,195,0,74,64,98.375,98.892
par34,S,196,0,77,24,99.025,99.117
par34,S,197,0,76,53,98.711,99.268
par34,S,198,0,77,19,99.214,99.388
par34,S,199,0,79,72,99.347,100.568
par34,S,200,0,79,42,101.115,101.361
par34,S,201,0,77,57,101.096,101.532
par34,S,202,0,76,52,101.358,101.913
par34,S,203,0,74,70,101.71,102.132
par34,S,204,0,72,56,102.014,103.065
par34,S,205,0,77,65,103.57,103.777
par34,S,206,0,79,35,103.762,103.983
par34,S,207,0,79,62,106.036,106.563
par34,S,208,0,77,60,106.303,107.042
par34,S,209,0,76,51,106.614,107.098
par34,S,210,0,74,56,106.913,107.306
par34,S,211,0,72,62,107.235,107.773
par34,S,212,0,79,66,107.839,108.529
par34,S,213,0,77,51,108.118,108.926
par34,S,214,0,76,50,108.41,109.06
par34,S,215,0,74,57,108.739,109.075
par34,S,216,0,79,63,109.616,110.209
par34,S,217,0,72,68,109.009,110.251
par34,S,218,0,77,56,109.907,110.307
par34,S,219,0,76,58,110.172,110.732
par34,S,220,0,74,61,110.562,111.031
par34,S,221,0,72,63,110.84,112.796
par34,S,222,0,74,67,113.328,113.891
par34,S,223,0,76,57,113.617,114.236
par34,S,224,0,77,47,113.925,114.466
par34,S,225,0,79,63,114.205,114.576
par34,S,226,0,72,74,114.53,115.326
par34,S,227,0,74,54,115.175,115.656
par34,S,228,0,76,49,115.478,116.028
par34,S,229,0,77,54,115.791,116.317
par34,S,230,0,79,55,116.045,116.43
par34,S,231,0,72,67,116.346,117.428
par34,S,232,0,74,65,116.977,117.607
par34,S,233,0,76,56,117.253,117.863
par34,S,234,0,77,55,117.569,118.136
par34,S,235,0,79,53,117.895,118.334
par34,S,236,0,74,63,118.805,119.232
par34,S,237,0,72,78,118.211,119.361
par34,S,238,0,76,59,119.068,119.586
par34,S,239,0,77,52,119.373,119.985
par34,S,240,0,79,62,119.631,120.032
par34,S,241,0,72,78,120.0,121.353
par34,S,242,0,77,55,121.863,122.44
par34,S,243,0,76,55,122.162,122.916
par34,S,244,0,74,71,122.459,122.979
par34,S,245,0,72,63,122.71,123.705
par34,S,246,0,79,72,123.036,124.014
par34,S,247,0,77,58,123.617,124.519
par34,S,248,0,74,57,124.27,124.631
par34,S,249,0,76,51,123.94,124.643
par34,S,250,0,72,65,124.562,124.93
par34,S,251,0,79,68,124.868,125.818
par34,S,252,0,77,46,125.515,126.203
par34,S,253,0,76,46,125.785,126.273
par34,S,254,0,74,53,126.102,126.477
par34,S,255,0,72,70,126.397,126.8
par34,S,256,0,77,64,127.3,128.062
par34,S,257,0,76,53,127.625,128.087
par34,S,258,0,79,69,126.719,128.137
par34,S,259,0,74,64,127.914,128.324
par34,S,260,0,79,65,128.519,130.032
par34,S,261,0,72,69,128.188,130.033
par34,S,262,0,76,67,130.434,131.086
par34,S,263,0,77,57,130.714,131.409
par34,S,264,0,79,69,130.991,131.502
par34,S,265,0,74,60,131.316,131.766
par34,S,266,0,72,72,131.585,131.951
par34,S,267,0,76,62,132.212,132.917
par34,S,268,0,77,54,132.538,133.134
par34,S,269,0,79,58,132.812,133.325
par34,S,270,0,74,58,133.136,133.656
par34,S,271,0,72,66,133.433,134.103
par34,S,272,0,76,63,133.979,134.763
par34,S,273,0,77,43,134.353,134.772
par34,S,274,0,79,64,134.644,134.971
par34,S,275,0,72,65,135.26,135.823
par34,S,276,0,74,56,134.954,136.02
par34,S,277,0,79,53,136.499,136.822
par34,S,278,0,77,51,136.235,136.832
par34,S,279,0,76,44,135.911,136.898
par34,S,280,0,74,65,136.772,137.531
par34,S,281,0,72,63,137.074,137.802
par34,S,282,0,79,51,138.291,138.624
par34,S,283,0,77,56,138.006,138.647
par34,S,284,0,74,64,138.587,139.059
par34,S,285,0,76,70,137.729,139.189
par34,S,286,0,72,73,138.855,140.891
par34,S,287,0,76,64,141.305,141.975
par34,S,288,0,74,66,141.602,142.08
par34,S,289,0,72,65,141.892,142.238
par34,S,290,0,76,24,142.271,142.531
par34,S,291,0,77,64,142.248,143.735
par34,S,292,0,79,64,142.539,143.795
par34,S,293,0,76,56,143.142,143.851
par34,S,294,0,74,53,143.446,143.883
par34,S,295,0,72,63,143.753,144.21
par34,S,296,0,74,59,145.31,145.616
par34,S,297,0,79,60,144.408,145.623
par34,S,298,0,76,47,145.009,145.634
par34,S,299,0,77,52,144.078,145.685
par34,S,300,0,72,70,145.594,146.073
par34,S,301,0,77,49,145.918,147.289
par34,S,302,0,76,47,146.826,147.291
par34,S,303,0,79,66,146.201,147.338
par34,S,304,0,74,34,147.177,147.605
par34,S,305,0,72,74,147.499,148.275
par34,S,306,0,77,37,147.782,148.441
par34,S,307,0,79,70,148.042,148.599
par34,S,308,0,76,65,148.644,149.012
par34,S,309,0,74,59,148.914,149.197
par34,S,310,0,72,61,149.207,149.468
par34,S,311,0,77,63,149.509,149.963
par34,S,312,0,79,75,149.82,151.453
par34,S,313,0,79,64,152.595,152.951
par34,S,314,0,77,65,152.314,152.954
par34,S,315,0,76,61,152.898,153.373
par34,S,316,0,74,58,153.248,153.595
par34,S,317,0,72,78,153.544,154.119
par34,S,318,0,79,60,154.422,154.77
par34,S,319,0,77,65,154.129,154.821
par34,S,320,0,76,56,154.739,155.129
par34,S,321,0,74,60,155.044,155.394
par34,S,322,0,72,69,155.352,155.847
par34,S,323,0,79,59,156.22,156.564
par34,S,324,0,77,56,155.902,156.656
par34,S,325,0,76,54,156.539,156.982
par34,S,326,0,74,56,156.864,157.183
par34,S,327,0,72,68,157.139,157.749
par34,S,328,0,79,58,158.057,158.391
par34,S,329,0,77,57,157.765,158.699
par34,S,330,0,76,57,158.423,158.842
par34,S,331,0,74,58,158.708,159.044
par34,S,332,0,72,77,159.013,160.659
par34,S,333,0,74,69,160.862,161.224
par34,S,334,0,72,64,161.168,161.472
par34,S,335,0,74,71,161.439,161.602
par34,S,336,0,76,64,161.532,162.857
par34,S,337,0,74,68,163.279,163.596
par34,S,338,0,72,65,163.58,163.941
par34,S,339,0,76,59,163.869,164.215
par34,S,340,0,79,57,164.463,164.86
par34,S,341,0,77,70,164.159,165.034
par34,S,342,0,74,73,165.215,165.523
par34,S,343,0,72,70,165.455,165.807
par34,S,344,0,76,64,165.742,166.129
par34,S,345,0,77,66,166.03,166.784
par34,S,346,0,79,68,166.317,166.875
par34,S,347,0,74,69,166.91,167.271
par34,S,348,0,72,72,167.231,167.606
par34,S,349,0,76,64,167.526,167.98
par34,S,350,0,77,57,167.802,168.526
par34,S,351,0,79,70,168.139,168.602
par34,S,352,0,74,67,168.713,169.145
par34,S,353,0,72,72,169.085,169.402
par34,S,354,0,76,65,169.352,169.757
par34,S,355,0,77,59,169.629,170.297
par34,S,356,0,79,65,169.931,171.379
par34,S,357,0,74,39,172.153,172.379
par34,S,358,0,72,63,171.754,172.533
par34,S,359,0,76,61,172.387,172.81
par34,S,360,0,77,60,172.701,173.159
par34,S,361,0,77,1,173.52,173.634
par34,S,362,0,79,74,173.02,173.661
par34,S,363,0,74,27,173.953,174.289
par34,S,364,0,72,62,173.615,174.492
par34,S,365,0,76,74,174.238,174.853
par34,S,366,0,77,59,174.522,175.402
par34,S,367,0,79,64,174.823,175.482
par34,S,368,0,74,57,175.795,176.142
par34,S,369,0,72,58,175.437,176.189
par34,S,370,0,76,61,176.069,176.715
par34,S,371,0,77,58,176.396,176.803
par34,S,372,0,79,69,176.737,178.276
par34,S,373,0,79,73,179.111,179.703
par34,S,374,0,77,64,179.391,179.859
par34,S,375,0,76,57,179.67,180.214
par34,S,376,0,74,56,179.973,180.282
par34,S,377,0,72,69,180.246,180.828
par34,S,378,0,79,62,180.871,181.465
par34,S,379,0,77,70,181.174,181.883
par34,S,380,0,76,56,181.426,181.91
par34,S,381,0,74,55,181.786,182.166
par34,S,382,0,72,67,182.098,182.842
par34,S,383,0,79,62,182.742,183.175
par34,S,384,0,77,43,182.996,183.757
par34,S,385,0,76,60,183.338,183.776
par34,S,386,0,74,56,183.65,184.118
par34,S,387,0,72,72,183.954,184.797
par34,S,388,0,79,58,184.549,185.176
par34,S,389,0,77,64,184.828,185.521
par34,S,390,0,76,63,185.153,185.633
par34,S,391,0,74,61,185.436,185.805
par34,S,392,0,72,72,185.732,187.453
par34,S,393,0,74,66,187.623,188.038
par34,S,394,0,76,71,187.927,188.496
par34,S,395,0,77,54,188.192,188.725
par34,S,396,0,79,60,188.483,188.838
par34,S,397,0,74,63,189.442,189.841
par34,S,398,0,76,59,189.716,190.25
par34,S,399,0,72,65,188.791,190.329
par34,S,400,0,77,50,190.044,190.382
par34,S,401,0,79,61,190.323,190.684
par34,S,402,0,74,59,191.273,191.59
par34,S,403,0,72,75,190.642,191.979
par34,S,404,0,76,61,191.537,191.996
par34,S,405,0,77,54,191.85,192.487
par34,S,406,0,79,64,192.157,192.542
par34,S,407,0,72,66,192.472,193.158
par34,S,408,0,74,49,193.087,193.457
par34,S,409,0,76,73,193.354,193.792
par34,S,410,0,77,60,193.656,194.247
par34,S,411,0,79,68,193.937,194.315
par34,S,0,1,74,58,5.216,5.55
par34,S,1,1,72,72,4.93,5.902
par34,S,2,1,76,60,5.533,6.065
par34,S,3,1,77,55,5.856,6.146
par34,S,4,1,79,53,6.143,6.716
par34,S,5,1,72,70,6.707,7.327
par34,S,6,1,74,52,7.049,7.396
par34,S,7,1,76,66,7.321,7.717
par34,S,8,1,77,66,7.636,8.077
par34,S,9,1,79,67,7.96,8.572
par34,S,10,1,72,52,8.48,9.144
par34,S,11,1,74,52,8.838,9.233
par34,S,12,1,76,69,9.163,9.878
par34,S,13,1,77,58,9.477,9.907
par34,S,14,1,79,64,9.787,11.523
par34,S,15,1,79,71,12.233,12.675
par34,S,16,1,77,67,12.514,12.8
par34,S,17,1,76,61,12.812,13.509
par34,S,18,1,74,63,13.121,13.513
par34,S,19,1,72,70,13.413,14.037
par34,S,20,1,77,59,14.052,14.25
par34,S,21,1,79,58,14.016,14.407
par34,S,22,1,77,66,14.373,14.685
par34,S,23,1,76,51,14.601,15.254
par34,S,24,1,74,65,14.941,15.36
par34,S,25,1,72,74,15.274,15.893
par34,S,26,1,79,68,15.884,16.907
par34,S,27,1,77,66,16.194,16.91
par34,S,28,1,76,60,16.489,16.968
par34,S,29,1,74,49,16.82,17.115
par34,S,30,1,72,77,17.085,17.993
par34,S,31,1,77,56,17.986,18.745
par34,S,32,1,76,56,18.288,18.793
par34,S,33,1,79,62,17.691,18.881
par34,S,34,1,74,54,18.62,18.93
par34,S,35,1,72,73,18.902,20.981
par34,S,36,1,74,64,21.989,22.391
par34,S,37,1,76,65,22.272,22.693
par34,S,38,1,77,69,22.575,22.951
par34,S,39,1,79,64,22.847,23.294
par34,S,40,1,74,54,23.793,24.147
par34,S,41,1,72,74,23.228,24.497
par34,S,42,1,76,66,24.084,24.709
par34,S,43,1,77,61,24.389,24.955
par34,S,44,1,79,55,24.708,25.379
par34,S,45,1,72,74,25.003,25.743
par34,S,46,1,74,66,25.599,26.009
par34,S,47,1,76,69,25.909,26.524
par34,S,48,1,77,65,26.199,26.764
par34,S,49,1,79,61,26.469,27.12
par34,S,50,1,74,59,27.415,27.736
par34,S,51,1,72,65,26.789,28.146
par34,S,52,1,76,56,27.695,28.169
par34,S,53,1,77,51,27.992,28.259
par34,S,54,1,79,48,28.204,28.585
par34,S,55,1,72,82,28.571,30.742
par34,S,56,1,77,64,30.534,31.135
par34,S,57,1,76,57,30.795,31.245
par34,S,58,1,74,58,31.104,31.45
par34,S,59,1,72,74,31.372,31.854
par34,S,60,1,79,70,31.69,32.59
par34,S,61,1,77,74,32.261,32.953
par34,S,62,1,76,64,32.545,32.987
par34,S,63,1,74,55,32.855,33.233
par34,S,64,1,72,66,33.162,33.517
par34,S,65,1,79,66,33.526,33.978
par34,S,66,1,77,59,34.141,34.838
par34,S,67,1,76,58,34.462,34.876
par34,S,68,1,74,64,34.751,35.038
par34,S,69,1,72,61,35.053,35.358
par34,S,70,1,79,66,35.376,35.669
par34,S,71,1,77,52,35.922,36.685
par34,S,72,1,76,48,36.242,36.729
par34,S,73,1,74,52,36.585,37.0
par34,S,74,1,72,47,36.868,37.224
par34,S,75,1,77,21,37.267,37.431
par34,S,76,1,79,61,37.224,37.618
par34,S,77,1,77,56,37.748,38.421
par34,S,78,1,76,51,38.049,38.536
par34,S,79,1,74,43,38.397,38.719
par34,S,80,1,72,60,38.676,39.433
par34,S,81,1,79,55,39.005,40.911
par34,S,82,1,74,61,43.913,44.321
par34,S,83,1,76,54,44.197,44.787
par34,S,84,1,77,64,44.517,44.943
par34,S,85,1,79,64,44.797,45.198
par34,S,86,1,72,69,45.155,45.755
par34,S,87,1,74,53,45.724,46.723
par34,S,88,1,76,56,48.72,49.129
par34,S,89,1,77,67,49.007,49.423
par34,S,90,1,79,65,49.309,49.765
par34,S,91,1,74,64,49.679,50.114
par34,S,92,1,72,69,49.982,50.468
par34,S,93,1,76,56,50.527,51.194
par34,S,94,1,77,61,50.829,51.421
par34,S,95,1,79,55,51.141,51.48
par34,S,96,1,74,61,51.438,51.905
par34,S,97,1,72,70,51.782,52.381
par34,S,98,1,76,62,52.374,53.035
par34,S,99,1,77,62,52.673,53.094
par34,S,100,1,79,70,53.0,53.633
par34,S,101,1,74,70,53.398,53.761
par34,S,102,1,72,70,53.649,55.894
par34,S,103,1,76,57,56.052,56.667
par34,S,104,1,74,61,56.348,56.741
par34,S,105,1,72,70,56.639,57.489
par34,S,106,1,79,61,57.261,57.826
par34,S,107,1,76,55,57.873,58.049
par34,S,108,1,77,65,56.945,58.167
par34,S,109,1,76,1,58.176,58.262
par34,S,110,1,74,71,58.196,58.548
par34,S,111,1,72,71,58.473,58.918
par34,S,112,1,79,66,59.094,60.095
par34,S,113,1,77,61,58.763,60.32
par34,S,114,1,74,51,60.007,60.398
par34,S,115,1,76,53,59.723,60.408
par34,S,116,1,72,65,60.295,60.648
par34,S,117,1,79,61,60.883,61.587
par34,S,118,1,77,72,60.583,61.661
par34,S,119,1,76,68,61.586,61.93
par34,S,120,1,74,62,61.833,62.243
par34,S,121,1,72,60,62.143,62.452
par34,S,122,1,79,72,62.723,64.05
par34,S,123,1,77,73,62.427,64.128
par34,S,124,1,79,64,64.847,65.203
par34,S,125,1,77,66,64.536,65.489
par34,S,126,1,74,53,65.417,65.762
par34,S,127,1,76,61,65.139,65.795
par34,S,128,1,72,70,65.732,66.344
par34,S,129,1,79,64,66.676,66.975
par34,S,130,1,77,73,66.378,67.168
par34,S,131,1,74,54,67.27,67.751
par34,S,132,1,76,69,66.984,67.789
par34,S,133,1,72,70,67.568,68.261
par34,S,134,1,79,72,68.531,68.968
par34,S,135,1,77,64,68.166,69.218
par34,S,136,1,74,62,69.071,69.48
par34,S,137,1,76,60,68.806,69.53
par34,S,138,1,72,70,69.399,70.645
par34,S,139,1,79,48,70.321,71.062
par34,S,140,1,77,72,70.025,71.191
par34,S,141,1,74,55,70.96,71.315
par34,S,142,1,76,63,70.629,71.319
par34,S,143,1,72,75,71.228,72.964
par34,S,144,1,76,62,73.069,74.347
par34,S,145,1,74,70,75.546,75.897
par34,S,146,1,72,68,75.826,76.397
par34,S,147,1,76,62,76.13,76.506
par34,S,148,1,77,60,76.402,77.368
par34,S,149,1,79,68,76.673,77.388
par34,S,150,1,74,67,77.277,77.659
par34,S,151,1,72,68,77.582,78.255
par34,S,152,1,76,57,77.932,78.341
par34,S,153,1,77,66,78.221,79.172
par34,S,154,1,79,65,78.504,79.252
par34,S,155,1,74,64,79.145,79.519
par34,S,156,1,72,72,79.449,79.917
par34,S,157,1,76,67,79.763,80.317
par34,S,158,1,77,60,80.027,80.862
par34,S,159,1,74,50,80.96,81.337
par34,S,160,1,79,65,80.344,81.419
par34,S,161,1,72,62,81.247,81.846
par34,S,162,1,76,64,81.583,82.005
par34,S,163,1,77,68,81.849,82.752
par34,S,164,1,79,77,82.152,83.978
par34,S,165,1,74,63,85.519,85.729
par34,S,166,1,72,69,85.214,86.119
par34,S,167,1,76,65,85.798,86.431
par34,S,168,1,77,59,86.068,86.913
par34,S,169,1,79,65,86.409,87.029
par34,S,170,1,74,60,87.388,87.885
par34,S,171,1,76,60,87.651,88.298
par34,S,172,1,77,56,87.942,88.546
par34,S,173,1,72,74,87.043,88.577
par34,S,174,1,79,66,88.239,88.756
par34,S,175,1,74,55,89.157,89.544
par34,S,176,1,72,69,88.832,89.817
par34,S,177,1,76,65,89.431,90.041
par34,S,178,1,77,64,89.756,90.777
par34,S,179,1,79,66,90.087,90.855
par34,S,180,1,74,60,91.018,91.303
par34,S,181,1,72,56,90.705,91.581
par34,S,182,1,76,62,91.308,91.924
par34,S,183,1,77,60,91.613,93.207
par34,S,184,1,79,70,91.92,93.453
par34,S,185,1,76,65,94.367,94.8
par34,S,186,1,77,59,94.052,94.815
par34,S,187,1,79,77,93.76,94.817
par34,S,188,1,74,58,94.651,95.044
par34,S,189,1,72,74,94.962,96.031
par34,S,190,1,77,61,95.873,96.818
par34,S,191,1,79,67,95.539,96.832
par34,S,192,1,74,47,96.483,96.878
par34,S,193,1,76,61,96.149,96.918
par34,S,194,1,72,80,96.77,97.97
par34,S,195,1,76,62,97.997,98.673
par34,S,196,1,77,60,97.657,98.681
par34,S,197,1,79,62,97.365,98.698
par34,S,198,1,74,60,98.309,98.724
par34,S,199,1,72,78,98.618,99.576
par34,S,200,1,77,61,99.495,100.27
par34,S,201,1,76,62,99.813,100.445
par34,S,202,1,74,63,100.09,100.454
par34,S,203,1,79,60,99.212,100.489
par34,S,204,1,72,83,100.371,102.127
par34,S,205,1,74,72,102.295,102.663
par34,S,206,1,76,70,102.568,103.293
par34,S,207,1,77,77,102.863,103.479
par34,S,208,1,79,59,103.176,103.804
par34,S,209,1,74,72,104.123,104.493
par34,S,210,1,72,86,103.495,104.506
par34,S,211,1,76,71,104.389,104.86
par34,S,212,1,77,72,104.697,105.374
par34,S,213,1,79,68,105.006,105.473
par34,S,214,1,72,72,105.31,106.258
par34,S,215,1,74,75,105.911,106.479
par34,S,216,1,76,66,106.206,106.828
par34,S,217,1,77,62,106.488,107.092
par34,S,218,1,79,62,106.786,107.755
par34,S,219,1,72,65,107.121,107.837
par34,S,220,1,74,66,107.774,108.166
par34,S,221,1,76,68,108.047,108.624
par34,S,222,1,77,61,108.343,108.791
par34,S,223,1,79,68,108.644,109.078
par34,S,224,1,72,74,108.939,110.657
par34,S,225,1,77,64,110.837,111.5
par34,S,226,1,76,64,111.097,111.739
par34,S,227,1,74,59,111.402,111.747
par34,S,228,1,72,74,111.657,112.278
par34,S,229,1,77,61,112.531,113.299
par34,S,230,1,76,60,112.868,113.316
par34,S,231,1,79,69,111.966,113.433
par34,S,232,1,74,57,113.152,113.505
par34,S,233,1,72,79,113.431,114.47
par34,S,234,1,76,59,114.728,115.13
par34,S,235,1,77,64,114.427,115.177
par34,S,236,1,79,70,113.759,115.374
par34,S,237,1,74,55,115.017,115.395
par34,S,238,1,72,80,115.335,116.379
par34,S,239,1,76,64,116.55,116.99
par34,S,240,1,77,65,116.252,117.04
par34,S,241,1,79,64,115.653,117.141
par34,S,242,1,74,66,116.829,117.206
par34,S,243,1,79,77,117.447,119.055
par34,S,244,1,72,74,117.122,119.266
par34,S,245,1,76,66,119.272,119.967
par34,S,246,1,77,68,119.59,120.219
par34,S,247,1,79,69,119.893,120.521
par34,S,248,1,74,64,120.189,120.718
par34,S,249,1,72,64,120.487,121.803
par34,S,250,1,76,64,121.131,121.825
par34,S,251,1,77,62,121.386,121.921
par34,S,252,1,74,60,122.04,122.395
par34,S,253,1,79,60,121.714,123.087
par34,S,254,1,72,72,122.317,123.276
par34,S,255,1,76,65,122.98,123.595
par34,S,256,1,76,36,123.912,123.987
par34,S,257,1,77,60,123.286,124.003
par34,S,258,1,74,72,123.952,124.402
par34,S,259,1,79,71,123.559,124.46
par34,S,260,1,72,72,124.231,124.961
par34,S,261,1,76,72,124.839,125.423
par34,S,262,1,77,60,125.102,125.64
par34,S,263,1,79,67,125.373,125.945
par34,S,264,1,74,51,125.675,126.135
par34,S,265,1,72,68,126.004,127.723
par34,S,266,1,76,55,127.772,128.235
par34,S,267,1,74,67,128.095,128.521
par34,S,268,1,72,70,128.405,129.149
par34,S,269,1,77,62,128.698,129.383
par34,S,270,1,79,68,129.018,129.985
par34,S,271,1,76,60,129.647,130.03
par34,S,272,1,74,68,129.943,130.448
par34,S,273,1,72,63,130.25,130.694
par34,S,274,1,77,66,130.544,131.839
par34,S,275,1,79,73,130.83,131.881
par34,S,276,1,76,55,131.444,131.934
par34,S,277,1,74,66,131.75,132.135
par34,S,278,1,72,74,132.05,132.681
par34,S,279,1,76,55,133.312,133.739
par34,S,280,1,77,66,132.374,133.771
par34,S,281,1,79,70,132.67,133.805
par34,S,282,1,74,54,133.583,134.009
par34,S,283,1,72,78,133.896,134.556
par34,S,284,1,77,72,134.202,135.91
par34,S,285,1,79,72,134.509,135.93
par34,S,286,1,79,66,136.648,137.014
par34,S,287,1,77,65,136.342,137.144
par34,S,288,1,74,63,137.255,137.673
par34,S,289,1,76,58,136.922,137.679
par34,S,290,1,72,73,137.556,138.101
par34,S,291,1,79,61,138.427,139.112
par34,S,292,1,77,69,138.12,139.144
par34,S,293,1,76,64,138.74,139.385
par34,S,294,1,74,68,139.024,139.418
par34,S,295,1,72,78,139.327,140.069
par34,S,296,1,79,47,140.32,140.962
par34,S,297,1,77,69,139.974,141.189
par34,S,298,1,76,61,140.612,141.317
par34,S,299,1,74,66,140.868,142.542
par34,S,300,1,72,78,141.184,143.415
par34,S,301,1,74,66,143.612,143.954
par34,S,302,1,72,84,143.904,144.58
par34,S,303,1,76,69,144.175,144.831
par34,S,304,1,77,73,144.49,145.51
par34,S,305,1,76,66,145.393,145.575
par34,S,306,1,79,74,144.779,146.934
par34,S,307,1,74,71,145.511,148.29
par34,S,308,1,74,72,148.493,148.809
par34,S,309,1,72,76,148.797,149.482
par34,S,310,1,76,67,149.08,149.699
par34,S,311,1,77,66,149.409,150.382
par34,S,312,1,79,77,149.708,150.633
par34,S,313,1,74,67,150.297,150.652
par34,S,314,1,72,67,150.586,151.012
par34,S,315,1,76,63,151.048,151.298
par34,S,316,1,77,63,151.265,152.276
par34,S,317,1,79,70,151.562,152.316
par34,S,318,1,74,54,152.131,152.393
par34,S,319,1,72,65,152.348,152.612
par34,S,320,1,76,73,152.677,152.991
par34,S,321,1,77,72,152.971,154.302
par34,S,322,1,74,61,153.924,154.31
par34,S,323,1,79,68,153.298,154.397
par34,S,324,1,72,74,154.254,154.826
par34,S,325,1,76,66,154.582,154.881
par34,S,326,1,77,65,154.84,157.012
par34,S,327,1,79,70,155.166,157.681
par34,S,328,1,74,50,158.548,158.853
par34,S,329,1,72,58,158.218,159.224
par34,S,330,1,76,61,158.801,159.381
par34,S,331,1,77,52,159.129,160.147
par34,S,332,1,79,64,159.39,160.626
par34,S,333,1,74,66,160.364,160.935
par34,S,334,1,72,60,160.043,160.964
par34,S,335,1,76,65,160.66,161.55
par34,S,336,1,77,61,160.955,161.871
par34,S,337,1,79,58,161.293,161.978
par34,S,338,1,74,44,162.19,162.578
par34,S,339,1,72,77,161.842,162.8
par34,S,340,1,76,60,162.457,163.738
par34,S,341,1,77,62,162.772,163.747
par34,S,342,1,79,65,163.117,163.81
par34,S,343,1,74,57,163.998,164.413
par34,S,344,1,72,65,163.713,164.528
par34,S,345,1,76,62,164.287,164.932
par34,S,346,1,77,40,164.582,166.334
par34,S,347,1,79,71,164.861,166.418
par34,S,348,1,77,48,167.075,167.532
par34,S,349,1,79,61,166.775,167.817
par34,S,350,1,76,62,167.408,167.939
par34,S,351,1,74,60,167.69,168.105
par34,S,352,1,72,69,167.962,168.976
par34,S,353,1,77,57,168.855,169.599
par34,S,354,1,76,54,169.183,169.66
par34,S,355,1,79,62,168.591,169.82
par34,S,356,1,74,60,169.447,169.918
par34,S,357,1,72,72,169.807,171.106
par34,S,358,1,79,55,170.42,171.153
par34,S,359,1,77,58,170.695,171.356
par34,S,360,1,76,28,171.012,171.601
par34,S,361,1,74,68,171.342,171.74
par34,S,362,1,72,70,171.611,173.107
par34,S,363,1,79,71,172.222,173.162
par34,S,364,1,77,72,172.517,173.216
par34,S,365,1,76,64,172.778,173.45
par34,S,366,1,74,65,173.093,173.575
par34,S,367,1,72,63,173.412,175.261
par34,S,368,1,72,1,175.717,175.922
par34,S,369,1,74,79,175.316,175.956
par34,S,370,1,77,67,175.88,176.517
par34,S,371,1,76,56,175.578,176.559
par34,S,372,1,79,60,176.199,176.627
par34,S,373,1,74,58,177.104,177.639
par34,S,374,1,76,59,177.377,178.004
par34,S,375,1,72,80,176.505,178.11
par34,S,376,1,77,62,177.665,178.191
par34,S,377,1,79,61,177.968,178.497
par34,S,378,1,72,74,178.32,179.406
par34,S,379,1,74,61,178.955,179.474
par34,S,380,1,76,63,179.258,179.933
par34,S,381,1,77,49,179.573,180.167
par34,S,382,1,79,59,179.836,180.183
par34,S,383,1,72,74,180.113,180.844
par34,S,384,1,74,69,180.726,181.244
par34,S,385,1,76,53,181.028,181.669
par34,S,386,1,77,53,181.381,181.804
par34,S,387,1,79,66,181.646,183.388
par34,S,388,1,72,72,181.936,184.082
par34,S,389,1,74,43,184.09,184.23
par34,S,390,1,77,67,183.73,184.36
par34,S,391,1,76,37,184.072,184.751
par34,S,392,1,74,59,184.366,184.809
par34,S,393,1,72,76,184.672,185.609
par34,S,394,1,79,74,184.979,186.245
par34,S,395,1,77,74,185.575,186.364
par34,S,396,1,76,67,185.858,186.566
par34,S,397,1,74,60,186.156,186.569
par34,S,398,1,72,71,186.451,187.749
par34,S,399,1,77,63,187.402,188.138
par34,S,400,1,76,69,187.672,188.175
par34,S,401,1,79,66,186.782,188.224
par34,S,402,1,74,60,188.012,188.353
par34,S,403,1,72,72,188.26,189.586
par34,S,404,1,77,56,189.205,190.051
par34,S,405,1,79,66,188.613,190.075
par34,S,406,1,74,58,189.811,190.202
par34,S,407,1,76,62,189.495,190.223
par34,S,408,1,79,67,190.427,191.92
par34,S,409,1,72,64,190.092,192.617
par34,S,410,1,76,72,192.25,192.956
par34,S,411,1,77,68,192.564,193.218
par34,S,412,1,79,79,192.85,193.43
par34,S,413,1,74,66,193.14,193.636
par35,I,0,0,74,1,1.903,2.159
par35,I,1,0,76,33,3.019,3.305
par35,I,2,0,77,23,4.239,4.429
par35,I,3,0,74,14,5.432,5.666
par35,I,4,0,76,1,6.596,6.831
par35,I,5,0,77,8,7.55,7.802
par35,I,6,0,76,13,9.057,9.979
par35,I,7,0,74,1,9.833,10.247
par35,I,8,0,77,1,8.543,10.25
par35,I,9,0,72,27,10.917,11.181
par35,I,10,0,74,35,12.194,12.512
par35,I,11,0,77,33,13.428,13.703
par35,I,12,0,76,38,14.59,14.816
par35,I,13,0,72,18,15.744,16.073
par35,I,14,0,74,5,17.093,17.353
par35,I,15,0,76,28,18.287,18.539
par35,I,16,0,77,1,19.484,19.772
par35,I,17,0,79,32,20.691,20.992
par35,I,18,0,79,9,22.029,22.347
par35,I,19,0,77,5,23.172,23.476
par35,I,20,0,74,26,24.406,24.686
par35,I,21,0,79,24,25.562,25.883
par35,I,22,0,79,30,26.777,27.137
par35,I,23,0,74,9,27.998,28.316
par35,I,24,0,74,21,29.244,29.519
par35,I,25,0,79,18,30.365,30.745
par35,I,26,0,74,1,31.529,31.854
par35,I,27,0,79,25,32.762,33.091
par35,I,28,0,74,18,33.929,34.275
par35,I,29,0,77,30,35.341,35.607
par35,I,30,0,74,1,36.515,36.924
par35,I,31,0,72,33,37.835,38.148
par35,I,32,0,77,33,40.234,40.499
par35,I,33,0,72,26,42.701,42.961
par35,I,34,0,74,33,45.153,45.509
par35,I,35,0,76,1,47.581,47.838
par35,I,36,0,74,31,50.037,50.337
par35,I,37,0,76,29,50.617,50.838
par35,I,38,0,74,1,51.313,51.5
par35,I,39,0,74,25,52.466,52.777
par35,I,40,0,76,33,53.053,53.274
par35,I,41,0,74,25,54.836,55.063
par35,I,42,0,76,36,55.406,55.617
par35,I,43,0,79,17,56.017,56.301
par35,I,44,0,74,30,57.263,57.454
par35,I,45,0,76,21,57.846,58.088
par35,I,46,0,79,43,58.404,58.687
par35,I,47,0,74,5,59.81,60.845
par35,I,48,0,76,18,60.268,60.898
par35,I,49,0,77,21,60.755,61.119
par35,I,50,0,79,24,60.897,61.277
par35,I,51,0,74,18,62.234,63.448
par35,I,52,0,76,28,62.781,63.566
par35,I,53,0,79,35,63.295,63.592
par35,I,54,0,77,1,63.451,63.608
par35,I,55,0,74,22,64.702,64.873
par35,I,56,0,74,26,65.223,65.412
par35,I,57,0,79,28,65.847,66.166
par35,I,58,0,74,9,67.087,67.276
par35,I,59,0,74,8,68.175,68.381
par35,I,60,0,79,35,68.796,69.111
par35,I,61,0,74,1,70.221,70.479
par35,I,62,0,74,32,70.895,71.138
par35,I,63,0,76,35,71.506,72.301
par35,I,64,0,77,30,72.074,72.421
par35,I,65,0,74,17,73.035,73.738
par35,I,66,0,77,38,74.285,74.515
par35,I,67,0,76,27,73.522,74.628
par35,I,68,0,72,39,75.759,76.011
par35,I,69,0,76,13,77.859,78.138
par35,I,70,0,77,21,78.49,78.698
par35,I,71,0,72,40,79.603,79.789
par35,I,72,0,72,34,81.644,81.854
par35,I,73,0,74,34,82.244,83.022
par35,I,74,0,76,18,82.844,83.108
par35,I,75,0,79,31,84.093,84.326
par35,I,76,0,76,28,86.515,86.725
par35,I,77,0,74,23,87.107,87.351
par35,I,78,0,72,31,87.711,87.95
par35,I,79,0,76,28,89.036,89.251
par35,I,80,0,74,17,89.583,89.757
par35,I,81,0,72,31,90.146,90.394
par35,I,82,0,74,1,92.693,93.028
par35,I,83,0,72,19,91.431,93.041
par35,I,84,0,77,27,93.862,94.082
par35,I,85,0,72,27,95.241,95.555
par35,I,86,0,77,23,96.454,96.709
par35,I,87,0,72,19,97.639,97.866
par35,I,88,0,77,18,98.756,98.899
par35,I,89,0,72,4,98.585,98.926
par35,I,90,0,72,22,99.8,100.057
par35,I,91,0,77,17,100.583,100.79
par35,I,92,0,79,23,101.275,101.482
par35,I,93,0,74,27,102.642,102.809
par35,I,94,0,76,31,103.4,103.634
par35,I,95,0,77,23,104.264,104.476
par35,I,96,0,77,20,105.35,105.557
par35,I,97,0,76,7,105.964,106.14
par35,I,98,0,74,22,106.494,106.672
par35,I,99,0,72,38,108.094,108.31
par35,I,100,0,74,13,109.041,109.224
par35,I,101,0,77,20,109.694,109.913
par35,I,102,0,72,31,110.857,111.054
par35,I,103,0,74,21,111.518,111.701
par35,I,104,0,77,19,112.107,112.312
par35,I,105,0,72,22,113.076,113.314
par35,I,106,0,74,14,113.852,114.059
par35,I,107,0,76,16,114.527,114.738
par35,I,108,0,79,11,115.691,115.924
par35,I,109,0,77,2,116.979,117.213
par35,I,110,0,76,8,118.071,118.327
par35,I,111,0,72,22,118.989,119.249
par35,I,112,0,79,17,119.999,120.209
par35,I,113,0,77,14,120.672,120.919
par35,I,114,0,76,28,121.418,121.621
par35,I,115,0,74,30,121.979,122.124
par35,I,116,0,72,35,122.445,122.636
par35,I,117,0,72,27,123.506,123.755
par35,I,118,0,74,25,124.11,124.289
par35,I,119,0,76,31,124.605,124.812
par35,I,120,0,77,1,125.17,125.365
par35,I,121,0,79,27,125.852,126.082
par35,I,122,0,79,30,127.898,128.207
par35,I,123,0,74,10,129.049,129.256
par35,I,124,0,79,24,130.004,130.346
par35,I,125,0,74,1,131.36,131.56
par35,I,126,0,79,10,132.752,133.067
par35,I,127,0,74,9,133.8,133.999
par35,I,128,0,79,22,135.055,135.344
par35,I,129,0,74,26,135.952,136.132
par35,I,130,0,79,22,137.384,137.645
par35,I,131,0,74,8,138.423,138.636
par35,I,132,0,79,1,139.699,140.175
par35,I,133,0,74,21,140.998,141.175
par35,I,134,0,77,23,141.976,142.185
par35,I,135,0,76,11,143.115,143.343
par35,I,136,0,79,20,144.042,144.32
par35,I,137,0,74,30,145.002,145.216
par35,I,138,0,77,30,146.361,146.584
par35,I,139,0,76,18,147.457,147.695
par35,I,140,0,79,1,148.452,148.699
par35,I,141,0,74,34,149.459,149.691
par35,I,142,0,77,3,150.456,150.693
par35,I,143,0,76,1,151.52,151.748
par35,I,144,0,79,27,152.379,152.604
par35,I,145,0,74,7,153.373,153.595
par35,I,146,0,77,6,154.281,154.511
par35,I,147,0,76,24,155.283,155.472
par35,I,148,0,74,27,156.477,156.675
par35,I,149,0,72,27,157.773,158.019
par35,I,150,0,74,7,159.125,159.35
par35,I,151,0,72,1,160.005,160.267
par35,I,152,0,79,14,160.845,161.078
par35,I,153,0,74,19,161.73,161.931
par35,I,154,0,72,32,162.308,162.474
par35,I,155,0,79,34,162.791,163.042
par35,I,156,0,74,22,163.453,163.616
par35,I,157,0,72,17,163.918,164.133
par35,I,158,0,79,33,164.404,164.717
par35,I,159,0,77,26,165.112,165.28
par35,I,160,0,72,1,166.432,166.638
par35,I,161,0,74,32,167.065,167.266
par35,I,162,0,79,32,167.571,167.814
par35,I,163,0,77,20,168.667,168.804
par35,I,164,0,72,31,169.324,169.479
par35,I,165,0,74,35,169.779,169.938
par35,I,166,0,79,37,170.202,170.415
par35,I,167,0,77,27,170.83,170.985
par35,I,168,0,72,7,171.594,171.794
par35,I,169,0,74,31,172.107,172.221
par35,I,170,0,77,24,172.613,172.856
par35,I,171,0,72,26,173.334,173.506
par35,I,172,0,74,32,174.096,174.248
par35,I,173,0,79,42,174.639,174.811
par35,I,174,0,74,22,175.669,175.852
par35,I,175,0,76,40,177.001,177.204
par35,I,176,0,77,30,177.633,177.811
par35,I,177,0,72,18,179.609,179.882
par35,I,178,0,72,28,181.504,181.684
par35,I,179,0,74,24,181.999,182.157
par35,I,180,0,76,31,182.441,182.616
par35,I,181,0,77,14,182.917,183.169
par35,I,182,0,79,33,183.569,183.781
par35,I,183,0,72,29,184.738,184.923
par35,I,184,0,74,25,185.267,185.444
par35,I,185,0,76,29,185.759,185.903
par35,I,186,0,77,25,186.248,186.406
par35,I,187,0,79,16,186.549,186.912
par35,I,188,0,72,2,187.668,187.884
par35,I,189,0,74,1,188.218,188.442
par35,I,190,0,76,35,188.704,188.885
par35,I,191,0,77,43,189.147,189.284
par35,I,192,0,77,50,189.431,189.567
par35,I,193,0,72,18,190.611,190.779
par35,I,194,0,74,1,191.236,191.423
par35,I,195,0,76,1,192.119,192.218
par35,I,196,0,76,37,192.753,192.979
par35,I,197,0,77,25,193.416,193.634
par35,I,198,0,79,27,194.047,194.293
par35,I,0,1,72,41,2.472,2.726
par35,I,1,1,77,38,4.895,5.102
par35,I,2,1,72,15,7.466,7.682
par35,I,3,1,77,7,9.75,9.961
par35,I,4,1,74,28,12.19,12.397
par35,I,5,1,76,11,14.606,14.857
par35,I,6,1,74,23,16.993,17.218
par35,I,7,1,76,1,19.486,19.732
par35,I,8,1,77,1,21.965,22.207
par35,I,9,1,74,1,24.697,25.032
par35,I,10,1,77,22,26.724,27.017
par35,I,11,1,74,1,29.367,29.611
par35,I,12,1,77,13,31.658,31.902
par35,I,13,1,74,23,34.123,34.306
par35,I,14,1,72,23,34.701,34.891
par35,I,15,1,77,1,36.542,36.784
par35,I,16,1,74,18,38.851,39.037
par35,I,17,1,72,27,39.523,39.734
par35,I,18,1,77,27,43.824,44.017
par35,I,19,1,79,9,44.415,44.72
par35,I,20,1,74,25,44.987,45.144
par35,I,21,1,72,26,45.542,45.734
par35,I,22,1,77,30,47.416,47.658
par35,I,23,1,79,23,47.962,48.246
par35,I,24,1,74,12,48.915,49.125
par35,I,25,1,72,35,49.47,49.659
par35,I,26,1,77,19,52.343,52.583
par35,I,27,1,79,34,52.868,53.158
par35,I,28,1,74,7,53.718,53.905
par35,I,29,1,72,23,54.574,54.719
par35,I,30,1,77,5,57.152,57.393
par35,I,31,1,79,6,57.723,57.983
par35,I,32,1,74,19,58.629,58.838
par35,I,33,1,72,16,59.207,59.411
par35,I,34,1,77,23,62.255,62.462
par35,I,35,1,79,20,62.791,63.029
par35,I,36,1,74,26,63.367,63.567
par35,I,37,1,72,22,63.96,64.134
par35,I,38,1,77,12,66.975,67.2
par35,I,39,1,79,22,67.496,67.744
par35,I,40,1,74,12,68.091,68.306
par35,I,41,1,72,1,68.763,69.046
par35,I,42,1,72,23,69.392,69.602
par35,I,43,1,79,1,72.176,72.449
par35,I,44,1,79,45,74.252,74.49
par35,I,45,1,72,37,76.782,77.01
par35,I,46,1,79,24,79.165,79.492
par35,I,47,1,72,35,79.802,80.009
par35,I,48,1,74,22,80.36,80.536
par35,I,49,1,79,32,80.869,81.095
par35,I,50,1,72,26,81.446,81.652
par35,I,51,1,74,20,81.998,82.159
par35,I,52,1,79,9,82.462,82.813
par35,I,53,1,72,25,83.118,83.325
par35,I,54,1,74,7,83.719,83.869
par35,I,55,1,79,1,86.434,86.756
par35,I,56,1,79,17,88.926,89.213
par35,I,57,1,79,20,91.375,91.716
par35,I,58,1,72,33,91.991,92.197
par35,I,59,1,74,24,92.606,92.818
par35,I,60,1,76,4,93.308,93.525
par35,I,61,1,79,21,93.822,94.087
par35,I,62,1,72,20,94.386,94.602
par35,I,63,1,74,15,94.973,95.208
par35,I,64,1,76,28,95.561,95.763
par35,I,65,1,79,25,96.136,96.367
par35,I,66,1,72,25,98.798,99.02
par35,I,67,1,79,25,101.134,101.379
par35,I,68,1,72,3,103.604,103.819
par35,I,69,1,79,32,106.152,106.447
par35,I,70,1,72,39,108.456,108.677
par35,I,71,1,79,33,110.913,111.145
par35,I,72,1,72,16,113.359,113.569
par35,I,73,1,74,24,113.922,114.14
par35,I,74,1,79,28,114.457,114.683
par35,I,75,1,72,17,116.958,117.175
par35,I,76,1,74,12,119.423,119.606
par35,I,77,1,79,39,120.052,120.269
par35,I,78,1,72,1,122.004,122.138
par35,I,79,1,72,21,123.077,123.313
par35,I,80,1,79,23,125.482,125.738
par35,I,81,1,72,34,127.927,128.174
par35,I,82,1,74,24,130.371,130.556
par35,I,83,1,79,24,132.809,133.102
par35,I,84,1,72,20,133.398,133.618
par35,I,85,1,74,29,133.967,134.162
par35,I,86,1,79,37,134.474,134.684
par35,I,87,1,72,25,134.988,135.21
par35,I,88,1,74,24,135.553,135.708
par35,I,89,1,79,24,136.019,136.231
par35,I,90,1,72,25,137.681,137.876
par35,I,91,1,76,41,140.192,140.379
par35,I,92,1,76,46,142.652,142.873
par35,I,93,1,77,24,143.211,143.403
par35,I,94,1,74,42,143.797,143.944
par35,I,95,1,76,25,146.221,146.41
par35,I,96,1,76,46,148.78,148.982
par35,I,97,1,77,35,149.313,149.516
par35,I,98,1,74,35,149.866,150.033
par35,I,99,1,77,42,150.47,150.627
par35,I,100,1,76,33,151.055,151.255
par35,I,101,1,76,38,153.641,153.833
par35,I,102,1,76,28,156.035,156.216
par35,I,103,1,77,37,156.5,156.739
par35,I,104,1,74,22,157.052,157.255
par35,I,105,1,76,43,157.598,157.8
par35,I,106,1,77,30,158.128,158.33
par35,I,107,1,76,28,158.632,158.896
par35,I,108,1,77,18,159.492,159.692
par35,I,109,1,76,42,160.023,160.26
par35,I,110,1,77,20,160.555,160.807
par35,I,111,1,77,37,161.079,161.341
par35,I,112,1,74,32,161.776,161.938
par35,I,113,1,71,1,162.493,162.697
par35,I,114,1,72,1,162.497,162.714
par35,I,115,1,77,23,166.989,167.157
par35,I,116,1,76,38,169.396,169.59
par35,I,117,1,77,31,171.925,172.101
par35,I,118,1,76,34,172.46,172.672
par35,I,119,1,77,17,172.982,173.234
par35,I,120,1,76,9,173.603,173.852
par35,I,121,1,77,28,174.12,174.404
par35,I,122,1,76,31,174.662,174.86
par35,I,123,1,74,9,175.136,175.315
par35,I,124,1,72,38,175.644,175.853
par35,I,125,1,77,20,177.961,178.174
par35,I,126,1,77,25,180.397,180.619
par35,I,127,1,76,22,180.958,181.219
par35,I,128,1,77,28,181.533,181.767
par35,I,129,1,76,30,182.111,182.333
par35,I,130,1,77,37,182.6,182.876
par35,I,131,1,76,24,183.173,183.354
par35,I,132,1,72,30,183.757,183.966
par35,I,133,1,77,36,186.523,186.658
par35,I,134,1,74,20,188.914,189.113
par35,I,135,1,77,21,191.235,191.44
par35,I,136,1,74,26,191.977,192.16
par35,I,137,1,77,20,192.506,192.726
par35,I,138,1,74,21,193.031,193.203
par35,I,139,1,77,16,193.502,193.749
par35,I,140,1,74,18,194.002,194.146
par35,I,141,1,72,16,194.525,194.758
par36,S,0,0,72,52,1.294,1.489
par36,S,1,0,74,56,1.779,2.021
par36,S,2,0,76,50,2.177,2.393
par36,S,3,0,77,50,2.573,2.764
par36,S,4,0,79,64,2.955,3.192
par36,S,5,0,72,56,3.558,3.781
par36,S,6,0,74,50,3.914,4.178
par36,S,7,0,76,48,4.202,4.484
par36,S,8,0,77,57,4.523,4.782
par36,S,9,0,79,49,4.861,5.092
par36,S,10,0,72,45,5.415,5.732
par36,S,11,0,74,57,5.769,6.068
par36,S,12,0,76,51,6.078,6.385
par36,S,13,0,77,56,6.42,6.726
par36,S,14,0,79,62,6.744,6.952
par36,S,15,0,72,49,7.365,7.707
par36,S,16,0,74,62,7.695,7.986
par36,S,17,0,76,57,7.98,8.349
par36,S,18,0,77,66,8.315,8.612
par36,S,19,0,79,60,8.655,8.826
par36,S,20,0,79,55,9.912,10.539
par36,S,21,0,77,51,10.705,11.366
par36,S,22,0,76,43,11.216,11.439
par36,S,23,0,74,58,11.627,11.924
par36,S,24,0,72,53,12.059,12.268
par36,S,25,0,79,55,12.696,12.896
par36,S,26,0,77,45,13.131,13.688
par36,S,27,0,76,43,13.62,13.875
par36,S,28,0,74,38,14.057,14.42
par36,S,29,0,72,60,14.381,14.504
par36,S,30,0,79,55,14.921,15.358
par36,S,31,0,77,23,15.417,15.724
par36,S,32,0,76,7,16.0,16.571
par36,S,33,0,74,70,16.535,16.88
par36,S,34,0,72,52,16.926,17.138
par36,S,35,0,79,55,17.785,18.157
par36,S,36,0,77,49,18.361,18.574
par36,S,37,0,76,57,18.802,18.967
par36,S,38,0,74,48,19.257,19.441
par36,S,39,0,72,82,19.621,19.772
par36,S,40,0,74,67,21.984,22.181
par36,S,41,0,76,58,22.417,22.708
par36,S,42,0,77,59,22.849,23.059
par36,S,43,0,79,36,23.3,23.608
par36,S,44,0,72,71,24.563,24.716
par36,S,45,0,74,63,25.221,25.411
par36,S,46,0,76,55,25.592,25.818
par36,S,47,0,77,61,26.099,26.265
par36,S,48,0,79,47,26.458,26.692
par36,S,49,0,72,70,27.021,27.183
par36,S,50,0,74,66,27.974,28.186
par36,S,51,0,76,49,28.293,28.5
par36,S,52,0,77,51,28.671,28.851
par36,S,53,0,79,33,28.958,29.248
par36,S,54,0,72,69,29.556,29.73
par36,S,55,0,74,63,30.233,30.486
par36,S,56,0,76,53,30.603,30.836
par36,S,57,0,77,47,30.975,31.175
par36,S,58,0,79,26,31.268,31.589
par36,S,59,0,72,64,31.873,32.043
par36,S,60,0,79,9,36.806,37.041
par36,S,61,0,79,73,37.934,38.143
par36,S,62,0,77,64,38.362,38.582
par36,S,63,0,76,65,38.785,38.996
par36,S,64,0,77,60,41.865,42.072
par36,S,65,0,76,66,42.328,42.598
par36,S,66,0,74,66,42.75,42.954
par36,S,67,0,72,62,43.173,43.398
par36,S,68,0,79,35,43.698,43.921
par36,S,69,0,77,71,44.729,44.927
par36,S,70,0,76,57,45.196,45.432
par36,S,71,0,74,68,45.596,45.889
par36,S,72,0,72,55,46.005,46.241
par36,S,73,0,79,43,46.479,46.79
par36,S,74,0,77,69,47.442,47.635
par36,S,75,0,76,61,47.846,48.138
par36,S,76,0,74,59,48.302,48.527
par36,S,77,0,72,55,48.705,48.97
par36,S,78,0,79,66,49.134,49.324
par36,S,79,0,77,58,50.009,50.338
par36,S,80,0,76,55,50.421,50.629
par36,S,81,0,74,65,50.825,51.196
par36,S,82,0,72,50,51.206,51.486
par36,S,83,0,79,76,51.656,51.818
par36,S,84,0,77,60,54.201,54.526
par36,S,85,0,76,43,54.613,55.106
par36,S,86,0,74,54,55.013,55.411
par36,S,87,0,72,65,55.358,55.553
par36,S,88,0,79,55,55.785,56.072
par36,S,89,0,72,23,55.949,56.091
par36,S,90,0,77,72,56.949,57.391
par36,S,91,0,76,54,57.362,57.639
par36,S,92,0,74,60,57.73,58.118
par36,S,93,0,72,67,58.07,58.287
par36,S,94,0,79,64,58.549,58.77
par36,S,95,0,76,72,63.444,63.658
par36,S,96,0,77,70,63.873,64.043
par36,S,97,0,79,1,64.21,64.46
par36,S,98,0,79,73,64.866,65.11
par36,S,99,0,74,82,65.942,66.138
par36,S,100,0,72,71,66.307,66.488
par36,S,101,0,76,71,67.059,67.249
par36,S,102,0,77,73,67.429,67.61
par36,S,103,0,79,71,67.759,67.98
par36,S,104,0,74,75,68.725,68.95
par36,S,105,0,72,70,69.027,69.188
par36,S,106,0,76,74,71.163,71.369
par36,S,107,0,77,70,71.584,71.785
par36,S,108,0,79,53,72.028,72.326
par36,S,109,0,74,61,72.741,73.048
par36,S,110,0,72,76,73.032,73.163
par36,S,111,0,76,76,74.8,75.137
par36,S,112,0,77,63,75.135,75.358
par36,S,113,0,79,63,75.433,75.943
par36,S,114,0,74,55,76.091,76.424
par36,S,115,0,72,78,76.384,76.511
par36,S,116,0,77,61,78.001,78.285
par36,S,117,0,76,41,77.579,78.335
par36,S,118,0,79,61,78.299,78.873
par36,S,119,0,74,49,78.848,79.141
par36,S,120,0,72,77,79.118,79.285
par36,S,121,0,74,43,82.662,82.728
par36,S,122,0,76,41,82.579,83.141
par36,S,123,0,76,77,83.639,84.179
par36,S,124,0,74,65,84.031,84.22
par36,S,125,0,72,65,84.451,84.633
par36,S,126,0,77,63,85.322,85.483
par36,S,127,0,79,63,85.752,85.92
par36,S,128,0,76,76,86.763,86.973
par36,S,129,0,74,74,87.099,87.333
par36,S,130,0,72,64,87.468,87.652
par36,S,131,0,77,76,88.067,88.233
par36,S,132,0,79,58,88.378,88.579
par36,S,133,0,76,76,89.502,89.985
par36,S,134,0,74,59,89.97,90.301
par36,S,135,0,72,60,90.375,90.594
par36,S,136,0,77,72,91.008,91.163
par36,S,137,0,79,62,91.354,91.604
par36,S,138,0,76,72,92.706,93.059
par36,S,139,0,74,72,93.063,93.303
par36,S,140,0,72,62,93.408,93.652
par36,S,141,0,77,66,94.159,94.35
par36,S,142,0,79,77,94.468,94.69
par36,S,143,0,76,72,95.946,96.186
par36,S,144,0,74,74,96.292,96.5
par36,S,145,0,72,64,96.683,96.945
par36,S,146,0,77,73,97.307,97.512
par36,S,147,0,79,64,97.605,97.832
par36,S,148,0,77,76,100.764,100.964
par36,S,149,0,79,77,101.166,101.422
par36,S,150,0,76,70,101.693,101.914
par36,S,151,0,74,76,102.043,102.231
par36,S,152,0,72,72,102.431,102.627
par36,S,153,0,77,69,103.152,103.332
par36,S,154,0,79,71,103.451,103.671
par36,S,155,0,76,65,103.96,104.166
par36,S,156,0,74,70,104.276,104.43
par36,S,157,0,72,67,104.607,104.816
par36,S,158,0,77,67,107.747,107.97
par36,S,159,0,79,77,108.159,108.374
par36,S,160,0,76,76,108.686,108.934
par36,S,161,0,74,60,109.055,109.389
par36,S,162,0,72,82,109.356,109.487
par36,S,163,0,77,72,112.469,112.649
par36,S,164,0,79,67,112.765,112.957
par36,S,165,0,76,71,113.226,113.428
par36,S,166,0,74,76,113.533,113.68
par36,S,167,0,74,69,113.903,114.119
par36,S,168,0,72,67,113.901,114.354
par36,S,169,0,76,69,116.526,116.796
par36,S,170,0,77,49,116.881,117.033
par36,S,171,0,79,68,117.176,117.411
par36,S,172,0,74,77,117.806,118.06
par36,S,173,0,72,75,118.076,118.197
par36,S,174,0,74,70,120.136,120.397
par36,S,175,0,72,67,120.484,120.703
par36,S,176,0,76,70,121.031,121.249
par36,S,177,0,77,70,121.418,121.585
par36,S,178,0,79,66,121.81,122.024
par36,S,179,0,74,60,123.284,123.542
par36,S,180,0,72,81,123.514,123.682
par36,S,181,0,76,65,124.492,124.969
par36,S,182,0,77,67,124.841,125.038
par36,S,183,0,79,65,125.118,125.33
par36,S,184,0,74,74,126.7,126.965
par36,S,185,0,72,73,126.98,127.161
par36,S,186,0,76,77,127.939,128.253
par36,S,187,0,77,59,128.258,128.593
par36,S,188,0,79,70,128.553,128.814
par36,S,189,0,74,71,129.732,130.132
par36,S,190,0,72,72,130.099,130.248
par36,S,191,0,76,65,131.219,131.571
par36,S,192,0,77,65,131.546,131.727
par36,S,193,0,79,56,131.836,132.08
par36,S,194,0,74,67,133.178,133.546
par36,S,195,0,72,74,133.521,133.673
par36,S,196,0,74,67,136.023,136.363
par36,S,197,0,72,72,136.325,136.509
par36,S,198,0,76,77,137.342,137.623
par36,S,199,0,77,74,137.588,137.835
par36,S,200,0,79,67,137.871,138.091
par36,S,201,0,72,58,141.066,141.286
par36,S,202,0,74,61,141.523,141.811
par36,S,203,0,76,53,141.867,142.091
par36,S,204,0,77,58,142.233,142.461
par36,S,205,0,79,68,142.593,142.802
par36,S,206,0,72,60,143.591,143.862
par36,S,207,0,74,60,144.01,144.231
par36,S,208,0,76,62,144.404,144.599
par36,S,209,0,77,66,144.863,145.066
par36,S,210,0,79,38,145.291,145.551
par36,S,211,0,72,72,146.353,146.532
par36,S,212,0,74,54,146.769,146.995
par36,S,213,0,76,55,147.107,147.341
par36,S,214,0,77,62,147.542,147.756
par36,S,215,0,79,71,147.886,148.083
par36,S,216,0,72,53,148.641,148.889
par36,S,217,0,74,55,149.047,149.378
par36,S,218,0,76,60,149.388,149.716
par36,S,219,0,77,53,149.748,150.078
par36,S,220,0,79,59,150.12,150.33
par36,S,221,0,72,58,151.476,151.761
par36,S,222,0,74,60,151.837,152.204
par36,S,223,0,76,62,152.176,152.612
par36,S,224,0,77,62,152.541,152.777
par36,S,225,0,79,56,152.903,153.084
par36,S,226,0,79,62,154.811,155.399
par36,S,227,0,77,66,155.288,155.622
par36,S,228,0,76,66,155.617,155.913
par36,S,229,0,74,51,156.056,156.543
par36,S,230,0,72,63,156.407,156.554
par36,S,231,0,79,41,157.223,157.663
par36,S,232,0,77,56,157.556,157.823
par36,S,233,0,76,64,157.895,158.239
par36,S,234,0,74,60,158.297,158.699
par36,S,235,0,72,69,158.631,158.795
par36,S,236,0,79,58,159.249,159.751
par36,S,237,0,77,69,159.638,160.071
par36,S,238,0,76,71,159.964,160.424
par36,S,239,0,74,56,160.36,160.824
par36,S,240,0,72,70,160.69,160.843
par36,S,241,0,79,58,161.485,162.022
par36,S,242,0,77,62,161.888,162.296
par36,S,243,0,76,38,162.322,162.799
par36,S,244,0,74,60,162.748,163.205
par36,S,245,0,72,61,163.161,163.336
par36,S,246,0,74,65,165.546,166.14
par36,S,247,0,76,55,166.0,166.692
par36,S,248,0,77,60,166.665,167.316
par36,S,249,0,79,56,167.157,167.689
par36,S,250,0,72,57,167.684,167.857
par36,S,251,0,74,55,168.543,169.416
par36,S,252,0,76,54,168.985,169.664
par36,S,253,0,77,52,169.334,169.821
par36,S,254,0,79,66,169.725,170.057
par36,S,255,0,72,52,170.306,170.511
par36,S,256,0,74,58,171.347,172.075
par36,S,257,0,76,47,171.766,172.193
par36,S,258,0,77,55,172.1,172.362
par36,S,259,0,74,35,172.393,172.52
par36,S,260,0,79,61,172.454,173.242
par36,S,261,0,72,40,173.142,173.328
par36,S,262,0,74,63,174.096,174.644
par36,S,263,0,76,62,174.474,174.864
par36,S,264,0,77,61,174.784,175.063
par36,S,265,0,79,65,175.084,175.712
par36,S,266,0,72,64,175.606,175.745
par36,S,267,0,76,63,178.406,178.755
par36,S,268,0,74,48,178.049,178.798
par36,S,269,0,77,59,178.683,179.046
par36,S,270,0,79,69,178.977,179.659
par36,S,271,0,72,65,179.598,179.731
par36,S,272,0,77,67,182.497,183.075
par36,S,273,0,76,64,182.903,183.279
par36,S,274,0,74,59,183.272,183.728
par36,S,275,0,72,70,183.628,183.94
par36,S,276,0,72,24,184.188,184.324
par36,S,277,0,79,51,184.082,184.339
par36,S,278,0,77,64,185.424,185.875
par36,S,279,0,76,64,185.759,186.2
par36,S,280,0,74,57,186.13,186.585
par36,S,281,0,72,73,186.489,186.711
par36,S,282,0,79,56,186.961,187.231
par36,S,283,0,77,58,188.136,188.575
par36,S,284,0,76,61,188.499,188.873
par36,S,285,0,74,70,188.813,189.247
par36,S,286,0,72,71,189.2,189.753
par36,S,287,0,79,70,189.678,189.818
par36,S,288,0,77,63,190.737,191.232
par36,S,289,0,76,52,191.142,191.521
par36,S,290,0,74,70,191.483,191.961
par36,S,291,0,72,66,191.924,192.355
par36,S,292,0,79,67,192.416,192.566
par36,S,293,0,77,63,193.577,194.567
par36,S,0,1,72,56,1.018,1.336
par36,S,1,1,74,48,1.515,1.917
par36,S,2,1,76,63,1.884,2.158
par36,S,3,1,77,53,2.239,2.964
par36,S,4,1,79,56,2.988,3.237
par36,S,5,1,74,33,4.664,5.047
par36,S,6,1,76,61,4.992,5.445
par36,S,7,1,77,67,5.36,5.776
par36,S,8,1,79,73,5.713,5.977
par36,S,9,1,72,23,7.363,7.757
par36,S,10,1,74,70,7.733,8.17
par36,S,11,1,76,61,8.07,8.521
par36,S,12,1,77,68,8.418,8.858
par36,S,13,1,79,62,8.793,9.002
par36,S,14,1,72,54,9.9,10.435
par36,S,15,1,74,66,10.366,10.938
par36,S,16,1,76,61,10.853,11.389
par36,S,17,1,77,61,11.266,11.743
par36,S,18,1,79,54,11.683,11.898
par36,S,19,1,72,65,13.907,14.137
par36,S,20,1,74,58,14.28,14.658
par36,S,21,1,76,63,14.594,14.991
par36,S,22,1,77,61,14.938,15.254
par36,S,23,1,79,59,15.278,15.462
par36,S,24,1,79,49,17.95,18.992
par36,S,25,1,77,53,18.502,19.084
par36,S,26,1,76,63,18.9,19.323
par36,S,27,1,74,61,19.343,19.694
par36,S,28,1,72,70,19.654,19.831
par36,S,29,1,79,50,20.319,20.813
par36,S,30,1,77,73,20.688,21.125
par36,S,31,1,76,74,21.037,21.427
par36,S,32,1,74,64,21.407,21.783
par36,S,33,1,72,73,21.711,21.873
par36,S,34,1,79,52,22.263,22.814
par36,S,35,1,77,69,22.693,23.148
par36,S,36,1,76,54,23.091,23.466
par36,S,37,1,74,65,23.433,23.847
par36,S,38,1,72,68,23.826,24.054
par36,S,39,1,79,60,24.434,24.985
par36,S,40,1,77,72,24.837,25.305
par36,S,41,1,76,69,25.194,25.543
par36,S,42,1,74,62,25.563,25.951
par36,S,43,1,72,71,25.885,26.035
par36,S,44,1,79,66,26.522,27.063
par36,S,45,1,77,64,26.931,27.373
par36,S,46,1,76,51,27.325,27.724
par36,S,47,1,74,64,27.688,28.094
par36,S,48,1,72,73,28.077,28.252
par36,S,49,1,74,72,31.577,32.123
par36,S,50,1,76,56,31.905,32.52
par36,S,51,1,77,64,32.288,32.775
par36,S,52,1,79,69,32.695,34.875
par36,S,53,1,72,59,34.837,34.987
par36,S,54,1,74,60,35.558,36.031
par36,S,55,1,76,63,35.885,36.478
par36,S,56,1,77,62,36.271,36.732
par36,S,57,1,79,70,36.655,37.403
par36,S,58,1,72,65,37.323,37.53
par36,S,59,1,74,49,38.305,39.122
par36,S,60,1,76,64,38.636,39.222
par36,S,61,1,77,57,38.989,39.375
par36,S,62,1,79,66,39.27,40.142
par36,S,63,1,72,39,40.008,40.189
par36,S,64,1,74,55,40.83,41.35
par36,S,65,1,76,63,41.202,41.858
par36,S,66,1,77,56,41.608,42.028
par36,S,67,1,79,63,41.917,42.689
par36,S,68,1,72,60,42.622,42.824
par36,S,69,1,76,56,45.009,45.525
par36,S,70,1,77,61,45.378,45.755
par36,S,71,1,74,39,44.661,45.773
par36,S,72,1,79,67,45.686,46.384
par36,S,73,1,72,58,46.328,46.535
par36,S,74,1,77,51,51.281,51.772
par36,S,75,1,76,58,51.618,52.088
par36,S,76,1,74,64,52.037,52.39
par36,S,77,1,72,73,52.339,52.738
par36,S,78,1,79,60,52.731,52.926
par36,S,79,1,72,19,52.908,52.989
par36,S,80,1,77,66,53.577,54.06
par36,S,81,1,76,64,53.846,54.496
par36,S,82,1,74,56,54.4,54.771
par36,S,83,1,72,72,54.713,55.099
par36,S,84,1,79,51,55.176,55.386
par36,S,85,1,72,51,55.303,55.45
par36,S,86,1,77,41,56.532,57.135
par36,S,87,1,76,70,56.918,57.327
par36,S,88,1,74,63,57.298,57.711
par36,S,89,1,72,71,57.635,57.828
par36,S,90,1,79,51,58.081,58.286
par36,S,91,1,77,61,58.722,59.282
par36,S,92,1,76,65,59.101,59.442
par36,S,93,1,74,63,59.447,59.83
par36,S,94,1,72,69,59.78,59.984
par36,S,95,1,79,57,60.223,60.448
par36,S,96,1,77,58,60.87,61.352
par36,S,97,1,76,54,61.251,61.551
par36,S,98,1,74,68,61.553,61.873
par36,S,99,1,72,62,61.922,62.206
par36,S,100,1,77,49,62.423,62.645
par36,S,101,1,79,49,62.415,63.056
par36,S,102,1,76,45,64.368,64.592
par36,S,103,1,77,59,63.881,64.809
par36,S,104,1,74,36,64.645,65.26
par36,S,105,1,72,53,65.112,65.459
par36,S,106,1,79,54,65.732,66.011
par36,S,107,1,76,50,70.204,70.722
par36,S,108,1,77,67,70.566,70.973
par36,S,109,1,79,73,70.903,71.483
par36,S,110,1,74,49,71.435,71.831
par36,S,111,1,72,68,71.764,71.976
par36,S,112,1,76,49,72.943,73.547
par36,S,113,1,77,70,73.277,73.574
par36,S,114,1,79,75,73.546,74.085
par36,S,115,1,74,58,74.035,74.408
par36,S,116,1,72,79,74.364,74.504
par36,S,117,1,77,61,75.617,75.897
par36,S,118,1,76,36,75.23,75.915
par36,S,119,1,79,73,75.871,76.473
par36,S,120,1,74,52,76.465,76.758
par36,S,121,1,72,78,76.732,76.866
par36,S,122,1,77,58,78.328,78.666
par36,S,123,1,76,53,77.933,78.716
par36,S,124,1,79,65,78.644,78.984
par36,S,125,1,74,49,79.214,79.558
par36,S,126,1,72,69,79.502,79.662
par36,S,127,1,76,70,81.56,81.989
par36,S,128,1,74,69,81.909,82.416
par36,S,129,1,72,63,82.335,82.988
par36,S,130,1,77,63,83.015,83.231
par36,S,131,1,79,65,83.306,83.579
par36,S,132,1,74,56,84.64,85.111
par36,S,133,1,76,62,84.282,85.169
par36,S,134,1,72,66,85.078,85.885
par36,S,135,1,77,50,85.749,85.966
par36,S,136,1,79,64,86.216,86.417
par36,S,137,1,76,64,87.546,87.953
par36,S,138,1,74,66,87.847,88.227
par36,S,139,1,72,71,88.23,88.803
par36,S,140,1,77,69,88.944,89.306
par36,S,141,1,79,69,89.235,89.45
par36,S,142,1,74,69,90.387,90.813
par36,S,143,1,76,42,90.109,90.822
par36,S,144,1,72,63,90.762,91.407
par36,S,145,1,77,65,91.282,91.516
par36,S,146,1,79,70,91.564,91.746
par36,S,147,1,77,65,94.856,95.335
par36,S,148,1,79,61,95.24,96.101
par36,S,149,1,76,31,96.433,96.803
par36,S,150,1,74,68,96.742,97.202
par36,S,151,1,72,74,97.192,97.646
par36,S,152,1,77,57,98.505,99.107
par36,S,153,1,79,62,98.974,99.714
par36,S,154,1,76,55,99.686,100.039
par36,S,155,1,74,59,99.973,100.387
par36,S,156,1,72,74,100.376,100.713
par36,S,157,1,77,59,101.562,102.18
par36,S,158,1,79,50,102.067,102.87
par36,S,159,1,76,30,102.811,103.169
par36,S,160,1,74,63,103.11,103.618
par36,S,161,1,72,68,103.568,103.769
par36,S,162,1,77,45,105.181,105.6
par36,S,163,1,79,69,105.518,105.976
par36,S,164,1,76,57,105.975,106.361
par36,S,165,1,74,62,106.3,106.747
par36,S,166,1,72,69,106.708,106.919
par36,S,167,1,77,58,108.796,109.103
par36,S,168,1,79,73,109.06,109.405
par36,S,169,1,76,57,109.524,109.836
par36,S,170,1,74,72,109.786,110.181
par36,S,171,1,72,68,110.168,110.352
par36,S,172,1,74,68,112.615,113.049
par36,S,173,1,72,70,112.957,113.193
par36,S,174,1,74,39,114.26,114.701
par36,S,175,1,72,66,114.561,114.766
par36,S,176,1,76,59,115.12,115.573
par36,S,177,1,77,70,115.467,115.815
par36,S,178,1,79,77,115.776,115.957
par36,S,179,1,74,68,117.217,117.539
par36,S,180,1,72,77,117.468,117.669
par36,S,181,1,76,63,118.222,118.601
par36,S,182,1,77,73,118.496,118.833
par36,S,183,1,79,62,118.788,119.04
par36,S,184,1,74,67,119.858,120.251
par36,S,185,1,72,78,120.184,120.406
par36,S,186,1,76,54,120.719,121.161
par36,S,187,1,77,62,121.058,121.456
par36,S,188,1,79,61,121.402,121.622
par36,S,189,1,74,66,122.851,123.217
par36,S,190,1,72,78,123.169,123.366
par36,S,191,1,76,54,124.006,124.499
par36,S,192,1,77,63,124.32,124.853
par36,S,193,1,79,69,124.649,124.932
par36,S,194,1,74,56,126.191,126.541
par36,S,195,1,72,76,126.475,126.689
par36,S,196,1,76,55,126.952,127.424
par36,S,197,1,77,63,127.301,127.771
par36,S,198,1,79,54,127.664,127.868
par36,S,199,1,72,36,129.342,130.099
par36,S,200,1,74,62,129.96,130.796
par36,S,201,1,76,58,130.555,131.241
par36,S,202,1,77,60,131.038,131.662
par36,S,203,1,79,66,131.518,131.786
par36,S,204,1,72,52,133.35,133.981
par36,S,205,1,74,60,133.935,134.535
par36,S,206,1,76,58,134.438,135.374
par36,S,207,1,77,53,134.85,135.554
par36,S,208,1,79,52,135.3,135.592
par36,S,209,1,72,52,136.593,137.16
par36,S,210,1,74,60,137.087,137.657
par36,S,211,1,76,51,137.511,137.979
par36,S,212,1,77,62,137.876,138.442
par36,S,213,1,79,51,138.264,138.605
par36,S,214,1,72,34,139.989,140.562
par36,S,215,1,74,49,140.504,141.156
par36,S,216,1,76,50,140.97,141.464
par36,S,217,1,77,59,141.345,141.891
par36,S,218,1,79,49,141.747,142.269
par36,S,219,1,72,46,143.195,143.961
par36,S,220,1,74,52,143.877,144.314
par36,S,221,1,76,54,144.265,144.82
par36,S,222,1,77,59,144.682,145.286
par36,S,223,1,79,48,145.085,145.372
par36,S,224,1,79,45,146.949,147.769
par36,S,225,1,77,65,147.342,147.835
par36,S,226,1,76,64,147.69,148.121
par36,S,227,1,74,63,148.105,148.552
par36,S,228,1,72,67,148.462,148.735
par36,S,229,1,79,62,149.141,149.625
par36,S,230,1,77,66,149.481,149.914
par36,S,231,1,76,69,149.806,150.175
par36,S,232,1,72,61,150.518,150.669
par36,S,233,1,74,62,150.195,150.685
par36,S,234,1,79,56,151.072,151.524
par36,S,235,1,77,62,151.417,151.904
par36,S,236,1,76,52,151.84,152.152
par36,S,237,1,74,65,152.137,152.57
par36,S,238,1,72,57,152.547,152.73
par36,S,239,1,79,43,153.07,153.533
par36,S,240,1,77,45,153.433,153.916
par36,S,241,1,76,46,153.846,154.3
par36,S,242,1,74,58,154.218,154.685
par36,S,243,1,72,70,154.66,154.871
par36,S,244,1,79,51,155.202,155.61
par36,S,245,1,77,58,155.505,156.019
par36,S,246,1,76,55,155.927,156.311
par36,S,247,1,74,59,156.259,156.689
par36,S,248,1,72,74,156.671,156.86
par36,S,249,1,74,57,158.413,159.374
par36,S,250,1,76,58,159.007,160.211
par36,S,251,1,79,52,160.147,160.528
par36,S,252,1,77,62,159.536,160.687
par36,S,253,1,72,55,160.738,161.141
par36,S,254,1,74,54,161.921,162.853
par36,S,255,1,76,48,162.357,163.106
par36,S,256,1,77,51,162.74,163.28
par36,S,257,1,79,58,163.126,163.778
par36,S,258,1,72,49,163.704,163.938
par36,S,259,1,74,54,164.815,165.365
par36,S,260,1,76,58,165.206,165.808
par36,S,261,1,77,53,165.595,166.084
par36,S,262,1,79,62,165.935,166.622
par36,S,263,1,72,55,166.477,166.784
par36,S,264,1,74,44,168.343,168.727
par36,S,265,1,76,52,168.676,169.292
par36,S,266,1,77,55,169.053,169.499
par36,S,267,1,79,63,169.379,170.008
par36,S,268,1,72,49,169.901,170.157
par36,S,269,1,74,45,170.94,171.681
par36,S,270,1,76,52,171.348,171.744
par36,S,271,1,77,62,171.663,172.087
par36,S,272,1,79,65,172.017,172.707
par36,S,273,1,72,55,172.61,172.892
par36,S,274,1,77,56,175.291,176.192
par36,S,275,1,74,60,176.014,176.452
par36,S,276,1,76,59,175.597,176.485
par36,S,277,1,79,59,176.796,176.979
par36,S,278,1,72,58,176.388,176.996
par36,S,279,1,77,69,177.377,177.888
par36,S,280,1,76,69,177.72,178.192
par36,S,281,1,74,66,178.106,178.619
par36,S,282,1,72,73,178.481,178.923
par36,S,283,1,77,41,178.89,179.15
par36,S,284,1,76,42,181.238,181.667
par36,S,285,1,77,38,182.001,183.237
par36,S,286,1,76,60,183.817,184.159
par36,S,287,1,77,64,183.505,184.268
par36,S,288,1,74,58,184.179,184.489
par36,S,289,1,72,72,184.453,185.618
par36,S,290,1,79,34,185.418,185.681
par36,S,291,1,77,57,186.332,186.743
par36,S,292,1,76,68,186.631,187.013
par36,S,293,1,74,62,186.986,187.382
par36,S,294,1,72,70,187.29,187.953
par36,S,295,1,79,55,187.799,188.065
par36,S,296,1,77,64,188.789,189.183
par36,S,297,1,76,66,189.116,189.545
par36,S,298,1,74,62,189.507,189.836
par36,S,299,1,72,78,189.785,189.947
par36,S,300,1,79,58,190.195,190.599
par36,S,301,1,76,67,193.487,193.888
par36,S,302,1,79,60,194.13,194.431
par36,S,303,1,77,58,193.801,194.436
par37,I,0,0,76,54,3.333,3.998
par37,I,1,0,77,59,3.912,4.798
par37,I,2,0,76,64,4.768,5.569
par37,I,3,0,72,46,6.124,7.31
par37,I,4,0,79,21,7.508,7.554
par37,I,5,0,77,30,7.312,8.482
par37,I,6,0,74,71,8.551,9.406
par37,I,7,0,76,66,9.781,10.908
par37,I,8,0,72,68,10.96,12.032
par37,I,9,0,79,64,12.218,13.229
par37,I,10,0,74,71,13.364,14.192
par37,I,11,0,77,54,14.572,15.514
par37,I,12,0,79,63,15.885,16.629
par37,I,13,0,72,18,17.022,17.92
par37,I,14,0,76,68,18.216,19.48
par37,I,15,0,72,63,19.524,20.232
par37,I,16,0,74,74,20.719,21.478
par37,I,17,0,77,62,21.937,22.773
par37,I,18,0,72,63,23.108,23.681
par37,I,19,0,74,48,23.721,24.366
par37,I,20,0,72,64,24.35,25.382
par37,I,21,0,76,82,25.449,26.426
par37,I,22,0,72,72,26.659,27.572
par37,I,23,0,79,50,27.933,28.155
par37,I,24,0,72,53,28.418,28.776
par37,I,25,0,76,70,29.024,29.785
par37,I,26,0,72,55,30.163,30.769
par37,I,27,0,77,57,30.826,31.456
par37,I,28,0,79,59,31.554,32.074
par37,I,29,0,74,36,32.097,32.679
par37,I,30,0,76,62,32.777,33.653
par37,I,31,0,72,41,34.068,34.851
par37,I,32,0,76,71,35.295,36.201
par37,I,33,0,72,64,36.581,37.356
par37,I,34,0,77,59,37.755,38.513
par37,I,35,0,72,50,38.902,39.719
par37,I,36,0,79,52,40.143,40.777
par37,I,37,0,74,68,41.305,41.849
par37,I,38,0,72,49,41.848,42.433
par37,I,39,0,77,57,42.444,43.145
par37,I,40,0,76,67,43.596,43.79
par37,I,41,0,76,62,44.202,44.43
par37,I,42,0,76,51,44.774,45.396
par37,I,43,0,74,63,45.405,46.011
par37,I,44,0,72,53,45.965,46.56
par37,I,45,0,77,57,46.506,47.183
par37,I,46,0,79,37,48.026,48.788
par37,I,47,0,72,51,49.183,49.905
par37,I,48,0,79,49,50.363,51.119
par37,I,49,0,72,57,51.602,52.281
par37,I,50,0,74,58,52.753,53.209
par37,I,51,0,77,40,53.344,53.814
par37,I,52,0,79,62,53.902,54.394
par37,I,53,0,79,33,54.593,54.861
par37,I,54,0,74,64,55.11,55.412
par37,I,55,0,76,60,55.565,55.92
par37,I,56,0,79,59,56.055,56.758
par37,I,57,0,76,66,57.109,57.816
par37,I,58,0,72,42,58.239,58.885
par37,I,59,0,76,72,59.356,59.989
par37,I,60,0,72,41,60.541,61.201
par37,I,61,0,76,54,61.711,62.494
par37,I,62,0,77,60,62.912,63.535
par37,I,63,0,74,55,63.977,64.254
par37,I,64,0,79,31,64.573,64.831
par37,I,65,0,74,40,65.132,65.341
par37,I,66,0,77,56,65.711,66.046
par37,I,67,0,72,56,66.301,66.962
par37,I,68,0,74,55,67.39,67.685
par37,I,69,0,79,36,68.031,68.355
par37,I,70,0,72,48,68.627,69.57
par37,I,71,0,74,56,70.003,70.906
par37,I,72,0,77,45,71.165,72.004
par37,I,73,0,76,53,72.351,72.684
par37,I,74,0,74,62,72.925,73.405
par37,I,75,0,72,53,73.477,74.296
par37,I,76,0,72,48,74.701,74.976
par37,I,77,0,72,22,75.27,75.386
par37,I,78,0,74,74,75.391,75.924
par37,I,79,0,76,58,75.911,76.29
par37,I,80,0,77,69,76.472,76.996
par37,I,81,0,79,64,77.04,77.248
par37,I,82,0,79,56,77.584,77.803
par37,I,83,0,79,60,78.125,78.895
par37,I,84,0,77,56,79.266,79.586
par37,I,85,0,76,49,79.732,80.132
par37,I,86,0,74,54,80.241,80.946
par37,I,87,0,72,52,81.339,81.671
par37,I,88,0,76,51,81.864,82.074
par37,I,89,0,76,55,82.333,82.702
par37,I,90,0,74,54,82.879,83.365
par37,I,91,0,72,62,83.374,84.226
par37,I,92,0,77,49,84.645,84.976
par37,I,93,0,74,43,85.184,85.722
par37,I,94,0,76,63,85.841,86.726
par37,I,95,0,72,58,86.932,87.565
par37,I,96,0,76,72,87.556,88.164
par37,I,97,0,74,55,88.123,88.78
par37,I,98,0,77,59,88.782,89.638
par37,I,99,0,76,70,89.771,90.284
par37,I,100,0,74,54,90.247,90.729
par37,I,101,0,79,57,90.761,91.325
par37,I,102,0,77,51,91.229,91.6
par37,I,103,0,76,62,91.643,92.114
par37,I,104,0,74,47,92.046,92.578
par37,I,105,0,72,54,92.552,93.448
par37,I,106,0,76,57,93.724,93.974
par37,I,107,0,76,43,94.161,94.446
par37,I,108,0,76,53,94.653,95.514
par37,I,109,0,74,43,95.535,96.016
par37,I,110,0,77,55,95.976,96.388
par37,I,111,0,74,52,96.414,96.666
par37,I,112,0,79,28,96.861,97.269
par37,I,113,0,72,51,97.303,97.714
par37,I,114,0,79,61,97.7,98.138
par37,I,115,0,72,56,98.128,98.837
par37,I,116,0,77,55,98.94,99.706
par37,I,117,0,74,56,99.809,100.849
par37,I,118,0,76,59,100.82,101.153
par37,I,119,0,77,48,101.223,101.638
par37,I,120,0,79,64,101.615,102.246
par37,I,121,0,79,50,102.495,102.928
par37,I,122,0,77,48,102.864,103.213
par37,I,123,0,76,56,103.215,103.695
par37,I,124,0,74,30,103.575,103.857
par37,I,125,0,72,35,104.034,104.789
par37,I,126,0,72,55,105.147,105.315
par37,I,127,0,72,55,105.528,105.705
par37,I,128,0,74,59,105.942,106.196
par37,I,129,0,76,51,106.25,106.643
par37,I,130,0,77,46,106.675,107.115
par37,I,131,0,76,56,107.174,107.566
par37,I,132,0,74,55,107.521,108.191
par37,I,133,0,79,57,108.116,108.692
par37,I,134,0,77,60,108.551,108.965
par37,I,135,0,76,39,108.902,109.227
par37,I,136,0,74,29,109.271,109.694
par37,I,137,0,79,60,109.672,110.553
par37,I,138,0,79,56,110.866,111.345
par37,I,139,0,77,22,111.197,111.55
par37,I,140,0,76,48,111.532,111.877
par37,I,141,0,74,37,111.954,112.289
par37,I,142,0,72,49,112.314,112.524
par37,I,143,0,72,42,112.746,112.996
par37,I,144,0,72,53,113.214,113.781
par37,I,145,0,76,56,113.975,114.428
par37,I,146,0,77,46,114.446,114.956
par37,I,147,0,79,52,114.941,115.542
par37,I,148,0,79,56,115.858,116.563
par37,I,149,0,77,50,116.285,116.669
par37,I,150,0,76,61,116.692,117.426
par37,I,151,0,74,61,117.409,117.858
par37,I,152,0,72,59,117.84,118.319
par37,I,153,0,72,55,118.687,118.905
par37,I,154,0,74,48,119.161,119.338
par37,I,155,0,76,30,119.34,119.997
par37,I,156,0,77,49,120.032,120.504
par37,I,157,0,79,70,120.533,121.083
par37,I,158,0,79,53,121.509,121.739
par37,I,159,0,79,64,121.999,122.458
par37,I,160,0,77,62,122.422,122.748
par37,I,161,0,76,39,122.797,123.233
par37,I,162,0,74,56,123.214,123.56
par37,I,163,0,77,61,123.594,123.968
par37,I,164,0,76,57,123.948,124.279
par37,I,165,0,74,52,124.333,124.704
par37,I,166,0,76,51,124.675,124.971
par37,I,167,0,77,43,124.937,125.37
par37,I,168,0,79,49,125.385,126.084
par37,I,169,0,74,57,126.219,127.027
par37,I,170,0,79,57,127.008,127.813
par37,I,171,0,74,48,127.721,128.124
par37,I,172,0,72,55,128.109,128.464
par37,I,173,0,77,50,128.527,129.024
par37,I,174,0,76,56,128.932,129.242
par37,I,175,0,74,59,129.246,129.768
par37,I,176,0,77,58,129.736,130.354
par37,I,177,0,76,54,130.286,130.652
par37,I,178,0,74,52,130.618,131.021
par37,I,179,0,79,58,130.987,131.727
par37,I,180,0,72,49,131.629,132.365
par37,I,181,0,74,64,132.408,133.192
par37,I,182,0,77,59,133.178,133.902
par37,I,183,0,76,61,133.881,134.512
par37,I,184,0,72,51,134.511,135.131
par37,I,185,0,74,68,135.131,135.704
par37,I,186,0,76,65,135.663,136.043
par37,I,187,0,77,60,136.214,136.759
par37,I,188,0,79,61,136.768,137.321
par37,I,189,0,74,70,137.279,137.514
par37,I,190,0,74,67,137.816,138.027
par37,I,191,0,74,61,138.304,138.752
par37,I,192,0,72,56,138.695,139.279
par37,I,193,0,77,57,139.203,139.529
par37,I,194,0,77,47,139.756,140.017
par37,I,195,0,77,55,140.404,140.632
par37,I,196,0,77,56,141.014,141.223
par37,I,197,0,77,48,141.564,141.765
par37,I,198,0,77,54,142.127,142.821
par37,I,199,0,79,69,142.771,143.782
par37,I,200,0,76,59,143.876,144.329
par37,I,201,0,74,54,144.327,144.763
par37,I,202,0,77,41,144.854,145.429
par37,I,203,0,79,32,145.461,145.842
par37,I,204,0,79,63,146.127,146.458
par37,I,205,0,79,69,146.746,147.539
par37,I,206,0,76,54,147.386,147.721
par37,I,207,0,76,54,148.314,148.769
par37,I,208,0,74,53,148.836,149.237
par37,I,209,0,72,47,149.314,149.692
par37,I,210,0,72,52,149.875,150.116
par37,I,211,0,72,55,150.386,150.761
par37,I,212,0,74,57,150.923,151.517
par37,I,213,0,76,57,151.468,151.872
par37,I,214,0,77,52,152.095,152.436
par37,I,215,0,77,59,152.686,152.921
par37,I,216,0,77,65,153.247,153.741
par37,I,217,0,79,56,153.804,154.358
par37,I,218,0,79,51,154.535,155.017
par37,I,219,0,77,27,154.971,155.595
par37,I,220,0,76,68,155.518,156.36
par37,I,221,0,74,68,156.301,156.913
par37,I,222,0,72,60,156.912,157.465
par37,I,223,0,77,65,157.474,158.122
par37,I,224,0,72,61,158.131,158.794
par37,I,225,0,77,64,158.803,159.433
par37,I,226,0,72,63,159.431,159.968
par37,I,227,0,79,56,159.947,160.624
par37,I,228,0,74,54,160.572,161.165
par37,I,229,0,76,54,161.146,161.858
par37,I,230,0,72,41,161.781,162.371
par37,I,231,0,74,67,162.345,163.107
par37,I,232,0,77,68,163.139,163.551
par37,I,233,0,79,56,163.771,164.449
par37,I,234,0,76,52,164.344,165.036
par37,I,235,0,72,52,164.939,165.535
par37,I,236,0,77,53,165.483,165.809
par37,I,237,0,79,16,165.847,166.357
par37,I,238,0,77,56,166.633,167.155
par37,I,239,0,76,58,167.147,167.475
par37,I,240,0,74,56,167.622,168.171
par37,I,241,0,72,57,168.12,168.637
par37,I,242,0,76,59,168.651,169.185
par37,I,243,0,79,62,169.164,169.717
par37,I,244,0,76,61,169.683,170.26
par37,I,245,0,72,68,170.252,170.928
par37,I,246,0,74,74,170.941,171.714
par37,I,247,0,76,51,171.66,172.453
par37,I,248,0,77,27,172.353,173.058
par37,I,249,0,79,71,172.986,173.354
par37,I,250,0,79,64,173.572,173.874
par37,I,251,0,77,64,174.726,175.244
par37,I,252,0,79,62,174.112,175.257
par37,I,253,0,76,58,175.217,175.799
par37,I,254,0,74,56,175.694,176.373
par37,I,255,0,72,60,176.319,176.89
par37,I,256,0,77,55,176.831,177.398
par37,I,257,0,76,55,177.346,177.882
par37,I,258,0,74,65,177.854,178.364
par37,I,259,0,72,33,178.308,178.802
par37,I,260,0,79,64,178.822,179.784
par37,I,261,0,77,63,179.328,179.787
par37,I,262,0,76,58,179.811,180.419
par37,I,263,0,77,59,180.391,180.833
par37,I,264,0,79,54,180.891,181.428
par37,I,265,0,74,61,181.369,181.606
par37,I,266,0,74,67,181.863,182.509
par37,I,267,0,77,62,182.532,182.946
par37,I,268,0,72,37,182.932,183.688
par37,I,269,0,77,58,183.598,184.367
par37,I,270,0,79,69,184.302,185.0
par37,I,271,0,74,67,184.946,185.919
par37,I,272,0,77,42,185.883,186.356
par37,I,273,0,76,66,186.355,186.827
par37,I,274,0,74,51,186.822,187.218
par37,I,275,0,72,65,187.219,187.66
par37,I,276,0,77,59,187.647,188.233
par37,I,277,0,76,53,188.141,188.635
par37,I,278,0,74,58,188.575,188.989
par37,I,279,0,72,72,188.984,189.519
par37,I,280,0,74,59,189.504,189.57
par37,I,281,0,74,50,189.956,190.24
par37,I,282,0,72,40,190.348,190.73
par37,I,283,0,74,47,190.761,191.096
par37,I,284,0,77,45,191.338,191.456
par37,I,285,0,76,47,191.143,192.108
par37,I,286,0,77,66,191.938,192.389
par37,I,287,0,79,52,192.441,193.067
par37,I,288,0,72,46,193.306,193.669
par37,I,289,0,76,55,193.689,194.095
par37,I,0,1,72,54,1.814,2.469
par37,I,1,1,76,73,2.413,3.096
par37,I,2,1,72,58,2.986,3.65
par37,I,3,1,77,63,3.647,4.185
par37,I,4,1,74,50,4.227,4.916
par37,I,5,1,79,58,4.891,5.465
par37,I,6,1,72,63,5.457,6.034
par37,I,7,1,77,45,6.063,6.668
par37,I,8,1,74,59,6.665,7.365
par37,I,9,1,72,51,7.288,7.971
par37,I,10,1,76,65,7.898,8.685
par37,I,11,1,77,52,8.487,9.044
par37,I,12,1,72,61,9.184,9.805
par37,I,13,1,76,69,9.759,10.31
par37,I,14,1,74,63,10.317,10.922
par37,I,15,1,72,49,10.897,11.497
par37,I,16,1,74,62,11.498,12.144
par37,I,17,1,76,41,12.069,12.637
par37,I,18,1,72,45,12.635,13.208
par37,I,19,1,74,62,13.223,13.777
par37,I,20,1,72,53,13.749,14.452
par37,I,21,1,74,53,14.414,14.994
par37,I,22,1,79,66,15.197,15.547
par37,I,23,1,79,60,15.82,16.403
par37,I,24,1,77,33,16.307,16.807
par37,I,25,1,76,52,16.828,17.283
par37,I,26,1,77,55,17.315,17.835
par37,I,27,1,74,60,17.834,18.39
par37,I,28,1,72,40,18.328,18.889
par37,I,29,1,74,58,18.891,19.544
par37,I,30,1,72,35,19.478,20.093
par37,I,31,1,79,67,20.086,20.715
par37,I,32,1,77,57,20.637,21.371
par37,I,33,1,76,67,21.334,22.065
par37,I,34,1,74,53,22.012,22.648
par37,I,35,1,77,65,22.624,23.19
par37,I,36,1,76,62,23.174,23.773
par37,I,37,1,74,47,23.744,24.324
par37,I,38,1,72,61,24.342,24.922
par37,I,39,1,74,62,24.888,25.488
par37,I,40,1,76,61,25.455,26.098
par37,I,41,1,77,49,25.955,26.39
par37,I,42,1,79,62,26.594,26.804
par37,I,43,1,79,56,27.148,27.38
par37,I,44,1,79,70,27.676,28.079
par37,I,45,1,79,56,28.262,28.803
par37,I,46,1,77,42,28.738,29.303
par37,I,47,1,76,52,29.313,29.887
par37,I,48,1,74,60,29.848,30.539
par37,I,49,1,72,66,30.455,30.658
par37,I,50,1,72,52,31.023,31.326
par37,I,51,1,72,60,31.561,32.095
par37,I,52,1,74,49,32.064,32.71
par37,I,53,1,72,54,32.669,33.526
par37,I,54,1,79,46,33.46,34.057
par37,I,55,1,77,9,34.152,34.491
par37,I,56,1,77,44,34.654,35.148
par37,I,57,1,74,52,35.082,35.688
par37,I,58,1,76,48,35.675,36.274
par37,I,59,1,74,65,36.253,37.005
par37,I,60,1,72,39,36.928,37.604
par37,I,61,1,76,46,37.619,38.361
par37,I,62,1,74,69,38.278,39.379
par37,I,63,1,72,57,39.245,39.993
par37,I,64,1,74,46,39.967,40.781
par37,I,65,1,79,55,40.685,41.046
par37,I,66,1,79,54,41.307,41.618
par37,I,67,1,79,53,41.918,42.538
par37,I,68,1,77,54,42.482,43.143
par37,I,69,1,76,45,43.07,43.752
par37,I,70,1,77,61,43.688,44.412
par37,I,71,1,79,48,44.353,44.977
par37,I,72,1,77,48,44.905,45.438
par37,I,73,1,76,56,45.462,46.048
par37,I,74,1,79,55,46.004,46.714
par37,I,75,1,76,31,46.656,47.332
par37,I,76,1,77,60,47.26,47.82
par37,I,77,1,79,61,47.814,48.406
par37,I,78,1,77,61,48.298,48.75
par37,I,79,1,76,57,48.761,49.264
par37,I,80,1,74,37,49.23,49.733
par37,I,81,1,76,60,49.707,50.282
par37,I,82,1,74,50,50.205,50.715
par37,I,83,1,77,54,50.68,51.14
par37,I,84,1,76,57,51.126,51.645
par37,I,85,1,74,46,51.57,52.024
par37,I,86,1,72,59,52.001,52.573
par37,I,87,1,74,52,52.542,53.246
par37,I,88,1,72,57,53.113,53.566
par37,I,89,1,76,43,53.591,54.226
par37,I,90,1,77,54,54.157,54.782
par37,I,91,1,79,64,54.742,55.542
par37,I,92,1,74,56,55.54,56.101
par37,I,93,1,76,46,56.094,56.468
par37,I,94,1,77,42,56.617,57.167
par37,I,95,1,72,54,57.164,57.581
par37,I,96,1,74,16,57.681,58.352
par37,I,97,1,77,56,58.276,58.64
par37,I,98,1,79,54,58.876,59.175
par37,I,99,1,74,46,59.353,59.992
par37,I,100,1,76,60,59.931,60.477
par37,I,101,1,79,62,60.477,60.994
par37,I,102,1,76,49,60.97,61.405
par37,I,103,1,72,44,61.424,61.958
par37,I,104,1,74,30,61.902,62.52
par37,I,105,1,77,57,62.493,62.988
par37,I,106,1,76,54,62.992,63.492
par37,I,107,1,74,52,63.47,63.936
par37,I,108,1,72,47,63.924,64.517
par37,I,109,1,76,51,64.475,65.212
par37,I,110,1,77,54,65.048,65.574
par37,I,111,1,79,49,65.713,66.36
par37,I,112,1,74,60,66.314,66.904
par37,I,113,1,76,69,66.909,67.57
par37,I,114,1,77,61,67.514,68.175
par37,I,115,1,74,74,68.18,68.801
par37,I,116,1,79,59,68.727,69.384
par37,I,117,1,76,40,69.372,70.083
par37,I,118,1,77,56,70.018,70.705
par37,I,119,1,76,57,70.631,71.285
par37,I,120,1,74,56,71.161,71.79
par37,I,121,1,72,56,71.723,72.891
par37,I,122,1,76,43,72.329,73.0
par37,I,123,1,77,42,72.841,73.489
par37,I,124,1,79,64,73.501,74.022
par37,I,125,1,79,65,74.197,74.862
par37,I,126,1,77,57,74.691,75.29
par37,I,127,1,76,67,75.204,75.603
par37,I,128,1,74,53,75.843,76.439
par37,I,129,1,77,61,76.369,76.932
par37,I,130,1,72,55,76.975,77.577
par37,I,131,1,77,58,77.536,78.132
par37,I,132,1,72,40,78.123,78.615
par37,I,133,1,74,40,78.623,79.101
par37,I,134,1,76,45,79.105,79.817
par37,I,135,1,79,55,79.693,80.172
par37,I,136,1,76,26,80.403,80.882
par37,I,137,1,79,41,80.923,81.538
par37,I,138,1,76,49,81.471,81.864
par37,I,139,1,74,40,81.978,82.463
par37,I,140,1,79,51,82.578,83.067
par37,I,141,1,74,35,83.084,83.8
par37,I,142,1,72,52,83.667,84.678
par37,I,143,1,77,59,85.039,85.674
par37,I,144,1,72,45,85.954,86.668
par37,I,145,1,77,31,86.8,88.028
par37,I,146,1,76,59,87.471,88.073
par37,I,147,1,72,51,88.004,89.018
par37,I,148,1,77,55,88.578,89.135
par37,I,149,1,76,47,89.009,89.702
par37,I,150,1,72,32,89.561,90.288
par37,I,151,1,79,57,90.147,90.907
par37,I,152,1,72,64,91.274,91.994
par37,I,153,1,74,43,90.745,92.284
par37,I,154,1,79,50,92.325,92.993
par37,I,155,1,72,22,93.396,94.138
par37,I,156,1,74,64,92.892,94.167
par37,I,157,1,77,54,94.195,95.022
par37,I,158,1,72,71,94.954,95.707
par37,I,159,1,74,61,95.794,96.307
par37,I,160,1,79,54,96.569,97.174
par37,I,161,1,76,48,97.071,97.593
par37,I,162,1,74,59,97.526,98.108
par37,I,163,1,79,56,98.376,99.259
par37,I,164,1,76,23,98.886,100.306
par37,I,165,1,74,52,99.289,100.424
par37,I,166,1,79,56,100.649,102.13
par37,I,167,1,77,1,101.457,102.144
par37,I,168,1,76,70,102.036,102.667
par37,I,169,1,74,62,102.566,102.925
par37,I,170,1,72,51,103.065,103.659
par37,I,171,1,77,60,103.762,104.344
par37,I,172,1,76,56,104.278,104.754
par37,I,173,1,74,49,104.698,105.088
par37,I,174,1,72,44,105.124,105.37
par37,I,175,1,72,58,105.555,105.944
par37,I,176,1,74,39,105.93,106.469
par37,I,177,1,76,39,106.359,107.098
par37,I,178,1,77,58,106.97,107.461
par37,I,179,1,79,65,107.416,108.174
par37,I,180,1,79,51,108.44,108.896
par37,I,181,1,74,33,109.429,109.824
par37,I,182,1,76,43,108.946,109.909
par37,I,183,1,77,60,109.92,110.437
par37,I,184,1,72,58,110.419,111.254
par37,I,185,1,79,50,111.569,112.089
par37,I,186,1,74,44,112.375,112.721
par37,I,187,1,76,43,111.982,112.776
par37,I,188,1,77,56,112.787,113.339
par37,I,189,1,76,56,113.221,113.764
par37,I,190,1,74,55,113.64,114.166
par37,I,191,1,72,48,114.078,115.063
par37,I,192,1,79,53,115.081,115.691
par37,I,193,1,76,51,115.679,116.092
par37,I,194,1,74,39,116.065,116.559
par37,I,195,1,77,40,116.507,116.965
par37,I,196,1,76,39,116.902,117.347
par37,I,197,1,74,43,117.234,117.679
par37,I,198,1,72,52,117.609,118.063
par37,I,199,1,79,28,118.389,118.848
par37,I,200,1,77,50,118.76,119.053
par37,I,201,1,76,42,119.095,119.488
par37,I,202,1,74,37,119.445,119.768
par37,I,203,1,77,52,119.795,120.175
par37,I,204,1,76,44,120.174,120.556
par37,I,205,1,74,40,120.508,121.027
par37,I,206,1,72,1,121.093,121.843
par37,I,207,1,79,46,121.784,122.229
par37,I,208,1,77,45,122.112,122.428
par37,I,209,1,76,30,122.372,122.779
par37,I,210,1,74,38,122.738,123.169
par37,I,211,1,76,59,123.213,123.704
par37,I,212,1,77,47,123.601,124.015
par37,I,213,1,74,43,124.078,124.872
par37,I,214,1,72,53,124.775,125.348
par37,I,215,1,79,34,125.255,125.798
par37,I,216,1,77,35,125.65,125.932
par37,I,217,1,76,1,125.92,126.377
par37,I,218,1,76,76,126.583,127.061
par37,I,219,1,74,37,127.075,127.603
par37,I,220,1,72,37,127.551,128.249
par37,I,221,1,74,48,128.03,128.419
par37,I,222,1,76,37,128.408,128.852
par37,I,223,1,77,43,128.844,129.222
par37,I,224,1,79,59,129.265,129.562
par37,I,225,1,79,40,129.699,129.946
par37,I,226,1,79,48,130.097,130.676
par37,I,227,1,77,53,130.5,130.844
par37,I,228,1,76,37,130.871,131.271
par37,I,229,1,74,38,131.224,131.695
par37,I,230,1,72,59,131.667,132.7
par37,I,231,1,76,68,133.044,133.665
par37,I,232,1,74,30,133.626,134.27
par37,I,233,1,72,59,134.265,134.581
par37,I,234,1,76,52,134.76,135.116
par37,I,235,1,72,36,135.078,135.503
par37,I,236,1,79,19,135.617,136.089
par37,I,237,1,77,49,136.063,136.527
par37,I,238,1,76,42,136.565,137.276
par37,I,239,1,74,61,137.207,137.945
par37,I,240,1,76,33,138.33,138.601
par37,I,241,1,77,57,138.698,139.149
par37,I,242,1,72,38,139.162,139.527
par37,I,243,1,77,49,139.56,140.023
par37,I,244,1,79,64,140.01,140.82
par37,I,245,1,79,55,141.342,141.732
par37,I,246,1,77,54,140.825,141.771
par37,I,247,1,72,34,141.789,142.266
par37,I,248,1,76,50,142.322,143.179
par37,I,249,1,72,31,142.818,143.358
par37,I,250,1,79,49,143.296,144.006
par37,I,251,1,76,31,144.053,144.669
par37,I,252,1,72,41,144.523,145.058
par37,I,253,1,77,30,144.961,145.912
par37,I,254,1,76,49,146.269,146.738
par37,I,255,1,72,51,146.635,147.012
par37,I,256,1,77,44,146.919,147.421
par37,I,257,1,74,45,147.393,147.899
par37,I,258,1,79,50,147.868,148.374
par37,I,259,1,79,53,148.774,149.279
par37,I,260,1,77,42,149.5,149.976
par37,I,261,1,76,45,149.985,150.434
par37,I,262,1,72,20,150.452,150.971
par37,I,263,1,74,54,150.934,151.377
par37,I,264,1,76,45,151.374,151.877
par37,I,265,1,77,45,151.802,152.236
par37,I,266,1,79,31,152.209,152.655
par37,I,267,1,77,46,153.173,153.621
par37,I,268,1,76,67,153.608,153.998
par37,I,269,1,74,43,153.994,154.359
par37,I,270,1,72,43,154.378,154.934
par37,I,271,1,76,48,155.115,155.485
par37,I,272,1,74,49,155.532,155.758
par37,I,273,1,77,39,155.912,156.096
par37,I,274,1,77,53,156.361,156.559
par37,I,275,1,77,49,156.8,157.065
par37,I,276,1,79,47,157.207,157.542
par37,I,277,1,76,39,157.643,158.383
par37,I,278,1,72,36,158.382,159.083
par37,I,279,1,74,67,159.16,159.841
par37,I,280,1,77,59,159.879,160.675
par37,I,281,1,76,46,160.67,161.266
par37,I,282,1,74,37,161.271,161.979
par37,I,283,1,72,35,161.967,162.339
par37,I,284,1,72,39,162.507,163.243
par37,I,285,1,76,38,163.103,163.73
par37,I,286,1,77,27,163.659,164.209
par37,I,287,1,77,51,164.41,165.116
par37,I,288,1,76,62,165.11,165.848
par37,I,289,1,72,41,165.861,166.494
par37,I,290,1,74,49,166.517,167.186
par37,I,291,1,77,54,167.202,167.904
par37,I,292,1,79,49,167.968,168.643
par37,I,293,1,77,54,168.609,169.154
par37,I,294,1,76,49,169.19,169.777
par37,I,295,1,74,38,169.771,170.359
par37,I,296,1,77,53,170.38,170.845
par37,I,297,1,76,43,170.884,171.541
par37,I,298,1,74,38,171.579,172.288
par37,I,299,1,72,45,172.261,172.944
par37,I,300,1,79,63,172.893,173.372
par37,I,301,1,77,45,173.409,173.948
par37,I,302,1,72,49,174.027,174.63
par37,I,303,1,76,39,174.634,175.341
par37,I,304,1,72,58,175.284,175.967
par37,I,305,1,74,60,175.971,176.552
par37,I,306,1,76,57,176.562,177.109
par37,I,307,1,72,55,177.144,177.728
par37,I,308,1,76,51,177.728,178.271
par37,I,309,1,77,61,178.281,178.764
par37,I,310,1,74,75,178.81,179.931
par37,I,311,1,72,51,179.923,180.567
par37,I,312,1,74,37,180.484,181.005
par37,I,313,1,77,55,181.008,181.509
par37,I,314,1,74,54,181.534,182.003
par37,I,315,1,72,38,182.015,182.699
par37,I,316,1,76,55,182.602,183.296
par37,I,317,1,77,38,183.181,183.846
par37,I,318,1,79,64,183.856,184.647
par37,I,319,1,72,49,184.991,185.57
par37,I,320,1,76,54,185.516,186.209
par37,I,321,1,79,59,186.144,186.677
par37,I,322,1,77,51,187.432,187.929
par37,I,323,1,74,30,187.859,188.487
par37,I,324,1,72,32,188.483,189.302
par37,I,325,1,76,57,189.461,190.114
par37,I,326,1,77,49,189.912,190.304
par37,I,327,1,79,50,190.4,191.091
par37,I,328,1,72,49,191.217,191.958
par37,I,329,1,74,56,192.417,193.028
par37,I,330,1,77,51,193.502,193.989
par37,I,331,1,76,17,194.062,194.775
par38,S,0,0,72,37,2.563,3.101
par38,S,1,0,74,54,3.101,3.7
par38,S,2,0,76,41,3.704,4.27
par38,S,3,0,77,56,4.269,4.89
par38,S,4,0,79,60,4.896,6.137
par38,S,5,0,72,42,6.171,6.734
par38,S,6,0,74,40,6.748,7.328
par38,S,7,0,76,40,7.339,7.928
par38,S,8,0,77,47,7.944,8.593
par38,S,9,0,79,52,8.585,9.822
par38,S,10,0,72,44,9.86,10.413
par38,S,11,0,74,40,10.434,11.02
par38,S,12,0,76,45,11.019,11.613
par38,S,13,0,77,56,11.619,12.23
par38,S,14,0,79,52,12.228,13.443
par38,S,15,0,72,45,13.483,14.035
par38,S,16,0,74,48,14.046,14.649
par38,S,17,0,76,48,14.645,15.21
par38,S,18,0,77,52,15.23,15.893
par38,S,19,0,79,57,15.878,16.738
par38,S,20,0,79,52,17.198,17.778
par38,S,21,0,77,49,17.743,18.368
par38,S,22,0,76,48,18.316,18.918
par38,S,23,0,74,52,18.931,19.577
par38,S,24,0,72,42,19.592,20.385
par38,S,25,0,79,64,20.774,21.359
par38,S,26,0,77,51,21.34,21.99
par38,S,27,0,76,53,21.939,22.568
par38,S,28,0,74,49,22.567,23.228
par38,S,29,0,72,46,23.23,24.441
par38,S,30,0,79,53,24.442,25.032
par38,S,31,0,77,58,25.021,25.663
par38,S,32,0,76,49,25.631,26.241
par38,S,33,0,74,59,26.246,26.857
par38,S,34,0,72,53,26.86,28.066
par38,S,35,0,79,57,28.077,28.695
par38,S,36,0,77,49,28.661,29.252
par38,S,37,0,76,63,29.237,29.852
par38,S,38,0,74,51,29.867,30.497
par38,S,39,0,72,49,30.495,31.302
par38,S,40,0,74,55,31.812,32.352
par38,S,41,0,76,50,32.345,32.956
par38,S,42,0,77,51,32.956,33.583
par38,S,43,0,79,70,33.548,34.162
par38,S,44,0,72,55,34.156,35.067
par38,S,45,0,74,52,35.39,35.999
par38,S,46,0,76,45,35.981,36.612
par38,S,47,0,77,50,36.606,37.206
par38,S,48,0,79,43,37.205,37.767
par38,S,49,0,72,46,37.792,38.681
par38,S,50,0,74,60,39.026,39.635
par38,S,51,0,76,49,39.626,40.226
par38,S,52,0,77,51,40.225,40.832
par38,S,53,0,79,56,40.843,41.453
par38,S,54,0,72,41,41.484,42.646
par38,S,55,0,74,46,42.706,43.304
par38,S,56,0,76,40,43.309,43.905
par38,S,57,0,77,51,43.909,44.499
par38,S,58,0,79,55,44.505,45.104
par38,S,59,0,72,48,45.12,46.168
par38,S,60,0,77,60,46.348,46.942
par38,S,61,0,76,49,46.941,47.574
par38,S,62,0,74,47,47.58,48.142
par38,S,63,0,72,42,48.145,48.761
par38,S,64,0,79,56,48.76,49.743
par38,S,65,0,77,56,50.03,50.615
par38,S,66,0,76,52,50.607,51.202
par38,S,67,0,74,54,51.209,51.758
par38,S,68,0,72,49,51.772,52.433
par38,S,69,0,79,64,52.418,53.647
par38,S,70,0,77,56,53.646,54.249
par38,S,71,0,76,58,54.233,54.851
par38,S,72,0,74,46,54.853,55.423
par38,S,73,0,72,45,55.435,56.065
par38,S,74,0,79,52,56.068,57.339
par38,S,75,0,77,49,57.338,57.896
par38,S,76,0,76,38,57.906,58.568
par38,S,77,0,74,50,58.527,59.109
par38,S,78,0,72,47,59.115,59.726
par38,S,79,0,79,51,59.725,60.977
par38,S,80,0,76,56,61.002,61.587
par38,S,81,0,77,56,61.582,62.264
par38,S,82,0,79,62,62.241,62.79
par38,S,83,0,74,61,62.799,63.4
par38,S,84,0,72,56,63.417,64.612
par38,S,85,0,76,65,64.611,65.205
par38,S,86,0,77,52,65.219,65.846
par38,S,87,0,79,51,65.841,66.416
par38,S,88,0,74,49,66.419,67.032
par38,S,89,0,72,33,67.063,68.293
par38,S,90,0,76,55,68.291,68.859
par38,S,91,0,77,48,68.863,69.483
par38,S,92,0,79,50,69.509,70.077
par38,S,93,0,74,50,70.08,70.696
par38,S,94,0,72,42,70.733,71.965
par38,S,95,0,76,58,71.96,72.528
par38,S,96,0,77,58,72.521,73.096
par38,S,97,0,79,51,73.133,73.737
par38,S,98,0,74,47,73.758,74.34
par38,S,99,0,72,38,74.361,75.585
par38,S,100,0,76,49,75.593,76.181
par38,S,101,0,77,43,76.198,76.755
par38,S,102,0,79,44,76.775,77.386
par38,S,103,0,74,48,77.411,77.998
par38,S,104,0,72,35,78.045,79.192
par38,S,105,0,76,56,79.201,79.809
par38,S,106,0,74,50,79.811,80.426
par38,S,107,0,72,40,80.439,81.078
par38,S,108,0,77,57,81.069,81.72
par38,S,109,0,79,58,81.719,82.924
par38,S,110,0,76,66,82.942,83.544
par38,S,111,0,74,55,83.55,84.121
par38,S,112,0,72,57,84.128,84.747
par38,S,113,0,77,57,84.72,85.309
par38,S,114,0,79,52,85.307,86.564
par38,S,115,0,76,51,86.573,87.161
par38,S,116,0,74,50,87.169,87.763
par38,S,117,0,72,37,87.785,88.378
par38,S,118,0,77,59,88.359,88.98
par38,S,119,0,79,55,88.979,90.173
par38,S,120,0,76,49,90.179,90.746
par38,S,121,0,74,58,90.755,91.348
par38,S,122,0,72,44,91.368,91.99
par38,S,123,0,77,56,91.946,92.603
par38,S,124,0,79,59,92.597,93.566
par38,S,125,0,77,60,93.826,94.406
par38,S,126,0,79,50,94.414,94.982
par38,S,127,0,76,54,94.98,95.595
par38,S,128,0,74,58,95.623,96.257
par38,S,129,0,72,42,96.287,97.475
par38,S,130,0,77,56,97.5,98.114
par38,S,131,0,79,53,98.118,98.721
par38,S,132,0,76,61,98.72,99.336
par38,S,133,0,74,49,99.338,99.921
par38,S,134,0,72,42,99.947,101.136
par38,S,135,0,77,57,101.15,101.738
par38,S,136,0,79,49,101.758,102.336
par38,S,137,0,76,48,102.329,102.931
par38,S,138,0,74,51,102.928,103.521
par38,S,139,0,72,45,103.558,104.731
par38,S,140,0,77,62,104.774,105.356
par38,S,141,0,79,52,105.365,105.949
par38,S,142,0,76,49,105.958,106.577
par38,S,143,0,74,54,106.592,107.176
par38,S,144,0,72,32,107.211,108.48
par38,S,145,0,77,49,108.473,109.038
par38,S,146,0,79,45,109.06,109.667
par38,S,147,0,76,39,109.687,110.253
par38,S,148,0,74,40,110.275,110.854
par38,S,149,0,72,35,110.897,111.819
par38,S,150,0,74,52,112.149,112.71
par38,S,151,0,72,55,112.713,113.348
par38,S,152,0,76,62,113.346,113.916
par38,S,153,0,77,51,113.928,114.584
par38,S,154,0,79,55,114.562,115.767
par38,S,155,0,74,58,115.794,116.371
par38,S,156,0,72,55,116.394,117.003
par38,S,157,0,76,51,117.008,117.584
par38,S,158,0,77,52,117.583,118.185
par38,S,159,0,79,45,118.201,119.426
par38,S,160,0,74,51,119.442,120.029
par38,S,161,0,72,39,120.048,120.651
par38,S,162,0,76,52,120.654,121.216
par38,S,163,0,77,49,121.236,121.835
par38,S,164,0,79,48,121.856,123.051
par38,S,165,0,74,49,123.094,123.637
par38,S,166,0,72,36,123.664,124.278
par38,S,167,0,76,44,124.277,124.865
par38,S,168,0,77,51,124.845,125.483
par38,S,169,0,79,47,125.465,126.674
par38,S,170,0,74,30,126.724,127.275
par38,S,171,0,72,18,127.318,127.933
par38,S,172,0,76,52,127.921,128.532
par38,S,173,0,77,46,128.525,129.144
par38,S,174,0,79,47,129.131,130.332
par38,S,175,0,72,27,130.436,131.009
par38,S,176,0,74,44,131.017,131.595
par38,S,177,0,76,51,131.579,132.19
par38,S,178,0,77,53,132.186,132.794
par38,S,179,0,79,55,132.783,133.96
par38,S,180,0,72,36,134.029,134.63
par38,S,181,0,74,43,134.616,135.192
par38,S,182,0,76,39,135.201,135.8
par38,S,183,0,77,41,135.799,136.478
par38,S,184,0,79,55,136.46,137.586
par38,S,185,0,72,40,137.662,138.255
par38,S,186,0,74,38,138.272,138.842
par38,S,187,0,76,42,138.841,139.492
par38,S,188,0,77,48,139.494,140.139
par38,S,189,0,79,56,140.127,141.263
par38,S,190,0,72,38,141.345,141.911
par38,S,191,0,74,43,141.926,142.52
par38,S,192,0,76,53,142.514,143.108
par38,S,193,0,77,50,143.092,143.766
par38,S,194,0,79,49,143.759,144.561
par38,S,195,0,79,54,144.934,145.598
par38,S,196,0,77,50,145.569,146.189
par38,S,197,0,76,58,146.17,146.78
par38,S,198,0,74,46,146.783,147.434
par38,S,199,0,72,37,147.461,148.671
par38,S,200,0,79,51,148.683,149.269
par38,S,201,0,77,54,149.257,149.86
par38,S,202,0,76,48,149.868,150.465
par38,S,203,0,74,45,150.471,151.085
par38,S,204,0,72,38,151.114,152.331
par38,S,205,0,79,44,152.365,152.973
par38,S,206,0,77,54,152.931,153.554
par38,S,207,0,76,41,153.55,154.157
par38,S,208,0,74,44,154.129,154.743
par38,S,209,0,72,45,154.754,155.9
par38,S,210,0,79,48,155.951,156.532
par38,S,211,0,77,52,156.544,157.152
par38,S,212,0,76,48,157.161,157.804
par38,S,213,0,74,39,157.801,158.409
par38,S,214,0,72,40,158.415,158.977
par38,S,215,0,79,43,159.613,160.215
par38,S,216,0,77,35,160.225,160.847
par38,S,217,0,76,30,160.861,161.464
par38,S,218,0,74,35,161.478,162.067
par38,S,219,0,72,36,162.09,162.827
par38,S,220,0,74,46,163.277,163.876
par38,S,221,0,76,55,163.864,164.516
par38,S,222,0,77,55,164.515,165.131
par38,S,223,0,79,55,165.135,165.707
par38,S,224,0,72,37,165.754,166.605
par38,S,225,0,74,51,166.895,167.515
par38,S,226,0,76,49,167.508,168.158
par38,S,227,0,77,53,168.14,168.766
par38,S,228,0,79,56,168.766,169.318
par38,S,229,0,72,25,169.346,170.045
par38,S,230,0,74,49,170.536,171.133
par38,S,231,0,76,45,171.141,171.767
par38,S,232,0,77,51,171.768,172.34
par38,S,233,0,79,47,172.355,172.923
par38,S,234,0,72,39,172.975,173.674
par38,S,235,0,74,45,174.162,174.78
par38,S,236,0,76,46,174.773,175.388
par38,S,237,0,77,56,175.392,175.993
par38,S,238,0,79,54,175.985,176.521
par38,S,239,0,72,45,176.582,177.332
par38,S,240,0,77,54,177.794,178.342
par38,S,241,0,76,48,178.355,179.028
par38,S,242,0,74,50,179.037,179.626
par38,S,243,0,72,44,179.662,180.241
par38,S,244,0,79,52,180.282,181.126
par38,S,245,0,77,52,181.461,182.023
par38,S,246,0,76,48,182.038,182.684
par38,S,247,0,74,31,182.702,183.264
par38,S,248,0,72,37,183.295,183.876
par38,S,249,0,79,52,183.917,184.779
par38,S,250,0,77,42,185.11,185.708
par38,S,251,0,76,37,185.71,186.338
par38,S,252,0,74,33,186.351,186.918
par38,S,253,0,72,44,186.944,187.533
par38,S,254,0,79,52,187.55,188.746
par38,S,255,0,77,58,188.78,189.343
par38,S,256,0,76,62,189.342,189.985
par38,S,257,0,74,51,189.999,190.585
par38,S,258,0,72,44,190.621,191.192
par38,S,259,0,79,48,191.255,192.401
par38,S,260,0,74,50,192.712,193.247
par38,S,261,0,76,46,193.257,193.459
par38,S,0,1,72,40,2.461,3.016
par38,S,1,1,74,37,3.035,3.619
par38,S,2,1,76,48,3.614,4.193
par38,S,3,1,77,52,4.202,4.865
par38,S,4,1,79,61,4.866,6.088
par38,S,5,1,72,41,6.139,6.705
par38,S,6,1,74,40,6.721,7.319
par38,S,7,1,76,47,7.316,7.912
par38,S,8,1,77,45,7.909,8.53
par38,S,9,1,79,53,8.527,9.753
par38,S,10,1,72,44,9.8,10.336
par38,S,11,1,74,48,10.354,10.937
par38,S,12,1,76,52,10.932,11.519
par38,S,13,1,77,49,11.532,12.165
par38,S,14,1,79,43,12.191,13.399
par38,S,15,1,72,39,13.451,14.016
par38,S,16,1,74,37,14.029,14.62
par38,S,17,1,76,48,14.61,15.186
par38,S,18,1,77,51,15.196,15.811
par38,S,19,1,79,54,15.832,16.669
par38,S,20,1,79,51,17.105,17.713
par38,S,21,1,77,54,17.685,18.277
par38,S,22,1,76,45,18.269,18.884
par38,S,23,1,74,42,18.871,19.501
par38,S,24,1,72,39,19.524,20.339
par38,S,25,1,79,51,20.7,21.332
par38,S,26,1,77,61,21.304,21.922
par38,S,27,1,76,48,21.932,22.535
par38,S,28,1,74,43,22.562,23.161
par38,S,29,1,72,40,23.21,23.948
par38,S,30,1,79,49,24.396,24.963
par38,S,31,1,77,44,24.994,25.61
par38,S,32,1,76,43,25.623,26.199
par38,S,33,1,74,40,26.232,26.779
par38,S,34,1,72,39,26.845,27.558
par38,S,35,1,79,38,28.061,28.643
par38,S,36,1,77,40,28.657,29.222
par38,S,37,1,76,38,29.255,29.808
par38,S,38,1,74,38,29.853,30.459
par38,S,39,1,72,36,30.483,31.149
par38,S,40,1,77,49,31.681,32.254
par38,S,41,1,76,49,32.241,32.88
par38,S,42,1,74,35,32.901,33.47
par38,S,43,1,72,37,33.488,34.068
par38,S,44,1,79,50,34.094,35.029
par38,S,45,1,77,51,35.344,35.886
par38,S,46,1,76,49,35.914,36.531
par38,S,47,1,74,40,36.546,37.071
par38,S,48,1,72,49,37.111,37.746
par38,S,49,1,79,49,37.773,38.721
par38,S,50,1,77,51,38.996,39.564
par38,S,51,1,76,45,39.593,40.158
par38,S,52,1,74,42,40.194,40.758
par38,S,53,1,72,44,40.771,41.348
par38,S,54,1,79,51,41.413,42.351
par38,S,55,1,77,47,42.664,43.174
par38,S,56,1,76,43,43.235,43.831
par38,S,57,1,74,34,43.865,44.398
par38,S,58,1,72,18,44.461,45.045
par38,S,59,1,79,51,45.076,45.88
par38,S,60,1,76,49,46.267,46.828
par38,S,61,1,77,47,46.854,47.511
par38,S,62,1,79,49,47.514,48.08
par38,S,63,1,74,45,48.109,48.678
par38,S,64,1,72,42,48.719,49.673
par38,S,65,1,76,49,49.97,50.53
par38,S,66,1,77,49,50.544,51.137
par38,S,67,1,79,51,51.158,51.714
par38,S,68,1,74,46,51.741,52.304
par38,S,69,1,72,36,52.329,53.014
par38,S,70,1,76,48,53.585,54.143
par38,S,71,1,77,48,54.169,54.83
par38,S,72,1,79,42,54.846,55.416
par38,S,73,1,74,36,55.47,56.012
par38,S,74,1,72,34,56.058,56.799
par38,S,75,1,76,46,57.28,57.88
par38,S,76,1,77,45,57.905,58.469
par38,S,77,1,79,47,58.529,59.073
par38,S,78,1,74,47,59.1,59.703
par38,S,79,1,72,37,59.72,60.573
par38,S,80,1,76,46,60.962,61.522
par38,S,81,1,74,45,61.543,62.144
par38,S,82,1,72,35,62.183,62.76
par38,S,83,1,77,53,62.76,63.376
par38,S,84,1,79,44,63.41,64.259
par38,S,85,1,76,46,64.631,65.187
par38,S,86,1,74,25,65.243,65.763
par38,S,87,1,72,40,65.825,66.399
par38,S,88,1,77,49,66.42,67.02
par38,S,89,1,79,49,67.044,67.879
par38,S,90,1,76,40,68.289,68.878
par38,S,91,1,74,26,68.914,69.464
par38,S,92,1,72,39,69.477,70.084
par38,S,93,1,77,54,70.079,70.682
par38,S,94,1,79,40,70.745,71.602
par38,S,95,1,76,47,71.9,72.457
par38,S,96,1,74,38,72.487,73.074
par38,S,97,1,72,36,73.11,73.704
par38,S,98,1,77,48,73.712,74.308
par38,S,99,1,79,41,74.347,75.288
par38,S,100,1,77,58,75.528,76.131
par38,S,101,1,79,49,76.142,76.724
par38,S,102,1,76,45,76.733,77.3
par38,S,103,1,74,27,77.353,77.971
par38,S,104,1,72,36,77.997,78.891
par38,S,105,1,77,56,79.191,79.759
par38,S,106,1,79,42,79.78,80.367
par38,S,107,1,76,47,80.384,80.932
par38,S,108,1,74,41,80.975,81.594
par38,S,109,1,72,34,81.622,82.474
par38,S,110,1,77,53,82.857,83.431
par38,S,111,1,79,51,83.452,84.039
par38,S,112,1,76,40,84.055,84.628
par38,S,113,1,74,47,84.661,85.273
par38,S,114,1,72,41,85.326,86.174
par38,S,115,1,77,48,86.556,87.108
par38,S,116,1,79,42,87.138,87.706
par38,S,117,1,76,41,87.743,88.257
par38,S,118,1,74,49,88.301,88.893
par38,S,119,1,72,37,88.93,89.796
par38,S,120,1,77,41,90.201,90.687
par38,S,121,1,79,44,90.777,91.357
par38,S,122,1,76,35,91.39,91.93
par38,S,123,1,74,29,91.991,92.553
par38,S,124,1,72,32,92.573,93.424
par38,S,125,1,74,50,93.841,94.424
par38,S,126,1,72,46,94.452,95.063
par38,S,127,1,76,48,95.069,95.683
par38,S,128,1,77,48,95.686,96.276
par38,S,129,1,79,54,96.295,97.117
par38,S,130,1,74,41,97.482,98.049
par38,S,131,1,72,40,98.072,98.69
par38,S,132,1,76,49,98.699,99.302
par38,S,133,1,77,41,99.297,99.879
par38,S,134,1,79,49,99.894,100.636
par38,S,135,1,74,34,101.141,101.683
par38,S,136,1,72,38,101.72,102.329
par38,S,137,1,76,48,102.326,102.907
par38,S,138,1,77,51,102.915,103.53
par38,S,139,1,79,46,103.547,104.375
par38,S,140,1,74,31,104.786,105.395
par38,S,141,1,72,30,105.405,105.985
par38,S,142,1,76,46,106.0,106.601
par38,S,143,1,77,49,106.628,107.207
par38,S,144,1,79,41,107.219,107.946
par38,S,145,1,72,27,108.432,109.008
par38,S,146,1,74,18,109.061,109.637
par38,S,147,1,76,44,109.623,110.205
par38,S,148,1,77,33,110.223,110.856
par38,S,149,1,79,52,110.813,111.597
par38,S,150,1,72,37,112.044,112.65
par38,S,151,1,74,55,112.665,113.226
par38,S,152,1,76,39,113.24,113.827
par38,S,153,1,77,41,113.839,114.465
par38,S,154,1,79,42,114.477,115.229
par38,S,155,1,72,33,115.681,116.264
par38,S,156,1,74,32,116.286,116.884
par38,S,157,1,76,45,116.871,117.463
par38,S,158,1,77,42,117.476,118.102
par38,S,159,1,79,44,118.114,118.896
par38,S,160,1,72,36,119.32,119.864
par38,S,161,1,74,45,119.9,120.52
par38,S,162,1,76,43,120.521,121.11
par38,S,163,1,77,52,121.117,121.725
par38,S,164,1,79,39,121.74,122.536
par38,S,165,1,79,56,122.976,123.541
par38,S,166,1,77,51,123.536,124.255
par38,S,167,1,76,50,124.18,124.793
par38,S,168,1,74,48,124.791,125.417
par38,S,169,1,72,38,125.441,126.202
par38,S,170,1,79,42,126.675,127.265
par38,S,171,1,77,51,127.273,127.833
par38,S,172,1,76,47,127.85,128.435
par38,S,173,1,74,43,128.447,129.026
par38,S,174,1,72,36,129.061,129.803
par38,S,175,1,79,52,130.304,130.9
par38,S,176,1,77,46,130.924,131.498
par38,S,177,1,76,47,131.516,132.084
par38,S,178,1,74,37,132.1,132.699
par38,S,179,1,72,39,132.718,133.418
par38,S,180,1,79,44,133.956,134.526
par38,S,181,1,77,42,134.542,135.089
par38,S,182,1,76,51,135.108,135.707
par38,S,183,1,74,27,135.735,136.322
par38,S,184,1,72,31,136.349,137.17
par38,S,185,1,74,41,137.576,138.193
par38,S,186,1,76,40,138.183,138.822
par38,S,187,1,77,46,138.823,139.408
par38,S,188,1,79,48,139.389,139.95
par38,S,189,1,72,41,139.989,140.839
par38,S,190,1,74,40,141.223,141.876
par38,S,191,1,76,46,141.846,142.448
par38,S,192,1,77,50,142.458,143.043
par38,S,193,1,79,43,143.067,143.628
par38,S,194,1,72,27,143.681,144.462
par38,S,195,1,74,51,144.874,145.409
par38,S,196,1,76,38,145.411,146.109
par38,S,197,1,77,47,146.114,146.749
par38,S,198,1,79,51,146.743,147.307
par38,S,199,1,72,39,147.357,148.182
par38,S,200,1,74,46,148.556,149.202
par38,S,201,1,76,46,149.155,149.773
par38,S,202,1,77,43,149.788,150.383
par38,S,203,1,79,50,150.386,150.934
par38,S,204,1,72,38,150.984,151.803
par38,S,205,1,77,50,152.186,152.751
par38,S,206,1,76,39,152.76,153.387
par38,S,207,1,74,41,153.402,154.022
par38,S,208,1,72,44,154.019,154.6
par38,S,209,1,79,49,154.628,155.492
par38,S,210,1,77,48,155.889,156.502
par38,S,211,1,76,45,156.478,157.047
par38,S,212,1,74,48,157.061,157.655
par38,S,213,1,72,48,157.655,158.281
par38,S,214,1,79,51,158.303,159.052
par38,S,215,1,77,49,159.534,160.143
par38,S,216,1,76,47,160.146,160.793
par38,S,217,1,74,23,160.811,161.347
par38,S,218,1,72,39,161.337,161.952
par38,S,219,1,79,58,161.975,162.938
par38,S,220,1,77,52,163.194,163.765
par38,S,221,1,76,42,163.76,164.385
par38,S,222,1,74,41,164.389,164.985
par38,S,223,1,72,37,164.99,165.559
par38,S,224,1,79,42,165.61,166.513
par38,S,225,1,76,36,166.852,167.442
par38,S,226,1,77,31,167.458,168.048
par38,S,227,1,79,52,168.039,168.58
par38,S,228,1,74,52,168.593,169.223
par38,S,229,1,72,38,169.239,170.025
par38,S,230,1,76,52,170.468,171.054
par38,S,231,1,77,48,171.052,171.678
par38,S,232,1,79,37,171.686,172.258
par38,S,233,1,74,39,172.255,172.873
par38,S,234,1,72,42,172.875,173.706
par38,S,235,1,76,46,174.106,174.672
par38,S,236,1,77,40,174.686,175.339
par38,S,237,1,79,44,175.356,175.967
par38,S,238,1,74,39,175.966,176.544
par38,S,239,1,72,42,176.572,177.308
par38,S,240,1,76,49,177.794,178.398
par38,S,241,1,77,45,178.407,178.989
par38,S,242,1,79,37,179.041,179.602
par38,S,243,1,74,44,179.608,180.212
par38,S,244,1,72,38,180.23,181.061
par38,S,245,1,76,44,181.439,182.022
par38,S,246,1,77,35,182.054,182.689
par38,S,247,1,79,45,182.661,183.226
par38,S,248,1,74,37,183.254,183.859
par38,S,249,1,72,36,183.88,184.661
par38,S,250,1,76,53,185.087,185.72
par38,S,251,1,74,45,185.715,186.326
par38,S,252,1,72,42,186.34,186.907
par38,S,253,1,77,58,186.896,187.53
par38,S,254,1,79,53,187.526,188.251
par38,S,255,1,76,49,188.753,189.348
par38,S,256,1,74,44,189.341,189.96
par38,S,257,1,72,40,189.947,190.545
par38,S,258,1,77,55,190.533,191.17
par38,S,259,1,79,41,191.179,191.875
par38,S,260,1,76,50,192.382,193.002
par38,S,261,1,74,38,193.0,193.575
par38,S,262,1,72,26,193.615,194.239
par39,I,0,0,72,18,2.575,3.328
par39,I,1,0,74,31,4.96,6.447
par39,I,2,0,79,18,7.344,7.76
par39,I,3,0,77,1,9.671,10.81
par39,I,4,0,72,16,12.195,12.639
par39,I,5,0,74,47,12.887,14.132
par39,I,6,0,76,34,14.671,15.949
par39,I,7,0,76,23,17.041,17.848
par39,I,8,0,79,43,17.776,18.113
par39,I,9,0,77,23,19.442,20.232
par39,I,10,0,79,38,20.154,20.721
par39,I,11,0,76,34,21.261,21.893
par39,I,12,0,74,36,22.589,23.674
par39,I,13,0,72,46,24.907,25.873
par39,I,14,0,74,50,26.852,28.118
par39,I,15,0,76,39,29.32,30.702
par39,I,16,0,79,31,31.677,32.054
par39,I,17,0,77,25,32.358,33.113
par39,I,18,0,76,35,32.974,33.593
par39,I,19,0,77,38,34.663,35.855
par39,I,20,0,79,30,34.075,35.871
par39,I,21,0,74,58,35.33,35.947
par39,I,22,0,72,42,35.906,36.505
par39,I,23,0,76,40,36.611,37.968
par39,I,24,0,74,53,39.066,39.592
par39,I,25,0,72,60,39.593,41.026
par39,I,26,0,76,62,41.581,42.796
par39,I,27,0,72,43,43.958,45.134
par39,I,28,0,74,45,44.548,45.456
par39,I,29,0,76,42,45.087,45.509
par39,I,30,0,77,22,45.711,47.324
par39,I,31,0,79,31,46.29,47.451
par39,I,32,0,77,16,49.306,50.005
par39,I,33,0,79,19,48.729,50.165
par39,I,34,0,76,25,50.042,50.809
par39,I,35,0,74,38,50.657,51.277
par39,I,36,0,72,34,51.217,52.457
par39,I,37,0,72,27,53.617,55.503
par39,I,38,0,72,43,56.074,56.69
par39,I,39,0,76,52,56.705,57.997
par39,I,40,0,76,41,58.478,59.173
par39,I,41,0,74,65,59.177,59.785
par39,I,42,0,72,65,59.737,60.401
par39,I,43,0,72,30,60.992,62.247
par39,I,44,0,72,49,63.465,64.019
par39,I,45,0,76,56,64.002,65.318
par39,I,46,0,77,34,66.501,67.47
par39,I,47,0,74,61,65.848,67.497
par39,I,48,0,79,46,68.291,68.969
par39,I,49,0,77,56,69.165,69.463
par39,I,50,0,76,49,69.496,70.136
par39,I,51,0,74,44,70.055,70.713
par39,I,52,0,72,61,70.653,72.268
par39,I,53,0,72,55,73.194,73.855
par39,I,54,0,76,53,73.766,75.059
par39,I,55,0,77,24,76.237,77.168
par39,I,56,0,74,44,75.548,77.335
par39,I,57,0,79,26,77.947,79.777
par39,I,58,0,77,24,78.895,80.062
par39,I,59,0,76,56,79.165,80.176
par39,I,60,0,74,66,79.762,80.453
par39,I,61,0,72,42,80.397,81.67
par39,I,62,0,76,37,81.585,82.756
par39,I,63,0,74,46,82.904,84.053
par39,I,64,0,76,38,84.181,85.246
par39,I,65,0,72,45,85.328,87.057
par39,I,66,0,72,38,87.749,88.31
par39,I,67,0,76,49,88.681,89.071
par39,I,68,0,77,65,88.953,89.514
par39,I,69,0,76,59,90.206,91.58
par39,I,70,0,79,48,89.54,92.036
par39,I,71,0,72,31,91.448,92.113
par39,I,72,0,72,36,92.664,93.81
par39,I,73,0,76,55,93.509,93.856
par39,I,74,0,77,49,93.815,95.186
par39,I,75,0,79,53,94.349,95.258
par39,I,76,0,74,43,95.012,96.074
par39,I,77,0,72,45,97.489,98.344
par39,I,78,0,76,33,98.399,99.04
par39,I,79,0,72,42,98.705,99.354
par39,I,80,0,76,32,99.937,100.525
par39,I,81,0,74,35,100.51,101.312
par39,I,82,0,72,35,101.111,101.845
par39,I,83,0,72,23,102.298,103.908
par39,I,84,0,76,44,103.202,104.321
par39,I,85,0,77,40,103.55,104.882
par39,I,86,0,79,40,104.142,105.108
par39,I,87,0,74,38,104.841,106.175
par39,I,88,0,72,61,106.038,107.045
par39,I,89,0,72,40,107.312,108.576
par39,I,90,0,76,51,109.23,110.469
par39,I,91,0,74,37,109.831,110.959
par39,I,92,0,72,33,112.159,113.737
par39,I,93,0,76,1,113.001,113.823
par39,I,94,0,76,63,114.574,115.221
par39,I,95,0,77,55,115.803,116.433
par39,I,96,0,79,42,116.991,118.642
par39,I,97,0,79,45,119.305,120.115
par39,I,98,0,77,22,119.955,120.499
par39,I,99,0,76,25,120.655,122.176
par39,I,100,0,74,45,121.267,122.534
par39,I,101,0,72,40,122.059,123.27
par39,I,102,0,72,15,124.355,125.25
par39,I,103,0,76,28,124.832,125.706
par39,I,104,0,77,26,127.378,128.444
par39,I,105,0,74,36,126.659,128.591
par39,I,106,0,76,59,130.399,131.05
par39,I,107,0,77,30,130.072,131.158
par39,I,108,0,74,49,130.945,131.978
par39,I,109,0,79,33,129.129,132.038
par39,I,110,0,72,69,131.601,132.89
par39,I,111,0,72,48,134.063,136.352
par39,I,112,0,76,50,135.193,136.521
par39,I,113,0,77,38,135.718,136.891
par39,I,114,0,74,46,134.914,137.037
par39,I,115,0,79,62,136.331,137.498
par39,I,116,0,77,27,138.893,140.206
par39,I,117,0,76,14,139.728,140.727
par39,I,118,0,74,60,140.031,140.735
par39,I,119,0,79,47,141.342,142.306
par39,I,120,0,72,47,140.666,142.603
par39,I,121,0,72,29,143.859,145.156
par39,I,122,0,77,25,145.557,147.179
par39,I,123,0,76,23,145.018,147.231
par39,I,124,0,79,30,146.443,147.245
par39,I,125,0,74,37,144.657,147.384
par39,I,126,0,72,27,148.631,149.283
par39,I,127,0,74,40,149.781,152.038
par39,I,128,0,76,28,151.12,152.049
par39,I,129,0,77,5,152.935,153.476
par39,I,130,0,76,54,153.494,154.313
par39,I,131,0,74,49,154.013,154.63
par39,I,132,0,72,24,154.652,155.938
par39,I,133,0,74,18,155.612,157.148
par39,I,134,0,76,33,155.955,157.995
par39,I,135,0,77,1,156.488,158.025
par39,I,136,0,79,24,157.213,158.059
par39,I,137,0,72,31,157.694,158.092
par39,I,138,0,72,24,158.96,159.715
par39,I,139,0,76,33,160.161,162.035
par39,I,140,0,77,29,160.764,162.1
par39,I,141,0,74,1,163.456,163.784
par39,I,142,0,72,16,164.323,165.07
par39,I,143,0,72,39,165.61,166.658
par39,I,144,0,74,35,166.229,167.047
par39,I,145,0,74,54,168.904,169.297
par39,I,146,0,76,19,168.073,169.299
par39,I,147,0,76,49,169.892,170.302
par39,I,148,0,77,43,169.888,170.831
par39,I,149,0,79,54,170.714,171.728
par39,I,150,0,72,49,169.225,171.915
par39,I,151,0,72,31,173.028,174.261
par39,I,152,0,74,38,173.936,174.407
par39,I,153,0,76,38,174.256,175.394
par39,I,154,0,77,29,174.792,175.537
par39,I,155,0,79,24,175.293,176.561
par39,I,156,0,74,57,176.422,177.175
par39,I,157,0,76,42,175.886,177.182
par39,I,158,0,72,45,177.027,179.012
par39,I,159,0,79,61,178.922,180.097
par39,I,160,0,77,38,178.642,180.195
par39,I,161,0,76,54,177.745,180.206
par39,I,162,0,74,62,179.493,180.233
par39,I,163,0,72,27,180.091,182.193
par39,I,164,0,72,46,182.735,183.341
par39,I,165,0,74,31,183.27,184.317
par39,I,166,0,76,34,183.835,185.005
par39,I,167,0,77,27,184.785,185.179
par39,I,168,0,76,48,185.167,185.291
par39,I,169,0,74,43,185.269,186.541
par39,I,170,0,76,48,187.488,188.039
par39,I,171,0,72,43,188.157,189.45
par39,I,172,0,74,58,188.751,189.941
par39,I,173,0,77,57,189.355,190.079
par39,I,174,0,79,54,189.995,191.101
par39,I,175,0,79,44,192.377,193.556
par39,I,176,0,77,35,193.361,193.809
par39,I,0,1,72,38,2.551,3.151
par39,I,1,1,74,41,3.086,3.723
par39,I,2,1,76,29,3.671,4.777
par39,I,3,1,77,49,4.606,5.35
par39,I,4,1,79,46,4.919,5.548
par39,I,5,1,76,27,5.438,6.132
par39,I,6,1,72,53,6.1,6.788
par39,I,7,1,74,57,8.168,8.385
par39,I,8,1,72,36,7.329,8.631
par39,I,9,1,76,56,8.467,9.188
par39,I,10,1,74,56,9.102,9.814
par39,I,11,1,72,28,9.746,10.551
par39,I,12,1,76,55,10.996,11.844
par39,I,13,1,74,69,12.198,13.012
par39,I,14,1,76,51,13.132,14.254
par39,I,15,1,77,18,13.498,14.709
par39,I,16,1,79,45,14.088,15.195
par39,I,17,1,72,46,14.622,16.609
par39,I,18,1,74,64,15.809,17.024
par39,I,19,1,76,37,16.383,17.558
par39,I,20,1,77,56,17.019,17.604
par39,I,21,1,77,59,18.25,18.912
par39,I,22,1,76,66,18.809,19.075
par39,I,23,1,79,39,17.96,20.045
par39,I,24,1,76,62,19.395,20.201
par39,I,25,1,74,65,19.97,20.708
par39,I,26,1,72,58,20.625,21.422
par39,I,27,1,79,22,20.588,21.569
par39,I,28,1,72,45,21.872,22.631
par39,I,29,1,76,54,22.783,23.681
par39,I,30,1,74,31,23.187,23.763
par39,I,31,1,72,51,23.677,25.46
par39,I,32,1,77,66,24.301,25.665
par39,I,33,1,79,64,25.239,25.704
par39,I,34,1,72,3,26.882,27.501
par39,I,35,1,79,28,26.84,28.529
par39,I,36,1,76,59,27.697,28.608
par39,I,37,1,74,55,27.974,28.629
par39,I,38,1,72,52,28.559,29.756
par39,I,39,1,74,64,29.15,29.964
par39,I,40,1,76,61,31.686,32.593
par39,I,41,1,72,58,32.512,32.923
par39,I,42,1,74,79,32.823,33.691
par39,I,43,1,76,68,34.799,35.395
par39,I,44,1,77,72,33.931,35.597
par39,I,45,1,79,62,34.278,35.77
par39,I,46,1,74,50,35.335,36.495
par39,I,47,1,72,46,36.459,37.76
par39,I,48,1,74,35,37.417,37.817
par39,I,49,1,76,65,37.686,38.382
par39,I,50,1,77,67,38.239,39.477
par39,I,51,1,79,41,38.889,40.306
par39,I,52,1,77,68,40.115,41.412
par39,I,53,1,74,60,41.355,42.51
par39,I,54,1,76,72,42.279,43.093
par39,I,55,1,77,57,42.531,43.113
par39,I,56,1,79,67,43.062,44.135
par39,I,57,1,76,74,43.665,45.16
par39,I,58,1,72,68,45.062,45.785
par39,I,59,1,72,62,46.25,46.918
par39,I,60,1,74,69,46.819,47.442
par39,I,61,1,76,58,47.367,48.48
par39,I,62,1,74,80,47.877,48.547
par39,I,63,1,72,64,48.449,49.368
par39,I,64,1,77,58,49.32,49.781
par39,I,65,1,79,69,49.624,49.989
par39,I,66,1,76,71,51.137,51.872
par39,I,67,1,79,38,50.631,52.16
par39,I,68,1,74,54,51.636,52.587
par39,I,69,1,72,76,52.295,52.905
par39,I,70,1,74,64,52.874,54.41
par39,I,71,1,76,52,53.551,54.507
par39,I,72,1,77,49,54.148,56.694
par39,I,73,1,74,77,55.358,56.708
par39,I,74,1,72,55,56.567,57.853
par39,I,75,1,76,60,57.525,58.72
par39,I,76,1,77,61,57.806,58.891
par39,I,77,1,77,1,60.023,61.005
par39,I,78,1,79,33,58.45,61.614
par39,I,79,1,76,37,60.949,61.865
par39,I,80,1,74,55,61.792,62.238
par39,I,81,1,72,68,62.141,62.951
par39,I,82,1,74,73,62.748,63.508
par39,I,83,1,76,56,63.332,64.657
par39,I,84,1,77,52,64.472,65.873
par39,I,85,1,72,63,65.712,66.252
par39,I,86,1,74,65,66.669,67.849
par39,I,87,1,77,50,67.534,68.798
par39,I,88,1,79,45,68.211,68.835
par39,I,89,1,76,53,66.967,68.854
par39,I,90,1,79,51,69.367,70.133
par39,I,91,1,76,38,70.586,71.187
par39,I,92,1,72,53,71.559,71.884
par39,I,93,1,74,72,71.843,72.418
par39,I,94,1,76,70,72.363,72.965
par39,I,95,1,77,55,72.996,73.646
par39,I,96,1,72,55,73.541,74.826
par39,I,97,1,77,54,74.237,74.939
par39,I,98,1,76,57,74.824,75.463
par39,I,99,1,72,23,75.418,76.538
par39,I,100,1,74,44,76.431,76.953
par39,I,101,1,74,70,77.364,78.604
par39,I,102,1,76,65,77.885,78.664
par39,I,103,1,77,75,79.166,81.076
par39,I,104,1,72,57,76.791,81.079
par39,I,105,1,79,63,80.33,81.205
par39,I,106,1,74,72,82.958,83.74
par39,I,107,1,72,64,81.546,84.409
par39,I,108,1,74,1,84.492,84.77
par39,I,109,1,76,38,83.989,84.791
par39,I,110,1,72,42,85.283,86.143
par39,I,111,1,74,72,86.07,86.525
par39,I,112,1,72,72,86.415,87.949
par39,I,113,1,76,60,87.737,88.53
par39,I,114,1,74,67,87.077,88.54
par39,I,115,1,72,37,88.831,90.4
par39,I,116,1,74,52,90.107,91.525
par39,I,117,1,77,42,91.313,91.987
par39,I,118,1,76,43,91.019,92.005
par39,I,119,1,72,37,91.905,94.318
par39,I,120,1,74,58,92.538,94.459
par39,I,121,1,76,41,93.75,95.133
par39,I,122,1,77,39,95.02,95.632
par39,I,123,1,72,48,95.892,96.059
par39,I,124,1,72,53,96.228,97.001
par39,I,125,1,74,38,96.771,98.549
par39,I,126,1,76,51,97.355,98.912
par39,I,127,1,74,39,99.876,100.917
par39,I,128,1,72,1,98.767,101.257
par39,I,129,1,77,29,101.115,102.173
par39,I,130,1,76,33,100.701,102.338
par39,I,131,1,72,28,101.73,102.949
par39,I,132,1,74,56,102.391,103.323
par39,I,133,1,72,29,103.527,104.313
par39,I,134,1,77,40,105.682,107.245
par39,I,135,1,72,31,104.753,107.91
par39,I,136,1,76,51,106.58,108.141
par39,I,137,1,74,60,107.12,108.43
par39,I,138,1,74,55,109.018,109.299
par39,I,139,1,74,51,109.63,110.396
par39,I,140,1,72,1,110.114,110.576
par39,I,141,1,77,63,111.953,113.224
par39,I,142,1,72,49,110.84,113.388
par39,I,143,1,74,51,112.636,114.582
par39,I,144,1,72,44,113.684,114.601
par39,I,145,1,76,57,111.715,114.697
par39,I,146,1,72,19,115.662,116.17
par39,I,147,1,72,51,116.589,116.73
par39,I,148,1,72,39,116.899,118.054
par39,I,149,1,74,57,117.473,118.73
par39,I,150,1,76,48,118.1,119.029
par39,I,151,1,77,39,118.624,119.062
par39,I,152,1,77,43,119.299,120.793
par39,I,153,1,76,21,119.815,121.327
par39,I,154,1,74,1,120.367,121.371
par39,I,155,1,72,5,121.269,123.361
par39,I,156,1,74,52,121.761,123.522
par39,I,157,1,76,35,122.326,123.936
par39,I,158,1,77,29,123.016,124.141
par39,I,159,1,79,31,123.741,125.984
par39,I,160,1,74,28,125.534,126.143
par39,I,161,1,77,37,124.468,126.157
par39,I,162,1,76,36,124.989,126.473
par39,I,163,1,72,45,126.028,126.474
par39,I,164,1,74,1,127.27,127.666
par39,I,165,1,72,43,126.727,127.736
par39,I,166,1,72,26,128.202,129.406
par39,I,167,1,74,60,128.501,129.495
par39,I,168,1,76,49,129.032,129.617
par39,I,169,1,74,50,130.83,131.77
par39,I,170,1,72,40,129.709,131.841
par39,I,171,1,76,20,131.325,132.923
par39,I,172,1,77,43,131.895,133.099
par39,I,173,1,79,35,132.486,133.138
par39,I,174,1,74,52,134.326,134.666
par39,I,175,1,72,31,133.583,134.772
par39,I,176,1,76,56,134.584,135.04
par39,I,177,1,72,42,135.124,135.919
par39,I,178,1,74,65,135.659,136.21
par39,I,179,1,76,58,136.211,136.657
par39,I,180,1,72,1,136.678,137.469
par39,I,181,1,77,38,136.727,137.726
par39,I,182,1,76,48,137.22,137.78
par39,I,183,1,74,45,137.759,138.267
par39,I,184,1,72,12,138.111,138.919
par39,I,185,1,74,50,138.843,139.312
par39,I,186,1,72,14,139.332,139.79
par39,I,187,1,74,48,139.942,140.786
par39,I,188,1,72,35,140.759,141.114
par39,I,189,1,74,61,141.067,141.618
par39,I,190,1,74,53,142.091,143.191
par39,I,191,1,72,39,141.578,143.649
par39,I,192,1,76,42,142.666,143.687
par39,I,193,1,77,33,143.221,143.81
par39,I,194,1,77,44,144.946,145.466
par39,I,195,1,79,60,143.656,146.173
par39,I,196,1,76,46,145.494,146.312
par39,I,197,1,74,39,146.044,147.115
par39,I,198,1,72,35,147.122,147.524
par39,I,199,1,74,56,147.398,148.015
par39,I,200,1,77,49,148.475,149.353
par39,I,201,1,76,56,147.863,149.86
par39,I,202,1,79,45,149.741,150.664
par39,I,203,1,72,35,150.724,150.842
par39,I,204,1,72,30,151.022,151.91
par39,I,205,1,74,12,151.397,151.985
par39,I,206,1,76,55,151.833,152.234
par39,I,207,1,77,45,152.113,152.867
par39,I,208,1,79,26,152.476,152.908
par39,I,209,1,72,1,152.519,153.36
par39,I,210,1,74,46,153.271,154.171
par39,I,211,1,76,47,153.747,154.285
par39,I,212,1,77,32,154.176,155.207
par39,I,213,1,79,46,154.465,155.238
par39,I,214,1,79,58,155.896,156.885
par39,I,215,1,77,25,156.164,156.922
par39,I,216,1,76,39,156.734,157.464
par39,I,217,1,74,49,156.984,157.468
par39,I,218,1,74,65,157.895,158.298
par39,I,219,1,72,44,157.381,158.405
par39,I,220,1,77,30,158.55,159.283
par39,I,221,1,79,25,158.925,159.348
par39,I,222,1,76,49,158.178,159.396
par39,I,223,1,72,48,159.246,160.439
par39,I,224,1,74,55,161.572,161.869
par39,I,225,1,74,46,162.524,164.338
par39,I,226,1,76,36,163.195,164.379
par39,I,227,1,77,21,163.769,164.405
par39,I,228,1,79,61,164.321,165.07
par39,I,229,1,72,24,160.735,165.12
par39,I,230,1,72,53,165.564,167.0
par39,I,231,1,74,64,166.593,167.341
par39,I,232,1,76,34,166.868,168.078
par39,I,233,1,77,44,167.46,168.154
par39,I,234,1,79,43,167.989,168.3
par39,I,235,1,79,59,168.578,170.613
par39,I,236,1,72,39,169.208,170.711
par39,I,237,1,74,26,170.441,171.29
par39,I,238,1,76,37,171.396,172.727
par39,I,239,1,77,44,171.655,172.809
par39,I,240,1,79,32,172.284,173.592
par39,I,241,1,74,63,173.578,174.143
par39,I,242,1,76,47,174.718,176.166
par39,I,243,1,77,29,175.172,176.205
par39,I,244,1,72,22,172.923,176.685
par39,I,245,1,77,41,176.53,177.205
par39,I,246,1,79,48,176.25,177.604
par39,I,247,1,76,46,177.09,177.7
par39,I,248,1,75,2,177.635,177.904
par39,I,249,1,72,1,178.324,180.626
par39,I,250,1,74,35,179.159,180.736
par39,I,251,1,74,1,182.328,182.762
par39,I,252,1,72,26,181.368,183.17
par39,I,253,1,74,50,183.027,184.399
par39,I,254,1,77,53,183.881,185.148
par39,I,255,1,76,52,183.427,185.263
par39,I,256,1,79,43,184.384,185.281
par39,I,257,1,72,1,185.675,187.185
par39,I,258,1,74,32,187.067,188.033
par39,I,259,1,76,1,187.842,188.472
par39,I,260,1,77,14,188.79,189.257
par39,I,261,1,79,17,189.554,189.899
par39,I,262,1,77,40,190.246,190.845
par39,I,263,1,74,22,191.315,192.068
par39,I,264,1,76,47,190.792,192.129
par39,I,265,1,72,7,191.98,192.831
par39,I,266,1,79,57,192.683,193.499
par39,I,267,1,77,22,193.342,194.118
par40,S,0,0,72,43,0.719,0.903
par40,S,1,0,74,54,1.12,1.284
par40,S,2,0,76,41,1.452,1.609
par40,S,3,0,77,44,1.801,1.985
par40,S,4,0,79,20,2.178,2.386
par40,S,5,0,74,72,2.921,3.084
par40,S,6,0,72,56,3.632,3.787
par40,S,7,0,74,47,3.958,4.092
par40,S,8,0,76,44,4.269,4.424
par40,S,9,0,77,53,4.587,4.754
par40,S,10,0,79,54,4.923,5.188
par40,S,11,0,74,42,5.687,5.826
par40,S,12,0,72,11,5.675,6.017
par40,S,13,0,74,52,6.173,6.325
par40,S,14,0,76,40,6.468,6.629
par40,S,15,0,77,55,6.796,6.942
par40,S,16,0,79,38,7.134,7.386
par40,S,17,0,72,42,7.596,7.79
par40,S,18,0,74,55,7.959,8.096
par40,S,19,0,76,47,8.282,8.405
par40,S,20,0,77,57,8.611,8.751
par40,S,21,0,79,48,8.943,9.204
par40,S,22,0,79,33,9.969,10.167
par40,S,23,0,77,40,10.347,10.483
par40,S,24,0,76,26,10.73,10.798
par40,S,25,0,74,47,11.103,11.281
par40,S,26,0,72,58,11.503,11.724
par40,S,27,0,79,31,12.091,12.308
par40,S,28,0,77,45,12.441,12.599
par40,S,29,0,76,52,12.755,12.886
par40,S,30,0,74,46,13.085,13.283
par40,S,31,0,72,61,13.369,13.528
par40,S,32,0,79,34,13.769,13.881
par40,S,33,0,77,61,14.39,14.597
par40,S,34,0,76,45,14.761,14.927
par40,S,35,0,74,56,15.102,15.251
par40,S,36,0,72,55,15.461,15.61
par40,S,37,0,79,54,15.851,16.021
par40,S,38,0,77,54,16.226,16.375
par40,S,39,0,76,34,16.577,16.736
par40,S,40,0,74,54,16.92,17.058
par40,S,41,0,72,59,17.2,17.357
par40,S,42,0,79,23,17.571,17.751
par40,S,43,0,77,59,17.94,18.071
par40,S,44,0,76,37,18.292,18.421
par40,S,45,0,74,56,18.677,18.82
par40,S,46,0,72,68,19.041,19.205
par40,S,47,0,74,38,19.8,20.011
par40,S,48,0,76,56,20.151,20.307
par40,S,49,0,77,48,20.496,20.635
par40,S,50,0,79,49,20.819,20.999
par40,S,51,0,72,2,21.22,21.665
par40,S,52,0,79,66,22.001,22.212
par40,S,53,0,77,56,22.462,22.616
par40,S,54,0,77,48,23.179,23.338
par40,S,55,0,76,43,23.542,23.697
par40,S,56,0,74,43,23.84,23.999
par40,S,57,0,72,57,24.093,24.272
par40,S,58,0,79,46,24.384,24.544
par40,S,59,0,77,1,24.849,25.088
par40,S,60,0,76,40,25.255,25.419
par40,S,61,0,74,25,25.576,25.735
par40,S,62,0,72,54,25.88,26.061
par40,S,63,0,79,64,26.2,26.387
par40,S,64,0,77,50,26.655,26.821
par40,S,65,0,76,38,26.949,27.101
par40,S,66,0,74,53,27.244,27.414
par40,S,67,0,72,59,27.628,27.767
par40,S,68,0,79,49,27.958,28.168
par40,S,69,0,77,60,28.391,28.539
par40,S,70,0,76,38,28.716,28.856
par40,S,71,0,74,56,29.014,29.155
par40,S,72,0,72,65,29.352,29.486
par40,S,73,0,79,64,29.644,29.848
par40,S,74,0,76,40,30.939,31.12
par40,S,75,0,77,56,31.254,31.422
par40,S,76,0,79,54,31.575,31.782
par40,S,77,0,74,1,32.128,32.342
par40,S,78,0,74,63,32.657,32.828
par40,S,79,0,72,34,32.949,33.102
par40,S,80,0,74,35,33.459,33.535
par40,S,81,0,76,64,33.874,34.042
par40,S,82,0,77,53,34.206,34.379
par40,S,83,0,79,58,34.514,34.763
par40,S,84,0,74,46,35.257,35.497
par40,S,85,0,72,62,35.547,35.7
par40,S,86,0,76,58,36.043,36.204
par40,S,87,0,77,48,36.358,36.497
par40,S,88,0,79,50,36.663,36.854
par40,S,89,0,74,46,37.111,37.258
par40,S,90,0,72,57,37.429,37.56
par40,S,91,0,76,47,37.875,38.016
par40,S,92,0,77,55,38.196,38.313
par40,S,93,0,79,44,38.495,38.664
par40,S,94,0,74,51,38.913,39.046
par40,S,95,0,72,60,39.223,39.384
par40,S,96,0,76,52,39.668,39.794
par40,S,97,0,77,46,39.952,40.159
par40,S,98,0,79,34,40.351,40.549
par40,S,99,0,74,48,40.806,40.93
par40,S,100,0,72,52,41.075,41.238
par40,S,101,0,76,46,42.238,42.368
par40,S,102,0,74,59,42.534,42.704
par40,S,103,0,72,52,42.819,42.961
par40,S,104,0,76,1,43.326,43.424
par40,S,105,0,76,62,43.552,43.716
par40,S,106,0,77,46,43.82,43.996
par40,S,107,0,79,40,44.23,44.44
par40,S,108,0,76,47,47.242,47.392
par40,S,109,0,74,50,47.546,47.722
par40,S,110,0,72,51,47.846,48.06
par40,S,111,0,76,45,48.204,48.36
par40,S,112,0,77,52,48.482,48.664
par40,S,113,0,79,19,48.669,49.012
par40,S,114,0,76,41,49.558,49.711
par40,S,115,0,74,37,49.874,50.038
par40,S,116,0,72,49,50.165,50.384
par40,S,117,0,77,52,50.584,50.745
par40,S,118,0,79,51,50.882,51.101
par40,S,119,0,76,53,51.469,51.641
par40,S,120,0,74,52,51.786,51.936
par40,S,121,0,72,53,52.088,52.23
par40,S,122,0,76,9,52.578,52.861
par40,S,123,0,77,54,53.278,53.44
par40,S,124,0,79,52,53.56,53.751
par40,S,125,0,76,43,54.384,54.57
par40,S,126,0,74,51,54.696,54.893
par40,S,127,0,72,56,55.012,55.164
par40,S,128,0,77,29,55.668,55.854
par40,S,129,0,79,46,56.001,56.203
par40,S,130,0,77,46,56.894,57.11
par40,S,131,0,79,49,57.211,57.42
par40,S,132,0,76,49,57.817,57.998
par40,S,133,0,74,49,58.14,58.263
par40,S,134,0,74,9,58.537,58.609
par40,S,135,0,72,61,58.604,58.839
par40,S,136,0,77,43,59.31,59.471
par40,S,137,0,79,51,59.636,59.904
par40,S,138,0,76,33,60.162,60.347
par40,S,139,0,74,35,60.514,60.637
par40,S,140,0,72,53,60.815,60.987
par40,S,141,0,77,38,61.225,61.362
par40,S,142,0,79,43,61.502,61.83
par40,S,143,0,76,38,62.144,62.347
par40,S,144,0,74,33,62.484,62.674
par40,S,145,0,72,59,62.799,63.02
par40,S,146,0,77,48,63.175,63.37
par40,S,147,0,79,32,63.687,63.913
par40,S,148,0,76,30,64.255,64.475
par40,S,149,0,74,55,64.631,64.795
par40,S,150,0,72,56,64.962,65.25
par40,S,151,0,77,49,66.309,66.488
par40,S,152,0,79,39,66.637,66.862
par40,S,153,0,76,49,67.098,67.263
par40,S,154,0,74,36,67.435,67.604
par40,S,155,0,72,74,67.734,67.934
par40,S,156,0,76,46,68.826,68.986
par40,S,157,0,74,44,69.184,69.352
par40,S,158,0,74,42,69.853,69.988
par40,S,159,0,72,39,70.156,70.334
par40,S,160,0,76,39,70.537,70.647
par40,S,161,0,77,41,70.846,70.991
par40,S,162,0,79,68,71.146,71.407
par40,S,163,0,74,42,71.704,71.869
par40,S,164,0,72,49,72.027,72.182
par40,S,165,0,76,40,72.429,72.561
par40,S,166,0,77,49,72.777,72.915
par40,S,167,0,79,61,73.059,73.28
par40,S,168,0,74,44,73.567,73.714
par40,S,169,0,72,36,73.929,74.101
par40,S,170,0,76,44,74.342,74.473
par40,S,171,0,77,48,74.68,74.797
par40,S,172,0,79,55,75.007,75.227
par40,S,173,0,74,39,75.534,75.67
par40,S,174,0,72,38,75.866,76.016
par40,S,175,0,76,40,76.24,76.371
par40,S,176,0,77,50,76.546,76.685
par40,S,177,0,79,53,76.843,77.047
par40,S,178,0,74,40,77.316,77.445
par40,S,179,0,72,50,77.629,77.795
par40,S,180,0,76,39,78.021,78.143
par40,S,181,0,77,50,78.331,78.424
par40,S,182,0,79,49,78.624,78.833
par40,S,183,0,72,46,79.412,79.583
par40,S,184,0,74,49,80.074,80.244
par40,S,185,0,76,39,80.418,80.57
par40,S,186,0,77,40,80.765,80.97
par40,S,187,0,79,38,81.489,81.694
par40,S,188,0,72,44,82.169,82.341
par40,S,189,0,74,1,82.605,82.88
par40,S,190,0,74,56,83.029,83.195
par40,S,191,0,76,47,83.335,83.489
par40,S,192,0,77,57,83.66,83.809
par40,S,193,0,79,56,84.002,84.229
par40,S,194,0,72,43,84.479,84.644
par40,S,195,0,74,43,84.792,84.927
par40,S,196,0,76,51,85.1,85.236
par40,S,197,0,77,40,85.468,85.633
par40,S,198,0,79,56,85.821,86.097
par40,S,199,0,72,47,86.372,86.544
par40,S,200,0,74,34,86.671,86.786
par40,S,201,0,76,40,86.984,87.126
par40,S,202,0,77,25,87.426,87.635
par40,S,203,0,79,54,87.793,88.016
par40,S,204,0,79,51,88.297,88.514
par40,S,205,0,77,50,88.631,88.827
par40,S,206,0,76,44,88.937,89.137
par40,S,207,0,74,15,89.273,89.53
par40,S,208,0,72,49,89.643,89.876
par40,S,209,0,79,42,90.083,90.267
par40,S,210,0,77,35,90.434,90.616
par40,S,211,0,76,39,90.78,90.967
par40,S,212,0,74,44,91.057,91.287
par40,S,213,0,72,67,91.349,91.594
par40,S,214,0,79,55,91.829,92.038
par40,S,215,0,77,46,92.179,92.344
par40,S,216,0,76,45,92.51,92.657
par40,S,217,0,74,39,92.798,92.974
par40,S,218,0,72,54,93.098,93.287
par40,S,219,0,79,48,93.487,93.695
par40,S,220,0,77,48,93.82,93.962
par40,S,221,0,76,48,94.112,94.276
par40,S,222,0,74,31,94.364,94.579
par40,S,223,0,72,68,94.606,94.87
par40,S,224,0,74,46,95.57,95.724
par40,S,225,0,76,49,95.866,96.019
par40,S,226,0,77,43,96.263,96.473
par40,S,227,0,79,49,96.632,96.873
par40,S,228,0,72,36,96.943,97.169
par40,S,229,0,74,37,97.439,97.621
par40,S,230,0,76,35,97.791,97.941
par40,S,231,0,77,46,98.13,98.273
par40,S,232,0,79,48,98.427,98.619
par40,S,233,0,72,54,98.797,98.982
par40,S,234,0,74,52,99.261,99.412
par40,S,235,0,76,36,99.607,99.759
par40,S,236,0,77,55,99.954,100.078
par40,S,237,0,79,42,100.244,100.464
par40,S,238,0,72,53,100.589,100.796
par40,S,239,0,74,48,101.015,101.167
par40,S,240,0,76,39,101.349,101.475
par40,S,241,0,77,58,101.654,101.793
par40,S,242,0,79,51,101.967,102.137
par40,S,243,0,72,43,102.334,102.559
par40,S,244,0,77,48,103.366,103.514
par40,S,245,0,76,45,103.701,103.845
par40,S,246,0,74,50,104.017,104.159
par40,S,247,0,72,50,104.287,104.468
par40,S,248,0,79,34,104.629,104.811
par40,S,249,0,77,43,105.06,105.193
par40,S,250,0,76,39,105.382,105.515
par40,S,251,0,74,48,105.666,105.824
par40,S,252,0,72,49,105.964,106.136
par40,S,253,0,79,59,106.266,106.459
par40,S,254,0,77,53,106.688,106.82
par40,S,255,0,76,43,107.013,107.131
par40,S,256,0,74,49,107.278,107.423
par40,S,257,0,72,45,107.56,107.713
par40,S,258,0,79,57,107.833,108.039
par40,S,259,0,77,43,108.249,108.387
par40,S,260,0,76,41,108.534,108.73
par40,S,261,0,74,46,108.789,109.017
par40,S,262,0,72,66,109.04,109.273
par40,S,263,0,79,64,109.307,109.775
par40,S,264,0,76,27,110.708,110.851
par40,S,265,0,77,39,110.999,111.142
par40,S,266,0,79,51,111.261,111.515
par40,S,267,0,74,17,111.633,111.893
par40,S,268,0,72,43,112.022,112.24
par40,S,269,0,76,45,112.943,113.078
par40,S,270,0,77,46,113.236,113.392
par40,S,271,0,79,61,113.529,113.825
par40,S,272,0,74,32,114.037,114.223
par40,S,273,0,72,52,114.308,114.57
par40,S,274,0,76,27,114.873,115.034
par40,S,275,0,77,1,115.421,115.688
par40,S,276,0,77,65,115.869,116.021
par40,S,277,0,79,53,116.145,116.357
par40,S,278,0,74,48,116.545,116.698
par40,S,279,0,72,51,116.817,117.0
par40,S,280,0,76,46,117.225,117.4
par40,S,281,0,77,50,117.537,117.677
par40,S,282,0,79,59,117.817,118.125
par40,S,283,0,76,36,118.35,118.552
par40,S,284,0,74,36,118.692,118.791
par40,S,285,0,72,46,118.818,119.031
par40,S,286,0,76,41,119.412,119.551
par40,S,287,0,77,46,119.896,120.033
par40,S,288,0,76,49,120.202,120.35
par40,S,289,0,74,44,120.464,120.588
par40,S,290,0,72,51,120.625,120.832
par40,S,291,0,77,33,121.011,121.238
par40,S,292,0,79,50,121.328,121.564
par40,S,293,0,76,44,121.834,121.998
par40,S,294,0,74,43,122.138,122.309
par40,S,295,0,72,52,122.436,122.615
par40,S,296,0,76,34,122.762,122.88
par40,S,297,0,77,40,123.012,123.177
par40,S,298,0,79,39,123.316,123.749
par40,S,299,0,76,36,124.012,124.186
par40,S,300,0,74,44,124.318,124.486
par40,S,301,0,72,54,124.55,124.744
par40,S,302,0,76,18,124.957,125.201
par40,S,303,0,79,27,125.415,125.649
par40,S,304,0,76,55,126.33,126.502
par40,S,305,0,74,41,126.637,126.785
par40,S,306,0,72,45,126.883,127.125
par40,S,307,0,77,9,127.592,127.803
par40,S,308,0,79,57,127.913,128.105
par40,S,309,0,76,50,128.362,128.518
par40,S,310,0,74,36,128.651,128.831
par40,S,311,0,72,60,128.915,129.133
par40,S,312,0,76,7,129.336,129.542
par40,S,313,0,79,50,129.779,130.125
par40,S,314,0,77,39,130.987,131.186
par40,S,315,0,79,52,131.321,131.529
par40,S,316,0,74,53,131.797,131.938
par40,S,317,0,76,46,132.171,132.34
par40,S,318,0,74,42,132.441,132.62
par40,S,319,0,72,59,132.701,132.864
par40,S,320,0,77,49,133.15,133.307
par40,S,321,0,79,55,133.44,133.677
par40,S,322,0,76,29,134.084,134.23
par40,S,323,0,74,44,134.414,134.574
par40,S,324,0,72,55,134.662,134.838
par40,S,325,0,77,45,135.043,135.173
par40,S,326,0,79,16,135.353,135.658
par40,S,327,0,76,38,135.874,136.037
par40,S,328,0,74,41,136.199,136.385
par40,S,329,0,72,49,136.516,136.685
par40,S,330,0,77,45,137.032,137.22
par40,S,331,0,79,45,137.312,137.547
par40,S,332,0,76,37,137.802,137.952
par40,S,333,0,74,42,138.319,138.554
par40,S,334,0,72,59,138.695,138.877
par40,S,335,0,76,17,139.117,139.163
par40,S,336,0,77,22,139.265,139.507
par40,S,337,0,79,51,139.629,139.854
par40,S,338,0,76,40,140.279,140.447
par40,S,339,0,74,44,140.583,140.788
par40,S,340,0,72,54,140.871,141.107
par40,S,341,0,77,37,141.289,141.432
par40,S,342,0,79,48,141.532,141.773
par40,S,343,0,76,26,141.953,142.116
par40,S,344,0,74,45,142.278,142.507
par40,S,345,0,72,63,142.528,142.709
par40,S,346,0,76,46,143.494,143.656
par40,S,347,0,74,38,143.781,143.993
par40,S,348,0,77,38,144.819,144.962
par40,S,349,0,79,40,145.136,145.291
par40,S,350,0,79,46,145.423,145.709
par40,S,351,0,74,53,147.132,147.3
par40,S,352,0,72,28,147.412,147.599
par40,S,353,0,76,43,147.827,147.932
par40,S,354,0,77,40,148.405,148.634
par40,S,355,0,79,60,148.743,148.973
par40,S,356,0,74,26,149.302,149.475
par40,S,357,0,72,54,149.694,149.907
par40,S,358,0,76,48,150.128,150.247
par40,S,359,0,77,41,150.408,150.527
par40,S,360,0,79,23,150.702,150.888
par40,S,361,0,74,51,151.274,151.392
par40,S,362,0,72,30,151.696,151.874
par40,S,363,0,76,46,152.43,152.619
par40,S,364,0,79,63,152.782,152.96
par40,S,365,0,77,15,153.119,153.231
par40,S,366,0,74,35,153.823,154.015
par40,S,367,0,72,58,154.133,154.288
par40,S,368,0,76,46,154.544,154.678
par40,S,369,0,77,33,154.875,155.021
par40,S,370,0,79,55,155.162,155.42
par40,S,371,0,76,42,156.184,156.318
par40,S,372,0,74,34,156.491,156.87
par40,S,373,0,72,32,159.595,159.733
par40,S,374,0,74,36,159.912,160.014
par40,S,375,0,76,38,160.196,160.332
par40,S,376,0,77,17,160.778,160.954
par40,S,377,0,76,37,161.255,161.365
par40,S,378,0,77,30,161.581,161.717
par40,S,379,0,79,47,161.911,162.099
par40,S,380,0,74,27,162.461,162.634
par40,S,381,0,72,34,167.176,167.309
par40,S,382,0,74,39,167.472,167.572
par40,S,383,0,76,10,167.746,167.8
par40,S,384,0,77,41,168.115,168.273
par40,S,385,0,79,35,168.474,168.657
par40,S,386,0,74,25,170.543,170.689
par40,S,387,0,74,13,171.154,171.311
par40,S,388,0,76,41,171.481,171.614
par40,S,389,0,77,46,172.123,172.315
par40,S,390,0,79,41,172.445,172.706
par40,S,391,0,74,46,173.018,173.269
par40,S,392,0,74,1,173.464,173.672
par40,S,393,0,76,32,173.82,173.938
par40,S,394,0,77,21,174.123,174.335
par40,S,395,0,79,31,174.101,174.521
par40,S,396,0,74,29,174.858,175.098
par40,S,397,0,76,24,175.213,175.639
par40,S,398,0,77,13,175.532,175.93
par40,S,399,0,79,1,175.727,176.158
par40,S,400,0,79,41,176.665,176.896
par40,S,401,0,77,1,176.976,177.231
par40,S,402,0,76,33,177.176,177.61
par40,S,403,0,74,34,177.431,178.028
par40,S,404,0,72,14,178.345,178.611
par40,S,405,0,79,52,179.298,179.512
par40,S,406,0,77,41,179.606,179.856
par40,S,407,0,76,55,179.856,180.079
par40,S,408,0,74,46,180.072,180.401
par40,S,409,0,72,54,180.303,180.548
par40,S,410,0,79,21,181.172,181.465
par40,S,411,0,77,1,181.472,181.995
par40,S,412,0,76,37,181.828,182.065
par40,S,413,0,74,27,182.077,182.301
par40,S,414,0,72,63,182.254,182.534
par40,S,415,0,79,46,182.978,183.261
par40,S,416,0,77,28,183.269,183.584
par40,S,417,0,76,15,183.757,183.976
par40,S,418,0,72,54,184.129,184.154
par40,S,0,1,72,51,0.689,0.881
par40,S,1,1,74,55,1.095,1.279
par40,S,2,1,76,47,1.47,1.638
par40,S,3,1,77,52,1.814,1.986
par40,S,4,1,79,49,2.169,2.396
par40,S,5,1,72,48,2.683,2.902
par40,S,6,1,74,32,3.117,3.322
par40,S,7,1,76,34,3.544,3.728
par40,S,8,1,77,52,3.911,4.084
par40,S,9,1,79,56,4.264,4.472
par40,S,10,1,72,16,4.733,5.044
par40,S,11,1,74,1,5.354,5.693
par40,S,12,1,76,52,5.916,6.059
par40,S,13,1,77,62,6.254,6.413
par40,S,14,1,79,54,6.568,6.785
par40,S,15,1,72,50,6.943,7.143
par40,S,16,1,74,46,7.266,7.436
par40,S,17,1,76,49,7.592,7.766
par40,S,18,1,77,59,7.949,8.116
par40,S,19,1,79,67,8.277,8.475
par40,S,20,1,79,51,8.672,8.868
par40,S,21,1,77,55,8.999,9.212
par40,S,22,1,76,5,9.548,9.847
par40,S,23,1,74,45,9.904,10.122
par40,S,24,1,72,53,10.199,10.381
par40,S,25,1,79,57,10.555,10.782
par40,S,26,1,77,54,10.926,11.124
par40,S,27,1,76,37,11.306,11.438
par40,S,28,1,74,56,11.608,11.773
par40,S,29,1,72,33,11.895,12.099
par40,S,30,1,79,49,12.235,12.464
par40,S,31,1,77,32,12.597,12.78
par40,S,32,1,76,40,12.938,13.094
par40,S,33,1,74,46,13.239,13.44
par40,S,34,1,72,40,13.553,13.775
par40,S,35,1,79,59,13.97,14.232
par40,S,36,1,77,46,14.479,14.659
par40,S,37,1,76,40,14.894,15.062
par40,S,38,1,74,49,15.288,15.44
par40,S,39,1,72,46,15.656,15.809
par40,S,40,1,79,49,16.018,16.222
par40,S,41,1,77,3,16.412,16.789
par40,S,42,1,76,36,16.939,17.145
par40,S,43,1,74,32,17.439,17.71
par40,S,44,1,72,48,17.876,18.066
par40,S,45,1,74,51,18.272,18.469
par40,S,46,1,76,50,18.633,18.8
par40,S,47,1,77,56,18.993,19.161
par40,S,48,1,79,51,19.324,19.547
par40,S,49,1,72,52,19.71,19.866
par40,S,50,1,74,41,20.06,20.229
par40,S,51,1,76,36,20.41,20.577
par40,S,52,1,77,50,20.804,20.957
par40,S,53,1,79,49,21.141,21.343
par40,S,54,1,72,43,21.493,21.631
par40,S,55,1,74,48,21.851,22.012
par40,S,56,1,76,41,22.183,22.359
par40,S,57,1,77,52,22.533,22.694
par40,S,58,1,79,57,22.858,23.05
par40,S,59,1,72,46,23.197,23.344
par40,S,60,1,74,45,23.552,23.7
par40,S,61,1,76,47,23.861,24.041
par40,S,62,1,77,53,24.227,24.372
par40,S,63,1,79,49,24.567,24.751
par40,S,64,1,72,52,24.924,25.107
par40,S,65,1,74,51,25.275,25.432
par40,S,66,1,76,1,25.63,25.95
par40,S,67,1,77,58,26.079,26.263
par40,S,68,1,79,45,26.467,26.647
par40,S,69,1,72,45,26.816,27.025
par40,S,70,1,77,43,28.722,28.924
par40,S,71,1,76,25,29.078,29.269
par40,S,72,1,74,46,29.418,29.578
par40,S,73,1,72,52,29.737,29.922
par40,S,74,1,79,63,30.058,30.329
par40,S,75,1,77,52,30.525,30.72
par40,S,76,1,76,25,30.926,31.157
par40,S,77,1,74,40,31.283,31.456
par40,S,78,1,72,38,31.625,31.807
par40,S,79,1,79,62,31.936,32.242
par40,S,80,1,77,50,32.347,32.551
par40,S,81,1,76,24,32.707,32.854
par40,S,82,1,74,38,33.065,33.231
par40,S,83,1,72,24,33.229,33.547
par40,S,84,1,77,38,33.744,33.85
par40,S,85,1,79,47,33.819,34.128
par40,S,86,1,77,51,34.368,34.593
par40,S,87,1,76,31,34.76,34.917
par40,S,88,1,74,51,35.065,35.244
par40,S,89,1,72,47,35.357,35.513
par40,S,90,1,79,62,35.64,35.844
par40,S,91,1,77,56,36.021,36.172
par40,S,92,1,76,41,36.332,36.532
par40,S,93,1,74,56,36.584,36.809
par40,S,94,1,72,54,36.859,37.032
par40,S,95,1,79,69,37.105,37.529
par40,S,96,1,76,27,38.633,38.824
par40,S,97,1,77,55,38.96,39.124
par40,S,98,1,79,48,39.3,39.522
par40,S,99,1,74,42,39.644,39.785
par40,S,100,1,72,52,39.949,40.136
par40,S,101,1,76,38,40.434,40.604
par40,S,102,1,77,59,40.768,40.928
par40,S,103,1,79,60,41.081,41.288
par40,S,104,1,74,49,41.476,41.658
par40,S,105,1,72,60,41.821,42.028
par40,S,106,1,76,34,42.319,42.486
par40,S,107,1,77,56,42.641,42.796
par40,S,108,1,79,53,42.977,43.17
par40,S,109,1,74,54,43.362,43.524
par40,S,110,1,72,57,43.7,43.895
par40,S,111,1,76,37,44.083,44.232
par40,S,112,1,77,49,44.408,44.575
par40,S,113,1,79,49,44.735,44.957
par40,S,114,1,74,48,45.185,45.384
par40,S,115,1,72,57,45.521,45.719
par40,S,116,1,76,43,45.917,46.053
par40,S,117,1,77,55,46.215,46.378
par40,S,118,1,79,38,46.557,46.779
par40,S,119,1,74,49,46.964,47.132
par40,S,120,1,72,61,47.349,47.599
par40,S,121,1,76,47,49.361,49.511
par40,S,122,1,74,54,49.665,49.887
par40,S,123,1,72,26,49.99,50.169
par40,S,124,1,76,46,50.404,50.625
par40,S,125,1,77,18,50.872,51.114
par40,S,126,1,79,38,51.047,51.406
par40,S,127,1,76,37,52.191,52.386
par40,S,128,1,76,49,52.613,52.78
par40,S,129,1,74,62,52.925,53.093
par40,S,130,1,72,34,53.229,53.398
par40,S,131,1,77,52,53.681,53.98
par40,S,132,1,79,55,54.162,54.379
par40,S,133,1,76,40,54.755,54.887
par40,S,134,1,74,65,55.054,55.212
par40,S,135,1,72,46,55.344,55.526
par40,S,136,1,77,26,55.782,55.999
par40,S,137,1,79,58,56.141,56.365
par40,S,138,1,76,43,56.581,56.693
par40,S,139,1,74,64,56.867,57.006
par40,S,140,1,72,34,57.158,57.299
par40,S,141,1,77,51,57.502,57.661
par40,S,142,1,79,64,57.85,58.055
par40,S,143,1,77,52,58.384,58.556
par40,S,144,1,79,64,58.758,58.963
par40,S,145,1,76,30,59.146,59.258
par40,S,146,1,74,52,59.49,59.629
par40,S,147,1,72,49,59.796,59.965
par40,S,148,1,77,61,60.122,60.272
par40,S,149,1,79,60,60.449,60.618
par40,S,150,1,74,36,60.913,61.032
par40,S,151,1,76,56,61.298,61.446
par40,S,152,1,74,64,61.592,61.762
par40,S,153,1,72,51,61.826,62.032
par40,S,154,1,77,58,62.487,62.688
par40,S,155,1,79,56,62.877,63.044
par40,S,156,1,76,43,63.254,63.396
par40,S,157,1,74,56,63.564,63.703
par40,S,158,1,72,48,63.878,64.02
par40,S,159,1,77,50,64.207,64.36
par40,S,160,1,79,55,64.537,64.716
par40,S,161,1,74,57,64.914,65.086
par40,S,162,1,76,58,65.285,65.433
par40,S,163,1,74,64,65.597,65.742
par40,S,164,1,72,46,65.883,66.128
par40,S,165,1,74,62,67.416,67.58
par40,S,166,1,72,60,67.739,67.935
par40,S,167,1,76,46,68.052,68.237
par40,S,168,1,77,57,68.406,68.602
par40,S,169,1,79,60,68.79,68.992
par40,S,170,1,74,63,69.298,69.425
par40,S,171,1,72,60,69.614,69.773
par40,S,172,1,76,56,69.931,70.077
par40,S,173,1,77,62,70.25,70.384
par40,S,174,1,79,51,70.591,70.785
par40,S,175,1,74,50,71.013,71.13
par40,S,176,1,72,55,71.322,71.505
par40,S,177,1,76,35,71.67,71.772
par40,S,178,1,77,55,71.995,72.114
par40,S,179,1,79,36,72.478,72.766
par40,S,180,1,74,60,73.244,73.393
par40,S,181,1,72,53,73.565,73.729
par40,S,182,1,76,41,73.913,74.049
par40,S,183,1,77,57,74.25,74.392
par40,S,184,1,79,64,74.608,74.873
par40,S,185,1,72,31,75.353,75.587
par40,S,186,1,74,43,75.719,75.881
par40,S,187,1,76,38,76.087,76.209
par40,S,188,1,77,57,76.419,76.553
par40,S,189,1,79,57,76.764,76.958
par40,S,190,1,72,55,77.156,77.332
par40,S,191,1,74,44,77.507,77.65
par40,S,192,1,76,51,77.83,77.993
par40,S,193,1,77,51,78.182,78.338
par40,S,194,1,79,58,78.532,78.732
par40,S,195,1,72,61,78.866,79.058
par40,S,196,1,74,45,79.165,79.314
par40,S,197,1,76,55,79.512,79.665
par40,S,198,1,77,51,79.876,80.004
par40,S,199,1,79,65,80.204,80.401
par40,S,200,1,72,51,80.514,80.687
par40,S,201,1,74,51,80.828,80.996
par40,S,202,1,76,58,81.155,81.31
par40,S,203,1,77,58,81.51,81.652
par40,S,204,1,79,66,81.847,82.037
par40,S,205,1,79,66,82.197,82.362
par40,S,206,1,77,67,82.525,82.668
par40,S,207,1,76,41,82.858,82.967
par40,S,208,1,74,66,83.175,83.307
par40,S,209,1,72,61,83.466,83.608
par40,S,210,1,79,60,83.771,83.913
par40,S,211,1,77,70,84.074,84.201
par40,S,212,1,76,31,84.405,84.506
par40,S,213,1,74,64,84.696,84.835
par40,S,214,1,72,55,84.988,85.172
par40,S,215,1,79,62,85.365,85.584
par40,S,216,1,77,62,85.75,85.879
par40,S,217,1,76,41,86.065,86.172
par40,S,218,1,74,52,86.361,86.48
par40,S,219,1,72,27,86.631,86.862
par40,S,220,1,79,62,87.025,87.204
par40,S,221,1,77,47,87.389,87.51
par40,S,222,1,76,24,87.812,88.039
par40,S,223,1,72,69,88.174,88.337
par40,S,224,1,72,28,88.809,88.924
par40,S,225,1,74,65,93.218,93.351
par40,S,226,1,76,36,93.507,93.711
par40,S,227,1,77,64,93.876,94.026
par40,S,228,1,79,66,94.234,94.423
par40,S,229,1,72,50,94.577,94.739
par40,S,230,1,74,56,94.918,95.052
par40,S,231,1,76,54,95.214,95.345
par40,S,232,1,77,63,95.535,95.668
par40,S,233,1,79,66,95.848,96.018
par40,S,234,1,72,48,96.159,96.295
par40,S,235,1,74,51,96.441,96.572
par40,S,236,1,76,50,96.732,96.881
par40,S,237,1,77,59,97.045,97.186
par40,S,238,1,79,68,97.35,97.534
par40,S,239,1,72,42,97.658,97.807
par40,S,240,1,74,43,97.958,98.127
par40,S,241,1,76,47,98.273,98.407
par40,S,242,1,77,68,98.592,98.74
par40,S,243,1,79,57,98.869,99.049
par40,S,244,1,72,47,99.128,99.305
par40,S,245,1,74,35,99.427,99.563
par40,S,246,1,76,58,99.719,99.847
par40,S,247,1,77,59,100.014,100.152
par40,S,248,1,79,65,100.289,100.461
par40,S,249,1,72,60,100.586,100.775
par40,S,250,1,77,31,101.338,101.539
par40,S,251,1,76,42,101.686,101.863
par40,S,252,1,74,58,101.983,102.133
par40,S,253,1,72,52,102.245,102.414
par40,S,254,1,79,71,102.52,102.711
par40,S,255,1,77,60,102.893,103.032
par40,S,256,1,76,52,103.206,103.324
par40,S,257,1,74,52,103.491,103.646
par40,S,258,1,72,52,103.779,103.938
par40,S,259,1,79,70,104.067,104.248
par40,S,260,1,77,17,104.467,104.788
par40,S,261,1,76,61,104.994,105.137
par40,S,262,1,74,60,105.288,105.422
par40,S,263,1,72,54,105.596,105.756
par40,S,264,1,79,69,105.868,106.046
par40,S,265,1,77,21,106.256,106.584
par40,S,266,1,76,59,106.742,106.884
par40,S,267,1,74,63,107.048,107.193
par40,S,268,1,72,65,107.363,107.522
par40,S,269,1,79,74,107.699,107.897
par40,S,270,1,77,66,108.052,108.18
par40,S,271,1,76,60,108.346,108.478
par40,S,272,1,74,64,108.627,108.773
par40,S,273,1,72,59,108.918,109.038
par40,S,274,1,79,62,109.188,109.397
par40,S,275,1,76,56,110.786,110.986
par40,S,276,1,77,63,111.098,111.26
par40,S,277,1,79,61,111.414,111.601
par40,S,278,1,76,53,112.079,112.253
par40,S,279,1,74,60,112.472,112.616
par40,S,280,1,72,59,112.764,112.972
par40,S,281,1,76,57,113.216,113.367
par40,S,282,1,77,62,113.534,113.694
par40,S,283,1,79,69,113.854,114.036
par40,S,284,1,74,67,114.213,114.388
par40,S,285,1,72,65,114.556,114.779
par40,S,286,1,76,51,114.97,115.127
par40,S,287,1,77,60,115.289,115.442
par40,S,288,1,79,66,115.594,115.788
par40,S,289,1,74,56,115.985,116.155
par40,S,290,1,72,65,116.368,116.633
par40,S,291,1,76,40,116.833,117.037
par40,S,292,1,77,30,117.193,117.341
par40,S,293,1,79,41,117.562,117.78
par40,S,294,1,74,43,117.96,118.132
par40,S,295,1,72,68,118.282,118.449
par40,S,296,1,76,50,118.714,118.869
par40,S,297,1,77,58,119.031,119.193
par40,S,298,1,79,55,119.392,119.603
par40,S,299,1,74,54,119.933,120.055
par40,S,300,1,72,64,120.237,120.423
par40,S,301,1,76,1,124.03,124.32
par40,S,302,1,74,44,124.439,124.652
par40,S,303,1,72,55,124.753,124.953
par40,S,304,1,77,46,125.182,125.378
par40,S,305,1,79,58,125.529,125.747
par40,S,306,1,76,29,125.921,126.104
par40,S,307,1,74,45,126.288,126.447
par40,S,308,1,72,52,126.611,126.792
par40,S,309,1,77,16,126.997,127.374
par40,S,310,1,79,54,127.536,127.754
par40,S,311,1,76,40,128.025,128.207
par40,S,312,1,74,45,128.381,128.563
par40,S,313,1,72,64,128.733,128.947
par40,S,314,1,77,51,129.091,129.267
par40,S,315,1,79,66,129.478,129.676
par40,S,316,1,76,56,129.895,130.095
par40,S,317,1,74,58,130.304,130.459
par40,S,318,1,72,58,130.704,130.91
par40,S,319,1,77,59,131.069,131.227
par40,S,320,1,79,66,131.446,131.667
par40,S,321,1,77,21,131.902,132.279
par40,S,322,1,79,64,132.433,132.653
par40,S,323,1,74,57,132.893,133.191
par40,S,324,1,76,61,133.353,133.505
par40,S,325,1,74,58,133.668,133.805
par40,S,326,1,72,68,133.991,134.177
par40,S,327,1,77,40,134.359,134.577
par40,S,328,1,79,58,134.744,134.942
par40,S,329,1,76,32,135.407,135.631
par40,S,330,1,74,62,135.8,135.941
par40,S,331,1,72,69,136.16,136.337
par40,S,332,1,77,62,136.542,136.724
par40,S,333,1,79,63,136.918,137.089
par40,S,334,1,76,43,137.542,137.705
par40,S,335,1,74,52,137.87,138.002
par40,S,336,1,72,70,138.206,138.379
par40,S,337,1,77,61,138.547,138.706
par40,S,338,1,79,62,138.904,139.111
par40,S,339,1,74,60,139.475,139.596
par40,S,340,1,76,49,139.87,140.021
par40,S,341,1,74,68,140.177,140.308
par40,S,342,1,72,61,140.475,140.607
par40,S,343,1,74,62,142.996,143.119
par40,S,344,1,72,62,143.361,143.598
par40,S,345,1,76,49,143.73,143.874
par40,S,346,1,77,60,144.054,144.201
par40,S,347,1,79,66,144.378,144.564
par40,S,348,1,74,64,144.745,144.855
par40,S,349,1,72,73,145.045,145.21
par40,S,350,1,76,60,145.365,145.468
par40,S,351,1,77,72,145.668,145.781
par40,S,352,1,79,68,145.968,146.12
par40,S,353,1,74,64,146.3,146.388
par40,S,354,1,72,72,146.595,146.75
par40,S,355,1,76,62,146.902,146.997
par40,S,356,1,77,67,147.189,147.294
par40,S,357,1,81,25,147.532,147.637
par40,S,358,1,79,34,147.514,147.916
par40,S,359,1,74,79,148.155,148.271
par40,S,360,1,72,72,148.471,148.609
par40,S,361,1,76,68,148.765,148.875
par40,S,362,1,77,71,149.056,149.175
par40,S,363,1,79,76,149.382,149.532
par40,S,364,1,72,74,150.654,150.793
par40,S,365,1,74,59,150.964,151.067
par40,S,366,1,76,64,151.221,151.337
par40,S,367,1,77,64,151.515,151.635
par40,S,368,1,79,73,151.807,151.979
par40,S,369,1,72,62,152.141,152.253
par40,S,370,1,74,68,152.393,152.526
par40,S,371,1,76,61,152.668,152.786
par40,S,372,1,77,72,152.946,153.067
par40,S,373,1,79,75,153.238,153.406
par40,S,374,1,72,62,153.594,153.719
par40,S,375,1,74,64,153.867,153.977
par40,S,376,1,76,70,154.127,154.234
par40,S,377,1,77,66,154.388,154.504
par40,S,378,1,79,73,154.652,154.804
par40,S,379,1,72,72,154.983,155.112
par40,S,380,1,74,71,155.236,155.352
par40,S,381,1,76,66,155.497,155.607
par40,S,382,1,77,69,155.769,155.876
par40,S,383,1,81,54,156.063,156.253
par40,S,384,1,79,52,156.057,156.26
par40,S,385,1,79,77,156.473,156.666
par40,S,386,1,79,74,156.888,157.046
par40,S,387,1,77,70,157.184,157.313
par40,S,388,1,76,57,157.49,157.602
par40,S,389,1,74,55,157.762,157.863
par40,S,390,1,72,68,158.013,158.15
par40,S,391,1,79,77,158.284,158.461
par40,S,392,1,77,50,158.621,158.739
par40,S,393,1,76,72,158.914,159.02
par40,S,394,1,74,62,159.206,159.291
par40,S,395,1,71,27,159.514,159.59
par40,S,396,1,72,82,159.877,160.046
par40,S,397,1,79,79,160.21,160.364
par40,S,398,1,77,72,160.535,160.636
par40,S,399,1,76,62,160.835,160.931
par40,S,400,1,74,65,161.129,161.207
par40,S,401,1,72,77,161.43,161.539
par40,S,402,1,79,67,161.783,161.962
par40,S,403,1,77,72,162.107,162.243
par40,S,404,1,76,61,162.423,162.527
par40,S,405,1,74,57,162.711,162.819
par40,S,406,1,72,67,162.982,163.111
par40,S,407,1,74,67,163.269,163.378
par40,S,408,1,76,58,163.534,163.632
par40,S,409,1,77,69,163.791,163.907
par40,S,410,1,79,74,164.038,164.202
par40,S,411,1,72,44,164.337,164.461
par40,S,412,1,74,72,164.602,164.713
par40,S,413,1,76,64,164.86,164.978
par40,S,414,1,77,70,165.125,165.224
par40,S,415,1,79,72,165.371,165.518
par40,S,416,1,72,47,165.665,165.733
par40,S,417,1,74,77,165.909,166.0
par40,S,418,1,76,65,166.152,166.23
par40,S,419,1,77,73,166.419,166.498
par40,S,420,1,79,82,166.676,166.828
par40,S,421,1,72,63,166.993,167.084
par40,S,422,1,74,75,167.27,167.348
par40,S,423,1,76,72,167.507,167.592
par40,S,424,1,77,79,167.744,167.838
par40,S,425,1,79,72,168.003,168.134
par40,S,426,1,72,73,168.276,168.378
par40,S,427,1,77,74,169.503,169.644
par40,S,428,1,76,60,169.781,169.858
par40,S,429,1,74,67,170.009,170.117
par40,S,430,1,72,70,170.27,170.362
par40,S,431,1,79,72,170.478,170.636
par40,S,432,1,77,76,170.762,170.877
par40,S,433,1,76,55,171.023,171.118
par40,S,434,1,74,64,171.268,171.37
par40,S,435,1,72,68,171.509,171.602
par40,S,436,1,79,82,171.735,171.88
par40,S,437,1,77,68,172.251,172.338
par40,S,438,1,76,63,172.51,172.59
par40,S,439,1,74,58,172.727,172.826
par40,S,440,1,72,70,172.968,173.054
par40,S,441,1,79,88,173.162,173.314
par40,S,442,1,77,61,173.454,173.537
par40,S,443,1,76,73,173.713,173.818
par40,S,444,1,74,39,173.985,174.067
par40,S,445,1,72,82,174.165,174.313
par40,S,446,1,79,52,174.487,174.593
par40,S,447,1,76,73,176.265,176.368
par40,S,448,1,77,74,176.525,176.61
par40,S,449,1,79,69,176.789,176.904
par40,S,450,1,74,69,177.455,177.596
par40,S,451,1,72,61,177.709,177.834
par40,S,452,1,76,78,177.969,178.057
par40,S,453,1,77,73,178.209,178.295
par40,S,454,1,79,81,178.44,178.562
par40,S,455,1,74,81,178.688,178.781
par40,S,456,1,72,75,178.935,179.045
par40,S,457,1,76,73,179.192,179.27
par40,S,458,1,77,75,179.427,179.508
par40,S,459,1,79,74,179.656,179.769
par40,S,460,1,74,72,179.907,179.98
par40,S,461,1,72,82,180.148,180.253
par40,S,462,1,76,74,180.394,180.453
par40,S,463,1,77,81,180.627,180.697
par40,S,464,1,79,80,180.851,180.971
par40,S,465,1,74,83,181.108,181.182
par40,S,466,1,72,81,181.34,181.448
par40,S,467,1,76,77,181.597,181.672
par40,S,468,1,77,70,181.862,181.948
par40,S,469,1,79,53,182.159,182.462
par40,S,470,1,74,74,182.604,182.685
par40,S,471,1,72,83,182.881,182.989
par40,S,472,1,77,66,184.223,184.353
par40,S,473,1,76,73,184.747,184.837
par40,S,474,1,74,70,185.027,185.122
par40,S,475,1,72,77,185.29,185.398
par40,S,476,1,77,66,186.022,186.151
par40,S,477,1,79,74,186.264,186.403
par40,S,478,1,76,70,186.594,186.702
par40,S,479,1,74,65,186.847,186.939
par40,S,480,1,72,75,187.113,187.21
par40,S,481,1,77,77,187.359,187.467
par40,S,482,1,79,80,187.608,187.746
par40,S,483,1,76,70,187.919,188.014
par40,S,484,1,74,73,188.177,188.282
par40,S,485,1,72,73,188.435,188.547
par40,S,486,1,77,78,188.682,188.791
par40,S,487,1,79,74,188.93,189.052
par40,S,488,1,77,51,189.22,189.33
par40,S,489,1,76,58,189.631,189.746
par40,S,490,1,74,70,189.916,190.02
par40,S,491,1,72,72,190.174,190.309
par40,S,492,1,77,72,190.451,190.578
par40,S,493,1,79,73,190.723,190.85
par40,S,494,1,76,72,191.037,191.138
par40,S,495,1,74,70,191.31,191.419
par40,S,496,1,72,68,191.585,191.699
par40,S,497,1,77,66,191.872,191.973
par40,S,498,1,79,72,192.194,192.323
par40,S,499,1,77,72,192.499,192.611
par40,S,500,1,79,55,192.764,192.882
par40,S,501,1,76,72,193.061,193.191
par40,S,502,1,74,56,193.357,193.571
par40,S,503,1,72,80,193.626,193.754
par40,S,504,1,77,72,193.884,193.997
par40,S,505,1,79,75,194.128,194.269
